filepath,class_name,label,split
/kaggle/input/datasets/shreyastiwari31/asdid-484/asdid_484/bacterial_blight/bacterial_blight_431.jpg,bacterial_blight,0,train
/kaggle/input/datasets/shreyastiwari31/asdid-484/asdid_484/bacterial_blight/bacterial_blight_24.jpg,bacterial_blight,0,train
/kaggle/input/datasets/shreyastiwari31/asdid-484/asdid_484/bacterial_blight/bacterial_blight_136.jpg,bacterial_blight,0,train
/kaggle/input/datasets/shreyastiwari31/asdid-484/asdid_484/bacterial_blight/bacterial_blight_14.jpg,bacterial_blight,0,train
/kaggle/input/datasets/shreyastiwari31/asdid-484/asdid_484/bacterial_blight/bacterial_blight_304.jpg,bacterial_blight,0,train
/kaggle/input/datasets/shreyastiwari31/asdid-484/asdid_484/bacterial_blight/bacterial_blight_184.jpg,bacterial_blight,0,train
/kaggle/input/datasets/shreyastiwari31/asdid-484/asdid_484/bacterial_blight/bacterial_blight_276.jpg,bacterial_blight,0,train
/kaggle/input/datasets/shreyastiwari31/asdid-484/asdid_484/bacterial_blight/bacterial_blight_252.jpg,bacterial_blight,0,train
/kaggle/input/datasets/shreyastiwari31/asdid-484/asdid_484/bacterial_blight/bacterial_blight_272.jpg,bacterial_blight,0,train
/kaggle/input/datasets/shreyastiwari31/asdid-484/asdid_484/bacterial_blight/bacterial_blight_215.jpg,bacterial_blight,0,train
/kaggle/input/datasets/shreyastiwari31/asdid-484/asdid_484/bacterial_blight/bacterial_blight_102.jpg,bacterial_blight,0,train
/kaggle/input/datasets/shreyastiwari31/asdid-484/asdid_484/bacterial_blight/bacterial_blight_309.jpg,bacterial_blight,0,train
/kaggle/input/datasets/shreyastiwari31/asdid-484/asdid_484/bacterial_blight/bacterial_blight_30.jpg,bacterial_blight,0,train
/kaggle/input/datasets/shreyastiwari31/asdid-484/asdid_484/bacterial_blight/bacterial_blight_226.jpg,bacterial_blight,0,train
/kaggle/input/datasets/shreyastiwari31/asdid-484/asdid_484/bacterial_blight/bacterial_blight_80.jpg,bacterial_blight,0,train
/kaggle/input/datasets/shreyastiwari31/asdid-484/asdid_484/bacterial_blight/bacterial_blight_238.jpg,bacterial_blight,0,train
/kaggle/input/datasets/shreyastiwari31/asdid-484/asdid_484/bacterial_blight/bacterial_blight_444.jpg,bacterial_blight,0,train
/kaggle/input/datasets/shreyastiwari31/asdid-484/asdid_484/bacterial_blight/bacterial_blight_313.jpg,bacterial_blight,0,train
/kaggle/input/datasets/shreyastiwari31/asdid-484/asdid_484/bacterial_blight/bacterial_blight_265.jpg,bacterial_blight,0,train
/kaggle/input/datasets/shreyastiwari31/asdid-484/asdid_484/bacterial_blight/bacterial_blight_270.jpg,bacterial_blight,0,train
/kaggle/input/datasets/shreyastiwari31/asdid-484/asdid_484/bacterial_blight/bacterial_blight_385.jpg,bacterial_blight,0,train
/kaggle/input/datasets/shreyastiwari31/asdid-484/asdid_484/bacterial_blight/bacterial_blight_286.jpg,bacterial_blight,0,train
/kaggle/input/datasets/shreyastiwari31/asdid-484/asdid_484/bacterial_blight/bacterial_blight_105.jpg,bacterial_blight,0,train
/kaggle/input/datasets/shreyastiwari31/asdid-484/asdid_484/bacterial_blight/bacterial_blight_23.jpg,bacterial_blight,0,train
/kaggle/input/datasets/shreyastiwari31/asdid-484/asdid_484/bacterial_blight/bacterial_blight_118.jpg,bacterial_blight,0,train
/kaggle/input/datasets/shreyastiwari31/asdid-484/asdid_484/bacterial_blight/bacterial_blight_144.jpg,bacterial_blight,0,train
/kaggle/input/datasets/shreyastiwari31/asdid-484/asdid_484/bacterial_blight/bacterial_blight_186.jpg,bacterial_blight,0,train
/kaggle/input/datasets/shreyastiwari31/asdid-484/asdid_484/bacterial_blight/bacterial_blight_91.jpg,bacterial_blight,0,train
/kaggle/input/datasets/shreyastiwari31/asdid-484/asdid_484/bacterial_blight/bacterial_blight_320.jpg,bacterial_blight,0,train
/kaggle/input/datasets/shreyastiwari31/asdid-484/asdid_484/bacterial_blight/bacterial_blight_36.jpg,bacterial_blight,0,train
/kaggle/input/datasets/shreyastiwari31/asdid-484/asdid_484/bacterial_blight/bacterial_blight_280.jpg,bacterial_blight,0,train
/kaggle/input/datasets/shreyastiwari31/asdid-484/asdid_484/bacterial_blight/bacterial_blight_152.jpg,bacterial_blight,0,train
/kaggle/input/datasets/shreyastiwari31/asdid-484/asdid_484/bacterial_blight/bacterial_blight_352.jpg,bacterial_blight,0,train
/kaggle/input/datasets/shreyastiwari31/asdid-484/asdid_484/bacterial_blight/bacterial_blight_260.jpg,bacterial_blight,0,train
/kaggle/input/datasets/shreyastiwari31/asdid-484/asdid_484/bacterial_blight/bacterial_blight_323.jpg,bacterial_blight,0,train
/kaggle/input/datasets/shreyastiwari31/asdid-484/asdid_484/bacterial_blight/bacterial_blight_228.jpg,bacterial_blight,0,train
/kaggle/input/datasets/shreyastiwari31/asdid-484/asdid_484/bacterial_blight/bacterial_blight_418.jpg,bacterial_blight,0,train
/kaggle/input/datasets/shreyastiwari31/asdid-484/asdid_484/bacterial_blight/bacterial_blight_460.jpg,bacterial_blight,0,train
/kaggle/input/datasets/shreyastiwari31/asdid-484/asdid_484/bacterial_blight/bacterial_blight_263.jpg,bacterial_blight,0,train
/kaggle/input/datasets/shreyastiwari31/asdid-484/asdid_484/bacterial_blight/bacterial_blight_428.jpg,bacterial_blight,0,train
/kaggle/input/datasets/shreyastiwari31/asdid-484/asdid_484/bacterial_blight/bacterial_blight_441.jpg,bacterial_blight,0,train
/kaggle/input/datasets/shreyastiwari31/asdid-484/asdid_484/bacterial_blight/bacterial_blight_29.jpg,bacterial_blight,0,train
/kaggle/input/datasets/shreyastiwari31/asdid-484/asdid_484/bacterial_blight/bacterial_blight_245.jpg,bacterial_blight,0,train
/kaggle/input/datasets/shreyastiwari31/asdid-484/asdid_484/bacterial_blight/bacterial_blight_78.jpg,bacterial_blight,0,train
/kaggle/input/datasets/shreyastiwari31/asdid-484/asdid_484/bacterial_blight/bacterial_blight_481.jpg,bacterial_blight,0,train
/kaggle/input/datasets/shreyastiwari31/asdid-484/asdid_484/bacterial_blight/bacterial_blight_303.jpg,bacterial_blight,0,train
/kaggle/input/datasets/shreyastiwari31/asdid-484/asdid_484/bacterial_blight/bacterial_blight_246.jpg,bacterial_blight,0,train
/kaggle/input/datasets/shreyastiwari31/asdid-484/asdid_484/bacterial_blight/bacterial_blight_18.jpg,bacterial_blight,0,train
/kaggle/input/datasets/shreyastiwari31/asdid-484/asdid_484/bacterial_blight/bacterial_blight_239.jpg,bacterial_blight,0,train
/kaggle/input/datasets/shreyastiwari31/asdid-484/asdid_484/bacterial_blight/bacterial_blight_289.jpg,bacterial_blight,0,train
/kaggle/input/datasets/shreyastiwari31/asdid-484/asdid_484/bacterial_blight/bacterial_blight_207.jpg,bacterial_blight,0,train
/kaggle/input/datasets/shreyastiwari31/asdid-484/asdid_484/bacterial_blight/bacterial_blight_339.jpg,bacterial_blight,0,train
/kaggle/input/datasets/shreyastiwari31/asdid-484/asdid_484/bacterial_blight/bacterial_blight_166.jpg,bacterial_blight,0,train
/kaggle/input/datasets/shreyastiwari31/asdid-484/asdid_484/bacterial_blight/bacterial_blight_132.jpg,bacterial_blight,0,train
/kaggle/input/datasets/shreyastiwari31/asdid-484/asdid_484/bacterial_blight/bacterial_blight_454.jpg,bacterial_blight,0,train
/kaggle/input/datasets/shreyastiwari31/asdid-484/asdid_484/bacterial_blight/bacterial_blight_147.jpg,bacterial_blight,0,train
/kaggle/input/datasets/shreyastiwari31/asdid-484/asdid_484/bacterial_blight/bacterial_blight_213.jpg,bacterial_blight,0,train
/kaggle/input/datasets/shreyastiwari31/asdid-484/asdid_484/bacterial_blight/bacterial_blight_179.jpg,bacterial_blight,0,train
/kaggle/input/datasets/shreyastiwari31/asdid-484/asdid_484/bacterial_blight/bacterial_blight_229.jpg,bacterial_blight,0,train
/kaggle/input/datasets/shreyastiwari31/asdid-484/asdid_484/bacterial_blight/bacterial_blight_363.jpg,bacterial_blight,0,train
/kaggle/input/datasets/shreyastiwari31/asdid-484/asdid_484/bacterial_blight/bacterial_blight_257.jpg,bacterial_blight,0,train
/kaggle/input/datasets/shreyastiwari31/asdid-484/asdid_484/bacterial_blight/bacterial_blight_437.jpg,bacterial_blight,0,train
/kaggle/input/datasets/shreyastiwari31/asdid-484/asdid_484/bacterial_blight/bacterial_blight_312.jpg,bacterial_blight,0,train
/kaggle/input/datasets/shreyastiwari31/asdid-484/asdid_484/bacterial_blight/bacterial_blight_361.jpg,bacterial_blight,0,train
/kaggle/input/datasets/shreyastiwari31/asdid-484/asdid_484/bacterial_blight/bacterial_blight_182.jpg,bacterial_blight,0,train
/kaggle/input/datasets/shreyastiwari31/asdid-484/asdid_484/bacterial_blight/bacterial_blight_19.jpg,bacterial_blight,0,train
/kaggle/input/datasets/shreyastiwari31/asdid-484/asdid_484/bacterial_blight/bacterial_blight_295.jpg,bacterial_blight,0,train
/kaggle/input/datasets/shreyastiwari31/asdid-484/asdid_484/bacterial_blight/bacterial_blight_336.jpg,bacterial_blight,0,train
/kaggle/input/datasets/shreyastiwari31/asdid-484/asdid_484/bacterial_blight/bacterial_blight_198.jpg,bacterial_blight,0,train
/kaggle/input/datasets/shreyastiwari31/asdid-484/asdid_484/bacterial_blight/bacterial_blight_37.jpg,bacterial_blight,0,train
/kaggle/input/datasets/shreyastiwari31/asdid-484/asdid_484/bacterial_blight/bacterial_blight_393.jpg,bacterial_blight,0,train
/kaggle/input/datasets/shreyastiwari31/asdid-484/asdid_484/bacterial_blight/bacterial_blight_261.jpg,bacterial_blight,0,train
/kaggle/input/datasets/shreyastiwari31/asdid-484/asdid_484/bacterial_blight/bacterial_blight_26.jpg,bacterial_blight,0,train
/kaggle/input/datasets/shreyastiwari31/asdid-484/asdid_484/bacterial_blight/bacterial_blight_4.jpg,bacterial_blight,0,train
/kaggle/input/datasets/shreyastiwari31/asdid-484/asdid_484/bacterial_blight/bacterial_blight_282.jpg,bacterial_blight,0,train
/kaggle/input/datasets/shreyastiwari31/asdid-484/asdid_484/bacterial_blight/bacterial_blight_5.jpg,bacterial_blight,0,train
/kaggle/input/datasets/shreyastiwari31/asdid-484/asdid_484/bacterial_blight/bacterial_blight_109.jpg,bacterial_blight,0,train
/kaggle/input/datasets/shreyastiwari31/asdid-484/asdid_484/bacterial_blight/bacterial_blight_104.jpg,bacterial_blight,0,train
/kaggle/input/datasets/shreyastiwari31/asdid-484/asdid_484/bacterial_blight/bacterial_blight_341.jpg,bacterial_blight,0,train
/kaggle/input/datasets/shreyastiwari31/asdid-484/asdid_484/bacterial_blight/bacterial_blight_48.jpg,bacterial_blight,0,train
/kaggle/input/datasets/shreyastiwari31/asdid-484/asdid_484/bacterial_blight/bacterial_blight_382.jpg,bacterial_blight,0,train
/kaggle/input/datasets/shreyastiwari31/asdid-484/asdid_484/bacterial_blight/bacterial_blight_183.jpg,bacterial_blight,0,train
/kaggle/input/datasets/shreyastiwari31/asdid-484/asdid_484/bacterial_blight/bacterial_blight_73.jpg,bacterial_blight,0,train
/kaggle/input/datasets/shreyastiwari31/asdid-484/asdid_484/bacterial_blight/bacterial_blight_259.jpg,bacterial_blight,0,train
/kaggle/input/datasets/shreyastiwari31/asdid-484/asdid_484/bacterial_blight/bacterial_blight_357.jpg,bacterial_blight,0,train
/kaggle/input/datasets/shreyastiwari31/asdid-484/asdid_484/bacterial_blight/bacterial_blight_122.jpg,bacterial_blight,0,train
/kaggle/input/datasets/shreyastiwari31/asdid-484/asdid_484/bacterial_blight/bacterial_blight_169.jpg,bacterial_blight,0,train
/kaggle/input/datasets/shreyastiwari31/asdid-484/asdid_484/bacterial_blight/bacterial_blight_302.jpg,bacterial_blight,0,train
/kaggle/input/datasets/shreyastiwari31/asdid-484/asdid_484/bacterial_blight/bacterial_blight_60.jpg,bacterial_blight,0,train
/kaggle/input/datasets/shreyastiwari31/asdid-484/asdid_484/bacterial_blight/bacterial_blight_395.jpg,bacterial_blight,0,train
/kaggle/input/datasets/shreyastiwari31/asdid-484/asdid_484/bacterial_blight/bacterial_blight_47.jpg,bacterial_blight,0,train
/kaggle/input/datasets/shreyastiwari31/asdid-484/asdid_484/bacterial_blight/bacterial_blight_185.jpg,bacterial_blight,0,train
/kaggle/input/datasets/shreyastiwari31/asdid-484/asdid_484/bacterial_blight/bacterial_blight_237.jpg,bacterial_blight,0,train
/kaggle/input/datasets/shreyastiwari31/asdid-484/asdid_484/bacterial_blight/bacterial_blight_279.jpg,bacterial_blight,0,train
/kaggle/input/datasets/shreyastiwari31/asdid-484/asdid_484/bacterial_blight/bacterial_blight_247.jpg,bacterial_blight,0,train
/kaggle/input/datasets/shreyastiwari31/asdid-484/asdid_484/bacterial_blight/bacterial_blight_41.jpg,bacterial_blight,0,train
/kaggle/input/datasets/shreyastiwari31/asdid-484/asdid_484/bacterial_blight/bacterial_blight_325.jpg,bacterial_blight,0,train
/kaggle/input/datasets/shreyastiwari31/asdid-484/asdid_484/bacterial_blight/bacterial_blight_290.jpg,bacterial_blight,0,train
/kaggle/input/datasets/shreyastiwari31/asdid-484/asdid_484/bacterial_blight/bacterial_blight_405.jpg,bacterial_blight,0,train
/kaggle/input/datasets/shreyastiwari31/asdid-484/asdid_484/bacterial_blight/bacterial_blight_176.jpg,bacterial_blight,0,train
/kaggle/input/datasets/shreyastiwari31/asdid-484/asdid_484/bacterial_blight/bacterial_blight_446.jpg,bacterial_blight,0,train
/kaggle/input/datasets/shreyastiwari31/asdid-484/asdid_484/bacterial_blight/bacterial_blight_379.jpg,bacterial_blight,0,train
/kaggle/input/datasets/shreyastiwari31/asdid-484/asdid_484/bacterial_blight/bacterial_blight_89.jpg,bacterial_blight,0,train
/kaggle/input/datasets/shreyastiwari31/asdid-484/asdid_484/bacterial_blight/bacterial_blight_85.jpg,bacterial_blight,0,train
/kaggle/input/datasets/shreyastiwari31/asdid-484/asdid_484/bacterial_blight/bacterial_blight_133.jpg,bacterial_blight,0,train
/kaggle/input/datasets/shreyastiwari31/asdid-484/asdid_484/bacterial_blight/bacterial_blight_315.jpg,bacterial_blight,0,train
/kaggle/input/datasets/shreyastiwari31/asdid-484/asdid_484/bacterial_blight/bacterial_blight_161.jpg,bacterial_blight,0,train
/kaggle/input/datasets/shreyastiwari31/asdid-484/asdid_484/bacterial_blight/bacterial_blight_195.jpg,bacterial_blight,0,train
/kaggle/input/datasets/shreyastiwari31/asdid-484/asdid_484/bacterial_blight/bacterial_blight_421.jpg,bacterial_blight,0,train
/kaggle/input/datasets/shreyastiwari31/asdid-484/asdid_484/bacterial_blight/bacterial_blight_296.jpg,bacterial_blight,0,train
/kaggle/input/datasets/shreyastiwari31/asdid-484/asdid_484/bacterial_blight/bacterial_blight_79.jpg,bacterial_blight,0,train
/kaggle/input/datasets/shreyastiwari31/asdid-484/asdid_484/bacterial_blight/bacterial_blight_383.jpg,bacterial_blight,0,train
/kaggle/input/datasets/shreyastiwari31/asdid-484/asdid_484/bacterial_blight/bacterial_blight_127.jpg,bacterial_blight,0,train
/kaggle/input/datasets/shreyastiwari31/asdid-484/asdid_484/bacterial_blight/bacterial_blight_338.jpg,bacterial_blight,0,train
/kaggle/input/datasets/shreyastiwari31/asdid-484/asdid_484/bacterial_blight/bacterial_blight_327.jpg,bacterial_blight,0,train
/kaggle/input/datasets/shreyastiwari31/asdid-484/asdid_484/bacterial_blight/bacterial_blight_404.jpg,bacterial_blight,0,train
/kaggle/input/datasets/shreyastiwari31/asdid-484/asdid_484/bacterial_blight/bacterial_blight_86.jpg,bacterial_blight,0,train
/kaggle/input/datasets/shreyastiwari31/asdid-484/asdid_484/bacterial_blight/bacterial_blight_43.jpg,bacterial_blight,0,train
/kaggle/input/datasets/shreyastiwari31/asdid-484/asdid_484/bacterial_blight/bacterial_blight_218.jpg,bacterial_blight,0,train
/kaggle/input/datasets/shreyastiwari31/asdid-484/asdid_484/bacterial_blight/bacterial_blight_475.jpg,bacterial_blight,0,train
/kaggle/input/datasets/shreyastiwari31/asdid-484/asdid_484/bacterial_blight/bacterial_blight_288.jpg,bacterial_blight,0,train
/kaggle/input/datasets/shreyastiwari31/asdid-484/asdid_484/bacterial_blight/bacterial_blight_160.jpg,bacterial_blight,0,train
/kaggle/input/datasets/shreyastiwari31/asdid-484/asdid_484/bacterial_blight/bacterial_blight_364.jpg,bacterial_blight,0,train
/kaggle/input/datasets/shreyastiwari31/asdid-484/asdid_484/bacterial_blight/bacterial_blight_443.jpg,bacterial_blight,0,train
/kaggle/input/datasets/shreyastiwari31/asdid-484/asdid_484/bacterial_blight/bacterial_blight_164.jpg,bacterial_blight,0,train
/kaggle/input/datasets/shreyastiwari31/asdid-484/asdid_484/bacterial_blight/bacterial_blight_57.jpg,bacterial_blight,0,train
/kaggle/input/datasets/shreyastiwari31/asdid-484/asdid_484/bacterial_blight/bacterial_blight_388.jpg,bacterial_blight,0,train
/kaggle/input/datasets/shreyastiwari31/asdid-484/asdid_484/bacterial_blight/bacterial_blight_100.jpg,bacterial_blight,0,train
/kaggle/input/datasets/shreyastiwari31/asdid-484/asdid_484/bacterial_blight/bacterial_blight_62.jpg,bacterial_blight,0,train
/kaggle/input/datasets/shreyastiwari31/asdid-484/asdid_484/bacterial_blight/bacterial_blight_386.jpg,bacterial_blight,0,train
/kaggle/input/datasets/shreyastiwari31/asdid-484/asdid_484/bacterial_blight/bacterial_blight_484.jpg,bacterial_blight,0,train
/kaggle/input/datasets/shreyastiwari31/asdid-484/asdid_484/bacterial_blight/bacterial_blight_168.jpg,bacterial_blight,0,train
/kaggle/input/datasets/shreyastiwari31/asdid-484/asdid_484/bacterial_blight/bacterial_blight_317.jpg,bacterial_blight,0,train
/kaggle/input/datasets/shreyastiwari31/asdid-484/asdid_484/bacterial_blight/bacterial_blight_372.jpg,bacterial_blight,0,train
/kaggle/input/datasets/shreyastiwari31/asdid-484/asdid_484/bacterial_blight/bacterial_blight_49.jpg,bacterial_blight,0,train
/kaggle/input/datasets/shreyastiwari31/asdid-484/asdid_484/bacterial_blight/bacterial_blight_34.jpg,bacterial_blight,0,train
/kaggle/input/datasets/shreyastiwari31/asdid-484/asdid_484/bacterial_blight/bacterial_blight_224.jpg,bacterial_blight,0,train
/kaggle/input/datasets/shreyastiwari31/asdid-484/asdid_484/bacterial_blight/bacterial_blight_53.jpg,bacterial_blight,0,train
/kaggle/input/datasets/shreyastiwari31/asdid-484/asdid_484/bacterial_blight/bacterial_blight_159.jpg,bacterial_blight,0,train
/kaggle/input/datasets/shreyastiwari31/asdid-484/asdid_484/bacterial_blight/bacterial_blight_469.jpg,bacterial_blight,0,train
/kaggle/input/datasets/shreyastiwari31/asdid-484/asdid_484/bacterial_blight/bacterial_blight_219.jpg,bacterial_blight,0,train
/kaggle/input/datasets/shreyastiwari31/asdid-484/asdid_484/bacterial_blight/bacterial_blight_452.jpg,bacterial_blight,0,train
/kaggle/input/datasets/shreyastiwari31/asdid-484/asdid_484/bacterial_blight/bacterial_blight_235.jpg,bacterial_blight,0,train
/kaggle/input/datasets/shreyastiwari31/asdid-484/asdid_484/bacterial_blight/bacterial_blight_335.jpg,bacterial_blight,0,train
/kaggle/input/datasets/shreyastiwari31/asdid-484/asdid_484/bacterial_blight/bacterial_blight_278.jpg,bacterial_blight,0,train
/kaggle/input/datasets/shreyastiwari31/asdid-484/asdid_484/bacterial_blight/bacterial_blight_330.jpg,bacterial_blight,0,train
/kaggle/input/datasets/shreyastiwari31/asdid-484/asdid_484/bacterial_blight/bacterial_blight_291.jpg,bacterial_blight,0,train
/kaggle/input/datasets/shreyastiwari31/asdid-484/asdid_484/bacterial_blight/bacterial_blight_269.jpg,bacterial_blight,0,train
/kaggle/input/datasets/shreyastiwari31/asdid-484/asdid_484/bacterial_blight/bacterial_blight_241.jpg,bacterial_blight,0,train
/kaggle/input/datasets/shreyastiwari31/asdid-484/asdid_484/bacterial_blight/bacterial_blight_114.jpg,bacterial_blight,0,train
/kaggle/input/datasets/shreyastiwari31/asdid-484/asdid_484/bacterial_blight/bacterial_blight_52.jpg,bacterial_blight,0,train
/kaggle/input/datasets/shreyastiwari31/asdid-484/asdid_484/bacterial_blight/bacterial_blight_117.jpg,bacterial_blight,0,train
/kaggle/input/datasets/shreyastiwari31/asdid-484/asdid_484/bacterial_blight/bacterial_blight_216.jpg,bacterial_blight,0,train
/kaggle/input/datasets/shreyastiwari31/asdid-484/asdid_484/bacterial_blight/bacterial_blight_243.jpg,bacterial_blight,0,train
/kaggle/input/datasets/shreyastiwari31/asdid-484/asdid_484/bacterial_blight/bacterial_blight_63.jpg,bacterial_blight,0,train
/kaggle/input/datasets/shreyastiwari31/asdid-484/asdid_484/bacterial_blight/bacterial_blight_35.jpg,bacterial_blight,0,train
/kaggle/input/datasets/shreyastiwari31/asdid-484/asdid_484/bacterial_blight/bacterial_blight_390.jpg,bacterial_blight,0,train
/kaggle/input/datasets/shreyastiwari31/asdid-484/asdid_484/bacterial_blight/bacterial_blight_424.jpg,bacterial_blight,0,train
/kaggle/input/datasets/shreyastiwari31/asdid-484/asdid_484/bacterial_blight/bacterial_blight_233.jpg,bacterial_blight,0,train
/kaggle/input/datasets/shreyastiwari31/asdid-484/asdid_484/bacterial_blight/bacterial_blight_477.jpg,bacterial_blight,0,train
/kaggle/input/datasets/shreyastiwari31/asdid-484/asdid_484/bacterial_blight/bacterial_blight_9.jpg,bacterial_blight,0,train
/kaggle/input/datasets/shreyastiwari31/asdid-484/asdid_484/bacterial_blight/bacterial_blight_381.jpg,bacterial_blight,0,train
/kaggle/input/datasets/shreyastiwari31/asdid-484/asdid_484/bacterial_blight/bacterial_blight_453.jpg,bacterial_blight,0,train
/kaggle/input/datasets/shreyastiwari31/asdid-484/asdid_484/bacterial_blight/bacterial_blight_409.jpg,bacterial_blight,0,train
/kaggle/input/datasets/shreyastiwari31/asdid-484/asdid_484/bacterial_blight/bacterial_blight_463.jpg,bacterial_blight,0,train
/kaggle/input/datasets/shreyastiwari31/asdid-484/asdid_484/bacterial_blight/bacterial_blight_111.jpg,bacterial_blight,0,train
/kaggle/input/datasets/shreyastiwari31/asdid-484/asdid_484/bacterial_blight/bacterial_blight_149.jpg,bacterial_blight,0,train
/kaggle/input/datasets/shreyastiwari31/asdid-484/asdid_484/bacterial_blight/bacterial_blight_167.jpg,bacterial_blight,0,train
/kaggle/input/datasets/shreyastiwari31/asdid-484/asdid_484/bacterial_blight/bacterial_blight_380.jpg,bacterial_blight,0,train
/kaggle/input/datasets/shreyastiwari31/asdid-484/asdid_484/bacterial_blight/bacterial_blight_134.jpg,bacterial_blight,0,train
/kaggle/input/datasets/shreyastiwari31/asdid-484/asdid_484/bacterial_blight/bacterial_blight_316.jpg,bacterial_blight,0,train
/kaggle/input/datasets/shreyastiwari31/asdid-484/asdid_484/bacterial_blight/bacterial_blight_251.jpg,bacterial_blight,0,train
/kaggle/input/datasets/shreyastiwari31/asdid-484/asdid_484/bacterial_blight/bacterial_blight_459.jpg,bacterial_blight,0,train
/kaggle/input/datasets/shreyastiwari31/asdid-484/asdid_484/bacterial_blight/bacterial_blight_42.jpg,bacterial_blight,0,train
/kaggle/input/datasets/shreyastiwari31/asdid-484/asdid_484/bacterial_blight/bacterial_blight_417.jpg,bacterial_blight,0,train
/kaggle/input/datasets/shreyastiwari31/asdid-484/asdid_484/bacterial_blight/bacterial_blight_465.jpg,bacterial_blight,0,train
/kaggle/input/datasets/shreyastiwari31/asdid-484/asdid_484/bacterial_blight/bacterial_blight_16.jpg,bacterial_blight,0,train
/kaggle/input/datasets/shreyastiwari31/asdid-484/asdid_484/bacterial_blight/bacterial_blight_189.jpg,bacterial_blight,0,train
/kaggle/input/datasets/shreyastiwari31/asdid-484/asdid_484/bacterial_blight/bacterial_blight_367.jpg,bacterial_blight,0,train
/kaggle/input/datasets/shreyastiwari31/asdid-484/asdid_484/bacterial_blight/bacterial_blight_187.jpg,bacterial_blight,0,train
/kaggle/input/datasets/shreyastiwari31/asdid-484/asdid_484/bacterial_blight/bacterial_blight_268.jpg,bacterial_blight,0,train
/kaggle/input/datasets/shreyastiwari31/asdid-484/asdid_484/bacterial_blight/bacterial_blight_70.jpg,bacterial_blight,0,train
/kaggle/input/datasets/shreyastiwari31/asdid-484/asdid_484/bacterial_blight/bacterial_blight_387.jpg,bacterial_blight,0,train
/kaggle/input/datasets/shreyastiwari31/asdid-484/asdid_484/bacterial_blight/bacterial_blight_319.jpg,bacterial_blight,0,train
/kaggle/input/datasets/shreyastiwari31/asdid-484/asdid_484/bacterial_blight/bacterial_blight_359.jpg,bacterial_blight,0,train
/kaggle/input/datasets/shreyastiwari31/asdid-484/asdid_484/bacterial_blight/bacterial_blight_32.jpg,bacterial_blight,0,train
/kaggle/input/datasets/shreyastiwari31/asdid-484/asdid_484/bacterial_blight/bacterial_blight_328.jpg,bacterial_blight,0,train
/kaggle/input/datasets/shreyastiwari31/asdid-484/asdid_484/bacterial_blight/bacterial_blight_137.jpg,bacterial_blight,0,train
/kaggle/input/datasets/shreyastiwari31/asdid-484/asdid_484/bacterial_blight/bacterial_blight_442.jpg,bacterial_blight,0,train
/kaggle/input/datasets/shreyastiwari31/asdid-484/asdid_484/bacterial_blight/bacterial_blight_467.jpg,bacterial_blight,0,train
/kaggle/input/datasets/shreyastiwari31/asdid-484/asdid_484/bacterial_blight/bacterial_blight_373.jpg,bacterial_blight,0,train
/kaggle/input/datasets/shreyastiwari31/asdid-484/asdid_484/bacterial_blight/bacterial_blight_351.jpg,bacterial_blight,0,train
/kaggle/input/datasets/shreyastiwari31/asdid-484/asdid_484/bacterial_blight/bacterial_blight_432.jpg,bacterial_blight,0,train
/kaggle/input/datasets/shreyastiwari31/asdid-484/asdid_484/bacterial_blight/bacterial_blight_97.jpg,bacterial_blight,0,train
/kaggle/input/datasets/shreyastiwari31/asdid-484/asdid_484/bacterial_blight/bacterial_blight_293.jpg,bacterial_blight,0,train
/kaggle/input/datasets/shreyastiwari31/asdid-484/asdid_484/bacterial_blight/bacterial_blight_95.jpg,bacterial_blight,0,train
/kaggle/input/datasets/shreyastiwari31/asdid-484/asdid_484/bacterial_blight/bacterial_blight_200.jpg,bacterial_blight,0,train
/kaggle/input/datasets/shreyastiwari31/asdid-484/asdid_484/bacterial_blight/bacterial_blight_116.jpg,bacterial_blight,0,train
/kaggle/input/datasets/shreyastiwari31/asdid-484/asdid_484/bacterial_blight/bacterial_blight_287.jpg,bacterial_blight,0,train
/kaggle/input/datasets/shreyastiwari31/asdid-484/asdid_484/bacterial_blight/bacterial_blight_205.jpg,bacterial_blight,0,train
/kaggle/input/datasets/shreyastiwari31/asdid-484/asdid_484/bacterial_blight/bacterial_blight_321.jpg,bacterial_blight,0,train
/kaggle/input/datasets/shreyastiwari31/asdid-484/asdid_484/bacterial_blight/bacterial_blight_402.jpg,bacterial_blight,0,train
/kaggle/input/datasets/shreyastiwari31/asdid-484/asdid_484/bacterial_blight/bacterial_blight_349.jpg,bacterial_blight,0,train
/kaggle/input/datasets/shreyastiwari31/asdid-484/asdid_484/bacterial_blight/bacterial_blight_355.jpg,bacterial_blight,0,train
/kaggle/input/datasets/shreyastiwari31/asdid-484/asdid_484/bacterial_blight/bacterial_blight_93.jpg,bacterial_blight,0,train
/kaggle/input/datasets/shreyastiwari31/asdid-484/asdid_484/bacterial_blight/bacterial_blight_427.jpg,bacterial_blight,0,train
/kaggle/input/datasets/shreyastiwari31/asdid-484/asdid_484/bacterial_blight/bacterial_blight_306.jpg,bacterial_blight,0,train
/kaggle/input/datasets/shreyastiwari31/asdid-484/asdid_484/bacterial_blight/bacterial_blight_50.jpg,bacterial_blight,0,train
/kaggle/input/datasets/shreyastiwari31/asdid-484/asdid_484/bacterial_blight/bacterial_blight_478.jpg,bacterial_blight,0,train
/kaggle/input/datasets/shreyastiwari31/asdid-484/asdid_484/bacterial_blight/bacterial_blight_123.jpg,bacterial_blight,0,train
/kaggle/input/datasets/shreyastiwari31/asdid-484/asdid_484/bacterial_blight/bacterial_blight_39.jpg,bacterial_blight,0,train
/kaggle/input/datasets/shreyastiwari31/asdid-484/asdid_484/bacterial_blight/bacterial_blight_177.jpg,bacterial_blight,0,train
/kaggle/input/datasets/shreyastiwari31/asdid-484/asdid_484/bacterial_blight/bacterial_blight_466.jpg,bacterial_blight,0,train
/kaggle/input/datasets/shreyastiwari31/asdid-484/asdid_484/bacterial_blight/bacterial_blight_192.jpg,bacterial_blight,0,train
/kaggle/input/datasets/shreyastiwari31/asdid-484/asdid_484/bacterial_blight/bacterial_blight_82.jpg,bacterial_blight,0,train
/kaggle/input/datasets/shreyastiwari31/asdid-484/asdid_484/bacterial_blight/bacterial_blight_121.jpg,bacterial_blight,0,train
/kaggle/input/datasets/shreyastiwari31/asdid-484/asdid_484/bacterial_blight/bacterial_blight_366.jpg,bacterial_blight,0,train
/kaggle/input/datasets/shreyastiwari31/asdid-484/asdid_484/bacterial_blight/bacterial_blight_25.jpg,bacterial_blight,0,train
/kaggle/input/datasets/shreyastiwari31/asdid-484/asdid_484/bacterial_blight/bacterial_blight_54.jpg,bacterial_blight,0,train
/kaggle/input/datasets/shreyastiwari31/asdid-484/asdid_484/bacterial_blight/bacterial_blight_77.jpg,bacterial_blight,0,train
/kaggle/input/datasets/shreyastiwari31/asdid-484/asdid_484/bacterial_blight/bacterial_blight_456.jpg,bacterial_blight,0,train
/kaggle/input/datasets/shreyastiwari31/asdid-484/asdid_484/bacterial_blight/bacterial_blight_299.jpg,bacterial_blight,0,train
/kaggle/input/datasets/shreyastiwari31/asdid-484/asdid_484/bacterial_blight/bacterial_blight_461.jpg,bacterial_blight,0,train
/kaggle/input/datasets/shreyastiwari31/asdid-484/asdid_484/bacterial_blight/bacterial_blight_194.jpg,bacterial_blight,0,train
/kaggle/input/datasets/shreyastiwari31/asdid-484/asdid_484/bacterial_blight/bacterial_blight_412.jpg,bacterial_blight,0,train
/kaggle/input/datasets/shreyastiwari31/asdid-484/asdid_484/bacterial_blight/bacterial_blight_180.jpg,bacterial_blight,0,train
/kaggle/input/datasets/shreyastiwari31/asdid-484/asdid_484/bacterial_blight/bacterial_blight_56.jpg,bacterial_blight,0,train
/kaggle/input/datasets/shreyastiwari31/asdid-484/asdid_484/bacterial_blight/bacterial_blight_250.jpg,bacterial_blight,0,train
/kaggle/input/datasets/shreyastiwari31/asdid-484/asdid_484/bacterial_blight/bacterial_blight_69.jpg,bacterial_blight,0,train
/kaggle/input/datasets/shreyastiwari31/asdid-484/asdid_484/bacterial_blight/bacterial_blight_401.jpg,bacterial_blight,0,train
/kaggle/input/datasets/shreyastiwari31/asdid-484/asdid_484/bacterial_blight/bacterial_blight_142.jpg,bacterial_blight,0,train
/kaggle/input/datasets/shreyastiwari31/asdid-484/asdid_484/bacterial_blight/bacterial_blight_193.jpg,bacterial_blight,0,train
/kaggle/input/datasets/shreyastiwari31/asdid-484/asdid_484/bacterial_blight/bacterial_blight_285.jpg,bacterial_blight,0,train
/kaggle/input/datasets/shreyastiwari31/asdid-484/asdid_484/bacterial_blight/bacterial_blight_44.jpg,bacterial_blight,0,train
/kaggle/input/datasets/shreyastiwari31/asdid-484/asdid_484/bacterial_blight/bacterial_blight_28.jpg,bacterial_blight,0,train
/kaggle/input/datasets/shreyastiwari31/asdid-484/asdid_484/bacterial_blight/bacterial_blight_155.jpg,bacterial_blight,0,train
/kaggle/input/datasets/shreyastiwari31/asdid-484/asdid_484/bacterial_blight/bacterial_blight_208.jpg,bacterial_blight,0,train
/kaggle/input/datasets/shreyastiwari31/asdid-484/asdid_484/bacterial_blight/bacterial_blight_231.jpg,bacterial_blight,0,train
/kaggle/input/datasets/shreyastiwari31/asdid-484/asdid_484/bacterial_blight/bacterial_blight_230.jpg,bacterial_blight,0,train
/kaggle/input/datasets/shreyastiwari31/asdid-484/asdid_484/bacterial_blight/bacterial_blight_301.jpg,bacterial_blight,0,train
/kaggle/input/datasets/shreyastiwari31/asdid-484/asdid_484/bacterial_blight/bacterial_blight_445.jpg,bacterial_blight,0,train
/kaggle/input/datasets/shreyastiwari31/asdid-484/asdid_484/bacterial_blight/bacterial_blight_362.jpg,bacterial_blight,0,train
/kaggle/input/datasets/shreyastiwari31/asdid-484/asdid_484/bacterial_blight/bacterial_blight_426.jpg,bacterial_blight,0,train
/kaggle/input/datasets/shreyastiwari31/asdid-484/asdid_484/bacterial_blight/bacterial_blight_438.jpg,bacterial_blight,0,train
/kaggle/input/datasets/shreyastiwari31/asdid-484/asdid_484/bacterial_blight/bacterial_blight_375.jpg,bacterial_blight,0,train
/kaggle/input/datasets/shreyastiwari31/asdid-484/asdid_484/bacterial_blight/bacterial_blight_210.jpg,bacterial_blight,0,train
/kaggle/input/datasets/shreyastiwari31/asdid-484/asdid_484/bacterial_blight/bacterial_blight_253.jpg,bacterial_blight,0,train
/kaggle/input/datasets/shreyastiwari31/asdid-484/asdid_484/bacterial_blight/bacterial_blight_415.jpg,bacterial_blight,0,train
/kaggle/input/datasets/shreyastiwari31/asdid-484/asdid_484/bacterial_blight/bacterial_blight_153.jpg,bacterial_blight,0,train
/kaggle/input/datasets/shreyastiwari31/asdid-484/asdid_484/bacterial_blight/bacterial_blight_217.jpg,bacterial_blight,0,train
/kaggle/input/datasets/shreyastiwari31/asdid-484/asdid_484/bacterial_blight/bacterial_blight_115.jpg,bacterial_blight,0,train
/kaggle/input/datasets/shreyastiwari31/asdid-484/asdid_484/bacterial_blight/bacterial_blight_71.jpg,bacterial_blight,0,train
/kaggle/input/datasets/shreyastiwari31/asdid-484/asdid_484/bacterial_blight/bacterial_blight_298.jpg,bacterial_blight,0,train
/kaggle/input/datasets/shreyastiwari31/asdid-484/asdid_484/bacterial_blight/bacterial_blight_106.jpg,bacterial_blight,0,train
/kaggle/input/datasets/shreyastiwari31/asdid-484/asdid_484/bacterial_blight/bacterial_blight_340.jpg,bacterial_blight,0,train
/kaggle/input/datasets/shreyastiwari31/asdid-484/asdid_484/bacterial_blight/bacterial_blight_13.jpg,bacterial_blight,0,train
/kaggle/input/datasets/shreyastiwari31/asdid-484/asdid_484/bacterial_blight/bacterial_blight_334.jpg,bacterial_blight,0,train
/kaggle/input/datasets/shreyastiwari31/asdid-484/asdid_484/bacterial_blight/bacterial_blight_126.jpg,bacterial_blight,0,train
/kaggle/input/datasets/shreyastiwari31/asdid-484/asdid_484/bacterial_blight/bacterial_blight_447.jpg,bacterial_blight,0,train
/kaggle/input/datasets/shreyastiwari31/asdid-484/asdid_484/bacterial_blight/bacterial_blight_65.jpg,bacterial_blight,0,train
/kaggle/input/datasets/shreyastiwari31/asdid-484/asdid_484/bacterial_blight/bacterial_blight_406.jpg,bacterial_blight,0,train
/kaggle/input/datasets/shreyastiwari31/asdid-484/asdid_484/bacterial_blight/bacterial_blight_430.jpg,bacterial_blight,0,train
/kaggle/input/datasets/shreyastiwari31/asdid-484/asdid_484/bacterial_blight/bacterial_blight_108.jpg,bacterial_blight,0,train
/kaggle/input/datasets/shreyastiwari31/asdid-484/asdid_484/bacterial_blight/bacterial_blight_255.jpg,bacterial_blight,0,train
/kaggle/input/datasets/shreyastiwari31/asdid-484/asdid_484/bacterial_blight/bacterial_blight_419.jpg,bacterial_blight,0,train
/kaggle/input/datasets/shreyastiwari31/asdid-484/asdid_484/bacterial_blight/bacterial_blight_202.jpg,bacterial_blight,0,train
/kaggle/input/datasets/shreyastiwari31/asdid-484/asdid_484/bacterial_blight/bacterial_blight_433.jpg,bacterial_blight,0,train
/kaggle/input/datasets/shreyastiwari31/asdid-484/asdid_484/bacterial_blight/bacterial_blight_154.jpg,bacterial_blight,0,train
/kaggle/input/datasets/shreyastiwari31/asdid-484/asdid_484/bacterial_blight/bacterial_blight_307.jpg,bacterial_blight,0,train
/kaggle/input/datasets/shreyastiwari31/asdid-484/asdid_484/bacterial_blight/bacterial_blight_337.jpg,bacterial_blight,0,train
/kaggle/input/datasets/shreyastiwari31/asdid-484/asdid_484/bacterial_blight/bacterial_blight_300.jpg,bacterial_blight,0,train
/kaggle/input/datasets/shreyastiwari31/asdid-484/asdid_484/bacterial_blight/bacterial_blight_68.jpg,bacterial_blight,0,train
/kaggle/input/datasets/shreyastiwari31/asdid-484/asdid_484/bacterial_blight/bacterial_blight_451.jpg,bacterial_blight,0,train
/kaggle/input/datasets/shreyastiwari31/asdid-484/asdid_484/bacterial_blight/bacterial_blight_242.jpg,bacterial_blight,0,train
/kaggle/input/datasets/shreyastiwari31/asdid-484/asdid_484/bacterial_blight/bacterial_blight_191.jpg,bacterial_blight,0,train
/kaggle/input/datasets/shreyastiwari31/asdid-484/asdid_484/bacterial_blight/bacterial_blight_45.jpg,bacterial_blight,0,train
/kaggle/input/datasets/shreyastiwari31/asdid-484/asdid_484/bacterial_blight/bacterial_blight_448.jpg,bacterial_blight,0,train
/kaggle/input/datasets/shreyastiwari31/asdid-484/asdid_484/bacterial_blight/bacterial_blight_391.jpg,bacterial_blight,0,train
/kaggle/input/datasets/shreyastiwari31/asdid-484/asdid_484/bacterial_blight/bacterial_blight_436.jpg,bacterial_blight,0,train
/kaggle/input/datasets/shreyastiwari31/asdid-484/asdid_484/bacterial_blight/bacterial_blight_175.jpg,bacterial_blight,0,train
/kaggle/input/datasets/shreyastiwari31/asdid-484/asdid_484/bacterial_blight/bacterial_blight_318.jpg,bacterial_blight,0,train
/kaggle/input/datasets/shreyastiwari31/asdid-484/asdid_484/bacterial_blight/bacterial_blight_158.jpg,bacterial_blight,0,train
/kaggle/input/datasets/shreyastiwari31/asdid-484/asdid_484/bacterial_blight/bacterial_blight_157.jpg,bacterial_blight,0,train
/kaggle/input/datasets/shreyastiwari31/asdid-484/asdid_484/bacterial_blight/bacterial_blight_344.jpg,bacterial_blight,0,train
/kaggle/input/datasets/shreyastiwari31/asdid-484/asdid_484/bacterial_blight/bacterial_blight_468.jpg,bacterial_blight,0,train
/kaggle/input/datasets/shreyastiwari31/asdid-484/asdid_484/bacterial_blight/bacterial_blight_322.jpg,bacterial_blight,0,train
/kaggle/input/datasets/shreyastiwari31/asdid-484/asdid_484/bacterial_blight/bacterial_blight_138.jpg,bacterial_blight,0,train
/kaggle/input/datasets/shreyastiwari31/asdid-484/asdid_484/bacterial_blight/bacterial_blight_462.jpg,bacterial_blight,0,train
/kaggle/input/datasets/shreyastiwari31/asdid-484/asdid_484/bacterial_blight/bacterial_blight_21.jpg,bacterial_blight,0,train
/kaggle/input/datasets/shreyastiwari31/asdid-484/asdid_484/bacterial_blight/bacterial_blight_125.jpg,bacterial_blight,0,train
/kaggle/input/datasets/shreyastiwari31/asdid-484/asdid_484/bacterial_blight/bacterial_blight_209.jpg,bacterial_blight,0,train
/kaggle/input/datasets/shreyastiwari31/asdid-484/asdid_484/bacterial_blight/bacterial_blight_240.jpg,bacterial_blight,0,train
/kaggle/input/datasets/shreyastiwari31/asdid-484/asdid_484/bacterial_blight/bacterial_blight_407.jpg,bacterial_blight,0,train
/kaggle/input/datasets/shreyastiwari31/asdid-484/asdid_484/bacterial_blight/bacterial_blight_66.jpg,bacterial_blight,0,train
/kaggle/input/datasets/shreyastiwari31/asdid-484/asdid_484/bacterial_blight/bacterial_blight_107.jpg,bacterial_blight,0,train
/kaggle/input/datasets/shreyastiwari31/asdid-484/asdid_484/bacterial_blight/bacterial_blight_324.jpg,bacterial_blight,0,train
/kaggle/input/datasets/shreyastiwari31/asdid-484/asdid_484/bacterial_blight/bacterial_blight_248.jpg,bacterial_blight,0,train
/kaggle/input/datasets/shreyastiwari31/asdid-484/asdid_484/bacterial_blight/bacterial_blight_1.jpg,bacterial_blight,0,train
/kaggle/input/datasets/shreyastiwari31/asdid-484/asdid_484/bacterial_blight/bacterial_blight_343.jpg,bacterial_blight,0,train
/kaggle/input/datasets/shreyastiwari31/asdid-484/asdid_484/bacterial_blight/bacterial_blight_348.jpg,bacterial_blight,0,train
/kaggle/input/datasets/shreyastiwari31/asdid-484/asdid_484/bacterial_blight/bacterial_blight_173.jpg,bacterial_blight,0,train
/kaggle/input/datasets/shreyastiwari31/asdid-484/asdid_484/bacterial_blight/bacterial_blight_271.jpg,bacterial_blight,0,train
/kaggle/input/datasets/shreyastiwari31/asdid-484/asdid_484/bacterial_blight/bacterial_blight_40.jpg,bacterial_blight,0,train
/kaggle/input/datasets/shreyastiwari31/asdid-484/asdid_484/bacterial_blight/bacterial_blight_75.jpg,bacterial_blight,0,train
/kaggle/input/datasets/shreyastiwari31/asdid-484/asdid_484/bacterial_blight/bacterial_blight_376.jpg,bacterial_blight,0,train
/kaggle/input/datasets/shreyastiwari31/asdid-484/asdid_484/bacterial_blight/bacterial_blight_236.jpg,bacterial_blight,0,train
/kaggle/input/datasets/shreyastiwari31/asdid-484/asdid_484/bacterial_blight/bacterial_blight_148.jpg,bacterial_blight,0,train
/kaggle/input/datasets/shreyastiwari31/asdid-484/asdid_484/bacterial_blight/bacterial_blight_332.jpg,bacterial_blight,0,train
/kaggle/input/datasets/shreyastiwari31/asdid-484/asdid_484/bacterial_blight/bacterial_blight_181.jpg,bacterial_blight,0,train
/kaggle/input/datasets/shreyastiwari31/asdid-484/asdid_484/bacterial_blight/bacterial_blight_33.jpg,bacterial_blight,0,train
/kaggle/input/datasets/shreyastiwari31/asdid-484/asdid_484/bacterial_blight/bacterial_blight_411.jpg,bacterial_blight,0,train
/kaggle/input/datasets/shreyastiwari31/asdid-484/asdid_484/bacterial_blight/bacterial_blight_10.jpg,bacterial_blight,0,train
/kaggle/input/datasets/shreyastiwari31/asdid-484/asdid_484/bacterial_blight/bacterial_blight_458.jpg,bacterial_blight,0,train
/kaggle/input/datasets/shreyastiwari31/asdid-484/asdid_484/bacterial_blight/bacterial_blight_171.jpg,bacterial_blight,0,train
/kaggle/input/datasets/shreyastiwari31/asdid-484/asdid_484/bacterial_blight/bacterial_blight_3.jpg,bacterial_blight,0,train
/kaggle/input/datasets/shreyastiwari31/asdid-484/asdid_484/bacterial_blight/bacterial_blight_474.jpg,bacterial_blight,0,train
/kaggle/input/datasets/shreyastiwari31/asdid-484/asdid_484/bacterial_blight/bacterial_blight_98.jpg,bacterial_blight,0,train
/kaggle/input/datasets/shreyastiwari31/asdid-484/asdid_484/bacterial_blight/bacterial_blight_59.jpg,bacterial_blight,0,train
/kaggle/input/datasets/shreyastiwari31/asdid-484/asdid_484/bacterial_blight/bacterial_blight_55.jpg,bacterial_blight,0,train
/kaggle/input/datasets/shreyastiwari31/asdid-484/asdid_484/bacterial_blight/bacterial_blight_479.jpg,bacterial_blight,0,train
/kaggle/input/datasets/shreyastiwari31/asdid-484/asdid_484/bacterial_blight/bacterial_blight_151.jpg,bacterial_blight,0,train
/kaggle/input/datasets/shreyastiwari31/asdid-484/asdid_484/bacterial_blight/bacterial_blight_103.jpg,bacterial_blight,0,train
/kaggle/input/datasets/shreyastiwari31/asdid-484/asdid_484/bacterial_blight/bacterial_blight_354.jpg,bacterial_blight,0,train
/kaggle/input/datasets/shreyastiwari31/asdid-484/asdid_484/bacterial_blight/bacterial_blight_214.jpg,bacterial_blight,0,train
/kaggle/input/datasets/shreyastiwari31/asdid-484/asdid_484/bacterial_blight/bacterial_blight_342.jpg,bacterial_blight,0,train
/kaggle/input/datasets/shreyastiwari31/asdid-484/asdid_484/bacterial_blight/bacterial_blight_314.jpg,bacterial_blight,0,train
/kaggle/input/datasets/shreyastiwari31/asdid-484/asdid_484/bacterial_blight/bacterial_blight_397.jpg,bacterial_blight,0,train
/kaggle/input/datasets/shreyastiwari31/asdid-484/asdid_484/bacterial_blight/bacterial_blight_275.jpg,bacterial_blight,0,train
/kaggle/input/datasets/shreyastiwari31/asdid-484/asdid_484/bacterial_blight/bacterial_blight_277.jpg,bacterial_blight,0,train
/kaggle/input/datasets/shreyastiwari31/asdid-484/asdid_484/bacterial_blight/bacterial_blight_128.jpg,bacterial_blight,0,train
/kaggle/input/datasets/shreyastiwari31/asdid-484/asdid_484/bacterial_blight/bacterial_blight_374.jpg,bacterial_blight,0,train
/kaggle/input/datasets/shreyastiwari31/asdid-484/asdid_484/bacterial_blight/bacterial_blight_6.jpg,bacterial_blight,0,train
/kaggle/input/datasets/shreyastiwari31/asdid-484/asdid_484/bacterial_blight/bacterial_blight_61.jpg,bacterial_blight,0,train
/kaggle/input/datasets/shreyastiwari31/asdid-484/asdid_484/bacterial_blight/bacterial_blight_473.jpg,bacterial_blight,0,train
/kaggle/input/datasets/shreyastiwari31/asdid-484/asdid_484/bacterial_blight/bacterial_blight_17.jpg,bacterial_blight,0,train
/kaggle/input/datasets/shreyastiwari31/asdid-484/asdid_484/bacterial_blight/bacterial_blight_15.jpg,bacterial_blight,0,train
/kaggle/input/datasets/shreyastiwari31/asdid-484/asdid_484/bacterial_blight/bacterial_blight_120.jpg,bacterial_blight,0,train
/kaggle/input/datasets/shreyastiwari31/asdid-484/asdid_484/bacterial_blight/bacterial_blight_140.jpg,bacterial_blight,0,train
/kaggle/input/datasets/shreyastiwari31/asdid-484/asdid_484/bacterial_blight/bacterial_blight_326.jpg,bacterial_blight,0,train
/kaggle/input/datasets/shreyastiwari31/asdid-484/asdid_484/bacterial_blight/bacterial_blight_333.jpg,bacterial_blight,0,val
/kaggle/input/datasets/shreyastiwari31/asdid-484/asdid_484/bacterial_blight/bacterial_blight_162.jpg,bacterial_blight,0,val
/kaggle/input/datasets/shreyastiwari31/asdid-484/asdid_484/bacterial_blight/bacterial_blight_434.jpg,bacterial_blight,0,val
/kaggle/input/datasets/shreyastiwari31/asdid-484/asdid_484/bacterial_blight/bacterial_blight_482.jpg,bacterial_blight,0,val
/kaggle/input/datasets/shreyastiwari31/asdid-484/asdid_484/bacterial_blight/bacterial_blight_283.jpg,bacterial_blight,0,val
/kaggle/input/datasets/shreyastiwari31/asdid-484/asdid_484/bacterial_blight/bacterial_blight_368.jpg,bacterial_blight,0,val
/kaggle/input/datasets/shreyastiwari31/asdid-484/asdid_484/bacterial_blight/bacterial_blight_297.jpg,bacterial_blight,0,val
/kaggle/input/datasets/shreyastiwari31/asdid-484/asdid_484/bacterial_blight/bacterial_blight_369.jpg,bacterial_blight,0,val
/kaggle/input/datasets/shreyastiwari31/asdid-484/asdid_484/bacterial_blight/bacterial_blight_22.jpg,bacterial_blight,0,val
/kaggle/input/datasets/shreyastiwari31/asdid-484/asdid_484/bacterial_blight/bacterial_blight_347.jpg,bacterial_blight,0,val
/kaggle/input/datasets/shreyastiwari31/asdid-484/asdid_484/bacterial_blight/bacterial_blight_76.jpg,bacterial_blight,0,val
/kaggle/input/datasets/shreyastiwari31/asdid-484/asdid_484/bacterial_blight/bacterial_blight_212.jpg,bacterial_blight,0,val
/kaggle/input/datasets/shreyastiwari31/asdid-484/asdid_484/bacterial_blight/bacterial_blight_92.jpg,bacterial_blight,0,val
/kaggle/input/datasets/shreyastiwari31/asdid-484/asdid_484/bacterial_blight/bacterial_blight_483.jpg,bacterial_blight,0,val
/kaggle/input/datasets/shreyastiwari31/asdid-484/asdid_484/bacterial_blight/bacterial_blight_165.jpg,bacterial_blight,0,val
/kaggle/input/datasets/shreyastiwari31/asdid-484/asdid_484/bacterial_blight/bacterial_blight_31.jpg,bacterial_blight,0,val
/kaggle/input/datasets/shreyastiwari31/asdid-484/asdid_484/bacterial_blight/bacterial_blight_396.jpg,bacterial_blight,0,val
/kaggle/input/datasets/shreyastiwari31/asdid-484/asdid_484/bacterial_blight/bacterial_blight_281.jpg,bacterial_blight,0,val
/kaggle/input/datasets/shreyastiwari31/asdid-484/asdid_484/bacterial_blight/bacterial_blight_329.jpg,bacterial_blight,0,val
/kaggle/input/datasets/shreyastiwari31/asdid-484/asdid_484/bacterial_blight/bacterial_blight_400.jpg,bacterial_blight,0,val
/kaggle/input/datasets/shreyastiwari31/asdid-484/asdid_484/bacterial_blight/bacterial_blight_425.jpg,bacterial_blight,0,val
/kaggle/input/datasets/shreyastiwari31/asdid-484/asdid_484/bacterial_blight/bacterial_blight_88.jpg,bacterial_blight,0,val
/kaggle/input/datasets/shreyastiwari31/asdid-484/asdid_484/bacterial_blight/bacterial_blight_360.jpg,bacterial_blight,0,val
/kaggle/input/datasets/shreyastiwari31/asdid-484/asdid_484/bacterial_blight/bacterial_blight_197.jpg,bacterial_blight,0,val
/kaggle/input/datasets/shreyastiwari31/asdid-484/asdid_484/bacterial_blight/bacterial_blight_129.jpg,bacterial_blight,0,val
/kaggle/input/datasets/shreyastiwari31/asdid-484/asdid_484/bacterial_blight/bacterial_blight_222.jpg,bacterial_blight,0,val
/kaggle/input/datasets/shreyastiwari31/asdid-484/asdid_484/bacterial_blight/bacterial_blight_284.jpg,bacterial_blight,0,val
/kaggle/input/datasets/shreyastiwari31/asdid-484/asdid_484/bacterial_blight/bacterial_blight_244.jpg,bacterial_blight,0,val
/kaggle/input/datasets/shreyastiwari31/asdid-484/asdid_484/bacterial_blight/bacterial_blight_83.jpg,bacterial_blight,0,val
/kaggle/input/datasets/shreyastiwari31/asdid-484/asdid_484/bacterial_blight/bacterial_blight_204.jpg,bacterial_blight,0,val
/kaggle/input/datasets/shreyastiwari31/asdid-484/asdid_484/bacterial_blight/bacterial_blight_124.jpg,bacterial_blight,0,val
/kaggle/input/datasets/shreyastiwari31/asdid-484/asdid_484/bacterial_blight/bacterial_blight_249.jpg,bacterial_blight,0,val
/kaggle/input/datasets/shreyastiwari31/asdid-484/asdid_484/bacterial_blight/bacterial_blight_414.jpg,bacterial_blight,0,val
/kaggle/input/datasets/shreyastiwari31/asdid-484/asdid_484/bacterial_blight/bacterial_blight_7.jpg,bacterial_blight,0,val
/kaggle/input/datasets/shreyastiwari31/asdid-484/asdid_484/bacterial_blight/bacterial_blight_356.jpg,bacterial_blight,0,val
/kaggle/input/datasets/shreyastiwari31/asdid-484/asdid_484/bacterial_blight/bacterial_blight_416.jpg,bacterial_blight,0,val
/kaggle/input/datasets/shreyastiwari31/asdid-484/asdid_484/bacterial_blight/bacterial_blight_99.jpg,bacterial_blight,0,val
/kaggle/input/datasets/shreyastiwari31/asdid-484/asdid_484/bacterial_blight/bacterial_blight_223.jpg,bacterial_blight,0,val
/kaggle/input/datasets/shreyastiwari31/asdid-484/asdid_484/bacterial_blight/bacterial_blight_46.jpg,bacterial_blight,0,val
/kaggle/input/datasets/shreyastiwari31/asdid-484/asdid_484/bacterial_blight/bacterial_blight_311.jpg,bacterial_blight,0,val
/kaggle/input/datasets/shreyastiwari31/asdid-484/asdid_484/bacterial_blight/bacterial_blight_464.jpg,bacterial_blight,0,val
/kaggle/input/datasets/shreyastiwari31/asdid-484/asdid_484/bacterial_blight/bacterial_blight_94.jpg,bacterial_blight,0,val
/kaggle/input/datasets/shreyastiwari31/asdid-484/asdid_484/bacterial_blight/bacterial_blight_480.jpg,bacterial_blight,0,val
/kaggle/input/datasets/shreyastiwari31/asdid-484/asdid_484/bacterial_blight/bacterial_blight_345.jpg,bacterial_blight,0,val
/kaggle/input/datasets/shreyastiwari31/asdid-484/asdid_484/bacterial_blight/bacterial_blight_178.jpg,bacterial_blight,0,val
/kaggle/input/datasets/shreyastiwari31/asdid-484/asdid_484/bacterial_blight/bacterial_blight_457.jpg,bacterial_blight,0,val
/kaggle/input/datasets/shreyastiwari31/asdid-484/asdid_484/bacterial_blight/bacterial_blight_38.jpg,bacterial_blight,0,val
/kaggle/input/datasets/shreyastiwari31/asdid-484/asdid_484/bacterial_blight/bacterial_blight_131.jpg,bacterial_blight,0,val
/kaggle/input/datasets/shreyastiwari31/asdid-484/asdid_484/bacterial_blight/bacterial_blight_398.jpg,bacterial_blight,0,val
/kaggle/input/datasets/shreyastiwari31/asdid-484/asdid_484/bacterial_blight/bacterial_blight_413.jpg,bacterial_blight,0,val
/kaggle/input/datasets/shreyastiwari31/asdid-484/asdid_484/bacterial_blight/bacterial_blight_72.jpg,bacterial_blight,0,val
/kaggle/input/datasets/shreyastiwari31/asdid-484/asdid_484/bacterial_blight/bacterial_blight_221.jpg,bacterial_blight,0,val
/kaggle/input/datasets/shreyastiwari31/asdid-484/asdid_484/bacterial_blight/bacterial_blight_408.jpg,bacterial_blight,0,val
/kaggle/input/datasets/shreyastiwari31/asdid-484/asdid_484/bacterial_blight/bacterial_blight_196.jpg,bacterial_blight,0,val
/kaggle/input/datasets/shreyastiwari31/asdid-484/asdid_484/bacterial_blight/bacterial_blight_262.jpg,bacterial_blight,0,val
/kaggle/input/datasets/shreyastiwari31/asdid-484/asdid_484/bacterial_blight/bacterial_blight_27.jpg,bacterial_blight,0,val
/kaggle/input/datasets/shreyastiwari31/asdid-484/asdid_484/bacterial_blight/bacterial_blight_174.jpg,bacterial_blight,0,val
/kaggle/input/datasets/shreyastiwari31/asdid-484/asdid_484/bacterial_blight/bacterial_blight_267.jpg,bacterial_blight,0,val
/kaggle/input/datasets/shreyastiwari31/asdid-484/asdid_484/bacterial_blight/bacterial_blight_392.jpg,bacterial_blight,0,val
/kaggle/input/datasets/shreyastiwari31/asdid-484/asdid_484/bacterial_blight/bacterial_blight_308.jpg,bacterial_blight,0,val
/kaggle/input/datasets/shreyastiwari31/asdid-484/asdid_484/bacterial_blight/bacterial_blight_58.jpg,bacterial_blight,0,val
/kaggle/input/datasets/shreyastiwari31/asdid-484/asdid_484/bacterial_blight/bacterial_blight_51.jpg,bacterial_blight,0,val
/kaggle/input/datasets/shreyastiwari31/asdid-484/asdid_484/bacterial_blight/bacterial_blight_145.jpg,bacterial_blight,0,val
/kaggle/input/datasets/shreyastiwari31/asdid-484/asdid_484/bacterial_blight/bacterial_blight_8.jpg,bacterial_blight,0,val
/kaggle/input/datasets/shreyastiwari31/asdid-484/asdid_484/bacterial_blight/bacterial_blight_476.jpg,bacterial_blight,0,val
/kaggle/input/datasets/shreyastiwari31/asdid-484/asdid_484/bacterial_blight/bacterial_blight_232.jpg,bacterial_blight,0,val
/kaggle/input/datasets/shreyastiwari31/asdid-484/asdid_484/bacterial_blight/bacterial_blight_455.jpg,bacterial_blight,0,val
/kaggle/input/datasets/shreyastiwari31/asdid-484/asdid_484/bacterial_blight/bacterial_blight_203.jpg,bacterial_blight,0,val
/kaggle/input/datasets/shreyastiwari31/asdid-484/asdid_484/bacterial_blight/bacterial_blight_403.jpg,bacterial_blight,0,val
/kaggle/input/datasets/shreyastiwari31/asdid-484/asdid_484/bacterial_blight/bacterial_blight_12.jpg,bacterial_blight,0,val
/kaggle/input/datasets/shreyastiwari31/asdid-484/asdid_484/bacterial_blight/bacterial_blight_130.jpg,bacterial_blight,0,val
/kaggle/input/datasets/shreyastiwari31/asdid-484/asdid_484/bacterial_blight/bacterial_blight_423.jpg,bacterial_blight,0,val
/kaggle/input/datasets/shreyastiwari31/asdid-484/asdid_484/bacterial_blight/bacterial_blight_188.jpg,bacterial_blight,0,val
/kaggle/input/datasets/shreyastiwari31/asdid-484/asdid_484/bacterial_blight/bacterial_blight_365.jpg,bacterial_blight,0,test
/kaggle/input/datasets/shreyastiwari31/asdid-484/asdid_484/bacterial_blight/bacterial_blight_266.jpg,bacterial_blight,0,test
/kaggle/input/datasets/shreyastiwari31/asdid-484/asdid_484/bacterial_blight/bacterial_blight_384.jpg,bacterial_blight,0,test
/kaggle/input/datasets/shreyastiwari31/asdid-484/asdid_484/bacterial_blight/bacterial_blight_389.jpg,bacterial_blight,0,test
/kaggle/input/datasets/shreyastiwari31/asdid-484/asdid_484/bacterial_blight/bacterial_blight_234.jpg,bacterial_blight,0,test
/kaggle/input/datasets/shreyastiwari31/asdid-484/asdid_484/bacterial_blight/bacterial_blight_353.jpg,bacterial_blight,0,test
/kaggle/input/datasets/shreyastiwari31/asdid-484/asdid_484/bacterial_blight/bacterial_blight_135.jpg,bacterial_blight,0,test
/kaggle/input/datasets/shreyastiwari31/asdid-484/asdid_484/bacterial_blight/bacterial_blight_273.jpg,bacterial_blight,0,test
/kaggle/input/datasets/shreyastiwari31/asdid-484/asdid_484/bacterial_blight/bacterial_blight_156.jpg,bacterial_blight,0,test
/kaggle/input/datasets/shreyastiwari31/asdid-484/asdid_484/bacterial_blight/bacterial_blight_346.jpg,bacterial_blight,0,test
/kaggle/input/datasets/shreyastiwari31/asdid-484/asdid_484/bacterial_blight/bacterial_blight_310.jpg,bacterial_blight,0,test
/kaggle/input/datasets/shreyastiwari31/asdid-484/asdid_484/bacterial_blight/bacterial_blight_435.jpg,bacterial_blight,0,test
/kaggle/input/datasets/shreyastiwari31/asdid-484/asdid_484/bacterial_blight/bacterial_blight_119.jpg,bacterial_blight,0,test
/kaggle/input/datasets/shreyastiwari31/asdid-484/asdid_484/bacterial_blight/bacterial_blight_471.jpg,bacterial_blight,0,test
/kaggle/input/datasets/shreyastiwari31/asdid-484/asdid_484/bacterial_blight/bacterial_blight_220.jpg,bacterial_blight,0,test
/kaggle/input/datasets/shreyastiwari31/asdid-484/asdid_484/bacterial_blight/bacterial_blight_378.jpg,bacterial_blight,0,test
/kaggle/input/datasets/shreyastiwari31/asdid-484/asdid_484/bacterial_blight/bacterial_blight_258.jpg,bacterial_blight,0,test
/kaggle/input/datasets/shreyastiwari31/asdid-484/asdid_484/bacterial_blight/bacterial_blight_264.jpg,bacterial_blight,0,test
/kaggle/input/datasets/shreyastiwari31/asdid-484/asdid_484/bacterial_blight/bacterial_blight_143.jpg,bacterial_blight,0,test
/kaggle/input/datasets/shreyastiwari31/asdid-484/asdid_484/bacterial_blight/bacterial_blight_274.jpg,bacterial_blight,0,test
/kaggle/input/datasets/shreyastiwari31/asdid-484/asdid_484/bacterial_blight/bacterial_blight_81.jpg,bacterial_blight,0,test
/kaggle/input/datasets/shreyastiwari31/asdid-484/asdid_484/bacterial_blight/bacterial_blight_90.jpg,bacterial_blight,0,test
/kaggle/input/datasets/shreyastiwari31/asdid-484/asdid_484/bacterial_blight/bacterial_blight_254.jpg,bacterial_blight,0,test
/kaggle/input/datasets/shreyastiwari31/asdid-484/asdid_484/bacterial_blight/bacterial_blight_450.jpg,bacterial_blight,0,test
/kaggle/input/datasets/shreyastiwari31/asdid-484/asdid_484/bacterial_blight/bacterial_blight_199.jpg,bacterial_blight,0,test
/kaggle/input/datasets/shreyastiwari31/asdid-484/asdid_484/bacterial_blight/bacterial_blight_170.jpg,bacterial_blight,0,test
/kaggle/input/datasets/shreyastiwari31/asdid-484/asdid_484/bacterial_blight/bacterial_blight_67.jpg,bacterial_blight,0,test
/kaggle/input/datasets/shreyastiwari31/asdid-484/asdid_484/bacterial_blight/bacterial_blight_256.jpg,bacterial_blight,0,test
/kaggle/input/datasets/shreyastiwari31/asdid-484/asdid_484/bacterial_blight/bacterial_blight_84.jpg,bacterial_blight,0,test
/kaggle/input/datasets/shreyastiwari31/asdid-484/asdid_484/bacterial_blight/bacterial_blight_420.jpg,bacterial_blight,0,test
/kaggle/input/datasets/shreyastiwari31/asdid-484/asdid_484/bacterial_blight/bacterial_blight_172.jpg,bacterial_blight,0,test
/kaggle/input/datasets/shreyastiwari31/asdid-484/asdid_484/bacterial_blight/bacterial_blight_470.jpg,bacterial_blight,0,test
/kaggle/input/datasets/shreyastiwari31/asdid-484/asdid_484/bacterial_blight/bacterial_blight_449.jpg,bacterial_blight,0,test
/kaggle/input/datasets/shreyastiwari31/asdid-484/asdid_484/bacterial_blight/bacterial_blight_101.jpg,bacterial_blight,0,test
/kaggle/input/datasets/shreyastiwari31/asdid-484/asdid_484/bacterial_blight/bacterial_blight_64.jpg,bacterial_blight,0,test
/kaggle/input/datasets/shreyastiwari31/asdid-484/asdid_484/bacterial_blight/bacterial_blight_472.jpg,bacterial_blight,0,test
/kaggle/input/datasets/shreyastiwari31/asdid-484/asdid_484/bacterial_blight/bacterial_blight_227.jpg,bacterial_blight,0,test
/kaggle/input/datasets/shreyastiwari31/asdid-484/asdid_484/bacterial_blight/bacterial_blight_370.jpg,bacterial_blight,0,test
/kaggle/input/datasets/shreyastiwari31/asdid-484/asdid_484/bacterial_blight/bacterial_blight_305.jpg,bacterial_blight,0,test
/kaggle/input/datasets/shreyastiwari31/asdid-484/asdid_484/bacterial_blight/bacterial_blight_20.jpg,bacterial_blight,0,test
/kaggle/input/datasets/shreyastiwari31/asdid-484/asdid_484/bacterial_blight/bacterial_blight_292.jpg,bacterial_blight,0,test
/kaggle/input/datasets/shreyastiwari31/asdid-484/asdid_484/bacterial_blight/bacterial_blight_87.jpg,bacterial_blight,0,test
/kaggle/input/datasets/shreyastiwari31/asdid-484/asdid_484/bacterial_blight/bacterial_blight_422.jpg,bacterial_blight,0,test
/kaggle/input/datasets/shreyastiwari31/asdid-484/asdid_484/bacterial_blight/bacterial_blight_399.jpg,bacterial_blight,0,test
/kaggle/input/datasets/shreyastiwari31/asdid-484/asdid_484/bacterial_blight/bacterial_blight_429.jpg,bacterial_blight,0,test
/kaggle/input/datasets/shreyastiwari31/asdid-484/asdid_484/bacterial_blight/bacterial_blight_190.jpg,bacterial_blight,0,test
/kaggle/input/datasets/shreyastiwari31/asdid-484/asdid_484/bacterial_blight/bacterial_blight_358.jpg,bacterial_blight,0,test
/kaggle/input/datasets/shreyastiwari31/asdid-484/asdid_484/bacterial_blight/bacterial_blight_110.jpg,bacterial_blight,0,test
/kaggle/input/datasets/shreyastiwari31/asdid-484/asdid_484/bacterial_blight/bacterial_blight_377.jpg,bacterial_blight,0,test
/kaggle/input/datasets/shreyastiwari31/asdid-484/asdid_484/bacterial_blight/bacterial_blight_331.jpg,bacterial_blight,0,test
/kaggle/input/datasets/shreyastiwari31/asdid-484/asdid_484/bacterial_blight/bacterial_blight_206.jpg,bacterial_blight,0,test
/kaggle/input/datasets/shreyastiwari31/asdid-484/asdid_484/bacterial_blight/bacterial_blight_2.jpg,bacterial_blight,0,test
/kaggle/input/datasets/shreyastiwari31/asdid-484/asdid_484/bacterial_blight/bacterial_blight_141.jpg,bacterial_blight,0,test
/kaggle/input/datasets/shreyastiwari31/asdid-484/asdid_484/bacterial_blight/bacterial_blight_112.jpg,bacterial_blight,0,test
/kaggle/input/datasets/shreyastiwari31/asdid-484/asdid_484/bacterial_blight/bacterial_blight_113.jpg,bacterial_blight,0,test
/kaggle/input/datasets/shreyastiwari31/asdid-484/asdid_484/bacterial_blight/bacterial_blight_294.jpg,bacterial_blight,0,test
/kaggle/input/datasets/shreyastiwari31/asdid-484/asdid_484/bacterial_blight/bacterial_blight_371.jpg,bacterial_blight,0,test
/kaggle/input/datasets/shreyastiwari31/asdid-484/asdid_484/bacterial_blight/bacterial_blight_139.jpg,bacterial_blight,0,test
/kaggle/input/datasets/shreyastiwari31/asdid-484/asdid_484/bacterial_blight/bacterial_blight_350.jpg,bacterial_blight,0,test
/kaggle/input/datasets/shreyastiwari31/asdid-484/asdid_484/bacterial_blight/bacterial_blight_74.jpg,bacterial_blight,0,test
/kaggle/input/datasets/shreyastiwari31/asdid-484/asdid_484/bacterial_blight/bacterial_blight_96.jpg,bacterial_blight,0,test
/kaggle/input/datasets/shreyastiwari31/asdid-484/asdid_484/bacterial_blight/bacterial_blight_410.jpg,bacterial_blight,0,test
/kaggle/input/datasets/shreyastiwari31/asdid-484/asdid_484/bacterial_blight/bacterial_blight_146.jpg,bacterial_blight,0,test
/kaggle/input/datasets/shreyastiwari31/asdid-484/asdid_484/bacterial_blight/bacterial_blight_439.jpg,bacterial_blight,0,test
/kaggle/input/datasets/shreyastiwari31/asdid-484/asdid_484/bacterial_blight/bacterial_blight_163.jpg,bacterial_blight,0,test
/kaggle/input/datasets/shreyastiwari31/asdid-484/asdid_484/bacterial_blight/bacterial_blight_201.jpg,bacterial_blight,0,test
/kaggle/input/datasets/shreyastiwari31/asdid-484/asdid_484/bacterial_blight/bacterial_blight_211.jpg,bacterial_blight,0,test
/kaggle/input/datasets/shreyastiwari31/asdid-484/asdid_484/bacterial_blight/bacterial_blight_225.jpg,bacterial_blight,0,test
/kaggle/input/datasets/shreyastiwari31/asdid-484/asdid_484/bacterial_blight/bacterial_blight_440.jpg,bacterial_blight,0,test
/kaggle/input/datasets/shreyastiwari31/asdid-484/asdid_484/bacterial_blight/bacterial_blight_11.jpg,bacterial_blight,0,test
/kaggle/input/datasets/shreyastiwari31/asdid-484/asdid_484/bacterial_blight/bacterial_blight_150.jpg,bacterial_blight,0,test
/kaggle/input/datasets/shreyastiwari31/asdid-484/asdid_484/bacterial_blight/bacterial_blight_394.jpg,bacterial_blight,0,test
/kaggle/input/datasets/shreyastiwari31/asdid-484/asdid_484/cercospora_leaf_blight/cercospora_leaf_blight_1339.jpg,cercospora_leaf_blight,1,train
/kaggle/input/datasets/shreyastiwari31/asdid-484/asdid_484/cercospora_leaf_blight/cercospora_leaf_blight_386.jpg,cercospora_leaf_blight,1,train
/kaggle/input/datasets/shreyastiwari31/asdid-484/asdid_484/cercospora_leaf_blight/cercospora_leaf_blight_1564.jpg,cercospora_leaf_blight,1,train
/kaggle/input/datasets/shreyastiwari31/asdid-484/asdid_484/cercospora_leaf_blight/cercospora_leaf_blight_1489.jpg,cercospora_leaf_blight,1,train
/kaggle/input/datasets/shreyastiwari31/asdid-484/asdid_484/cercospora_leaf_blight/cercospora_leaf_blight_1555.jpg,cercospora_leaf_blight,1,train
/kaggle/input/datasets/shreyastiwari31/asdid-484/asdid_484/cercospora_leaf_blight/cercospora_leaf_blight_681.jpg,cercospora_leaf_blight,1,train
/kaggle/input/datasets/shreyastiwari31/asdid-484/asdid_484/cercospora_leaf_blight/cercospora_leaf_blight_809.jpg,cercospora_leaf_blight,1,train
/kaggle/input/datasets/shreyastiwari31/asdid-484/asdid_484/cercospora_leaf_blight/cercospora_leaf_blight_782.jpg,cercospora_leaf_blight,1,train
/kaggle/input/datasets/shreyastiwari31/asdid-484/asdid_484/cercospora_leaf_blight/cercospora_leaf_blight_1343.jpg,cercospora_leaf_blight,1,train
/kaggle/input/datasets/shreyastiwari31/asdid-484/asdid_484/cercospora_leaf_blight/cercospora_leaf_blight_293.jpg,cercospora_leaf_blight,1,train
/kaggle/input/datasets/shreyastiwari31/asdid-484/asdid_484/cercospora_leaf_blight/cercospora_leaf_blight_1471.jpg,cercospora_leaf_blight,1,train
/kaggle/input/datasets/shreyastiwari31/asdid-484/asdid_484/cercospora_leaf_blight/cercospora_leaf_blight_684.jpg,cercospora_leaf_blight,1,train
/kaggle/input/datasets/shreyastiwari31/asdid-484/asdid_484/cercospora_leaf_blight/cercospora_leaf_blight_307.jpg,cercospora_leaf_blight,1,train
/kaggle/input/datasets/shreyastiwari31/asdid-484/asdid_484/cercospora_leaf_blight/cercospora_leaf_blight_1128.jpg,cercospora_leaf_blight,1,train
/kaggle/input/datasets/shreyastiwari31/asdid-484/asdid_484/cercospora_leaf_blight/cercospora_leaf_blight_943.jpg,cercospora_leaf_blight,1,train
/kaggle/input/datasets/shreyastiwari31/asdid-484/asdid_484/cercospora_leaf_blight/cercospora_leaf_blight_1470.jpg,cercospora_leaf_blight,1,train
/kaggle/input/datasets/shreyastiwari31/asdid-484/asdid_484/cercospora_leaf_blight/cercospora_leaf_blight_156.jpg,cercospora_leaf_blight,1,train
/kaggle/input/datasets/shreyastiwari31/asdid-484/asdid_484/cercospora_leaf_blight/cercospora_leaf_blight_1087.jpg,cercospora_leaf_blight,1,train
/kaggle/input/datasets/shreyastiwari31/asdid-484/asdid_484/cercospora_leaf_blight/cercospora_leaf_blight_981.jpg,cercospora_leaf_blight,1,train
/kaggle/input/datasets/shreyastiwari31/asdid-484/asdid_484/cercospora_leaf_blight/cercospora_leaf_blight_773.jpg,cercospora_leaf_blight,1,train
/kaggle/input/datasets/shreyastiwari31/asdid-484/asdid_484/cercospora_leaf_blight/cercospora_leaf_blight_121.jpg,cercospora_leaf_blight,1,train
/kaggle/input/datasets/shreyastiwari31/asdid-484/asdid_484/cercospora_leaf_blight/cercospora_leaf_blight_1590.jpg,cercospora_leaf_blight,1,train
/kaggle/input/datasets/shreyastiwari31/asdid-484/asdid_484/cercospora_leaf_blight/cercospora_leaf_blight_167.jpg,cercospora_leaf_blight,1,train
/kaggle/input/datasets/shreyastiwari31/asdid-484/asdid_484/cercospora_leaf_blight/cercospora_leaf_blight_897.jpg,cercospora_leaf_blight,1,train
/kaggle/input/datasets/shreyastiwari31/asdid-484/asdid_484/cercospora_leaf_blight/cercospora_leaf_blight_1217.jpg,cercospora_leaf_blight,1,train
/kaggle/input/datasets/shreyastiwari31/asdid-484/asdid_484/cercospora_leaf_blight/cercospora_leaf_blight_311.jpg,cercospora_leaf_blight,1,train
/kaggle/input/datasets/shreyastiwari31/asdid-484/asdid_484/cercospora_leaf_blight/cercospora_leaf_blight_668.jpg,cercospora_leaf_blight,1,train
/kaggle/input/datasets/shreyastiwari31/asdid-484/asdid_484/cercospora_leaf_blight/cercospora_leaf_blight_1202.jpg,cercospora_leaf_blight,1,train
/kaggle/input/datasets/shreyastiwari31/asdid-484/asdid_484/cercospora_leaf_blight/cercospora_leaf_blight_366.jpg,cercospora_leaf_blight,1,train
/kaggle/input/datasets/shreyastiwari31/asdid-484/asdid_484/cercospora_leaf_blight/cercospora_leaf_blight_1337.jpg,cercospora_leaf_blight,1,train
/kaggle/input/datasets/shreyastiwari31/asdid-484/asdid_484/cercospora_leaf_blight/cercospora_leaf_blight_115.jpg,cercospora_leaf_blight,1,train
/kaggle/input/datasets/shreyastiwari31/asdid-484/asdid_484/cercospora_leaf_blight/cercospora_leaf_blight_234.jpg,cercospora_leaf_blight,1,train
/kaggle/input/datasets/shreyastiwari31/asdid-484/asdid_484/cercospora_leaf_blight/cercospora_leaf_blight_1574.jpg,cercospora_leaf_blight,1,train
/kaggle/input/datasets/shreyastiwari31/asdid-484/asdid_484/cercospora_leaf_blight/cercospora_leaf_blight_1384.jpg,cercospora_leaf_blight,1,train
/kaggle/input/datasets/shreyastiwari31/asdid-484/asdid_484/cercospora_leaf_blight/cercospora_leaf_blight_1029.jpg,cercospora_leaf_blight,1,train
/kaggle/input/datasets/shreyastiwari31/asdid-484/asdid_484/cercospora_leaf_blight/cercospora_leaf_blight_674.jpg,cercospora_leaf_blight,1,train
/kaggle/input/datasets/shreyastiwari31/asdid-484/asdid_484/cercospora_leaf_blight/cercospora_leaf_blight_246.jpg,cercospora_leaf_blight,1,train
/kaggle/input/datasets/shreyastiwari31/asdid-484/asdid_484/cercospora_leaf_blight/cercospora_leaf_blight_1141.jpg,cercospora_leaf_blight,1,train
/kaggle/input/datasets/shreyastiwari31/asdid-484/asdid_484/cercospora_leaf_blight/cercospora_leaf_blight_98.jpg,cercospora_leaf_blight,1,train
/kaggle/input/datasets/shreyastiwari31/asdid-484/asdid_484/cercospora_leaf_blight/cercospora_leaf_blight_271.jpg,cercospora_leaf_blight,1,train
/kaggle/input/datasets/shreyastiwari31/asdid-484/asdid_484/cercospora_leaf_blight/cercospora_leaf_blight_473.jpg,cercospora_leaf_blight,1,train
/kaggle/input/datasets/shreyastiwari31/asdid-484/asdid_484/cercospora_leaf_blight/cercospora_leaf_blight_1314.jpg,cercospora_leaf_blight,1,train
/kaggle/input/datasets/shreyastiwari31/asdid-484/asdid_484/cercospora_leaf_blight/cercospora_leaf_blight_282.jpg,cercospora_leaf_blight,1,train
/kaggle/input/datasets/shreyastiwari31/asdid-484/asdid_484/cercospora_leaf_blight/cercospora_leaf_blight_529.jpg,cercospora_leaf_blight,1,train
/kaggle/input/datasets/shreyastiwari31/asdid-484/asdid_484/cercospora_leaf_blight/cercospora_leaf_blight_675.jpg,cercospora_leaf_blight,1,train
/kaggle/input/datasets/shreyastiwari31/asdid-484/asdid_484/cercospora_leaf_blight/cercospora_leaf_blight_830.jpg,cercospora_leaf_blight,1,train
/kaggle/input/datasets/shreyastiwari31/asdid-484/asdid_484/cercospora_leaf_blight/cercospora_leaf_blight_1536.jpg,cercospora_leaf_blight,1,train
/kaggle/input/datasets/shreyastiwari31/asdid-484/asdid_484/cercospora_leaf_blight/cercospora_leaf_blight_330.jpg,cercospora_leaf_blight,1,train
/kaggle/input/datasets/shreyastiwari31/asdid-484/asdid_484/cercospora_leaf_blight/cercospora_leaf_blight_273.jpg,cercospora_leaf_blight,1,train
/kaggle/input/datasets/shreyastiwari31/asdid-484/asdid_484/cercospora_leaf_blight/cercospora_leaf_blight_900.jpg,cercospora_leaf_blight,1,train
/kaggle/input/datasets/shreyastiwari31/asdid-484/asdid_484/cercospora_leaf_blight/cercospora_leaf_blight_1316.jpg,cercospora_leaf_blight,1,train
/kaggle/input/datasets/shreyastiwari31/asdid-484/asdid_484/cercospora_leaf_blight/cercospora_leaf_blight_73.jpg,cercospora_leaf_blight,1,train
/kaggle/input/datasets/shreyastiwari31/asdid-484/asdid_484/cercospora_leaf_blight/cercospora_leaf_blight_162.jpg,cercospora_leaf_blight,1,train
/kaggle/input/datasets/shreyastiwari31/asdid-484/asdid_484/cercospora_leaf_blight/cercospora_leaf_blight_1326.jpg,cercospora_leaf_blight,1,train
/kaggle/input/datasets/shreyastiwari31/asdid-484/asdid_484/cercospora_leaf_blight/cercospora_leaf_blight_1367.jpg,cercospora_leaf_blight,1,train
/kaggle/input/datasets/shreyastiwari31/asdid-484/asdid_484/cercospora_leaf_blight/cercospora_leaf_blight_423.jpg,cercospora_leaf_blight,1,train
/kaggle/input/datasets/shreyastiwari31/asdid-484/asdid_484/cercospora_leaf_blight/cercospora_leaf_blight_1317.jpg,cercospora_leaf_blight,1,train
/kaggle/input/datasets/shreyastiwari31/asdid-484/asdid_484/cercospora_leaf_blight/cercospora_leaf_blight_1027.jpg,cercospora_leaf_blight,1,train
/kaggle/input/datasets/shreyastiwari31/asdid-484/asdid_484/cercospora_leaf_blight/cercospora_leaf_blight_770.jpg,cercospora_leaf_blight,1,train
/kaggle/input/datasets/shreyastiwari31/asdid-484/asdid_484/cercospora_leaf_blight/cercospora_leaf_blight_1050.jpg,cercospora_leaf_blight,1,train
/kaggle/input/datasets/shreyastiwari31/asdid-484/asdid_484/cercospora_leaf_blight/cercospora_leaf_blight_413.jpg,cercospora_leaf_blight,1,train
/kaggle/input/datasets/shreyastiwari31/asdid-484/asdid_484/cercospora_leaf_blight/cercospora_leaf_blight_1502.jpg,cercospora_leaf_blight,1,train
/kaggle/input/datasets/shreyastiwari31/asdid-484/asdid_484/cercospora_leaf_blight/cercospora_leaf_blight_672.jpg,cercospora_leaf_blight,1,train
/kaggle/input/datasets/shreyastiwari31/asdid-484/asdid_484/cercospora_leaf_blight/cercospora_leaf_blight_225.jpg,cercospora_leaf_blight,1,train
/kaggle/input/datasets/shreyastiwari31/asdid-484/asdid_484/cercospora_leaf_blight/cercospora_leaf_blight_701.jpg,cercospora_leaf_blight,1,train
/kaggle/input/datasets/shreyastiwari31/asdid-484/asdid_484/cercospora_leaf_blight/cercospora_leaf_blight_1042.jpg,cercospora_leaf_blight,1,train
/kaggle/input/datasets/shreyastiwari31/asdid-484/asdid_484/cercospora_leaf_blight/cercospora_leaf_blight_1005.jpg,cercospora_leaf_blight,1,train
/kaggle/input/datasets/shreyastiwari31/asdid-484/asdid_484/cercospora_leaf_blight/cercospora_leaf_blight_1099.jpg,cercospora_leaf_blight,1,train
/kaggle/input/datasets/shreyastiwari31/asdid-484/asdid_484/cercospora_leaf_blight/cercospora_leaf_blight_193.jpg,cercospora_leaf_blight,1,train
/kaggle/input/datasets/shreyastiwari31/asdid-484/asdid_484/cercospora_leaf_blight/cercospora_leaf_blight_36.jpg,cercospora_leaf_blight,1,train
/kaggle/input/datasets/shreyastiwari31/asdid-484/asdid_484/cercospora_leaf_blight/cercospora_leaf_blight_486.jpg,cercospora_leaf_blight,1,train
/kaggle/input/datasets/shreyastiwari31/asdid-484/asdid_484/cercospora_leaf_blight/cercospora_leaf_blight_695.jpg,cercospora_leaf_blight,1,train
/kaggle/input/datasets/shreyastiwari31/asdid-484/asdid_484/cercospora_leaf_blight/cercospora_leaf_blight_1235.jpg,cercospora_leaf_blight,1,train
/kaggle/input/datasets/shreyastiwari31/asdid-484/asdid_484/cercospora_leaf_blight/cercospora_leaf_blight_630.jpg,cercospora_leaf_blight,1,train
/kaggle/input/datasets/shreyastiwari31/asdid-484/asdid_484/cercospora_leaf_blight/cercospora_leaf_blight_1094.jpg,cercospora_leaf_blight,1,train
/kaggle/input/datasets/shreyastiwari31/asdid-484/asdid_484/cercospora_leaf_blight/cercospora_leaf_blight_596.jpg,cercospora_leaf_blight,1,train
/kaggle/input/datasets/shreyastiwari31/asdid-484/asdid_484/cercospora_leaf_blight/cercospora_leaf_blight_586.jpg,cercospora_leaf_blight,1,train
/kaggle/input/datasets/shreyastiwari31/asdid-484/asdid_484/cercospora_leaf_blight/cercospora_leaf_blight_820.jpg,cercospora_leaf_blight,1,train
/kaggle/input/datasets/shreyastiwari31/asdid-484/asdid_484/cercospora_leaf_blight/cercospora_leaf_blight_218.jpg,cercospora_leaf_blight,1,train
/kaggle/input/datasets/shreyastiwari31/asdid-484/asdid_484/cercospora_leaf_blight/cercospora_leaf_blight_1506.jpg,cercospora_leaf_blight,1,train
/kaggle/input/datasets/shreyastiwari31/asdid-484/asdid_484/cercospora_leaf_blight/cercospora_leaf_blight_126.jpg,cercospora_leaf_blight,1,train
/kaggle/input/datasets/shreyastiwari31/asdid-484/asdid_484/cercospora_leaf_blight/cercospora_leaf_blight_629.jpg,cercospora_leaf_blight,1,train
/kaggle/input/datasets/shreyastiwari31/asdid-484/asdid_484/cercospora_leaf_blight/cercospora_leaf_blight_1460.jpg,cercospora_leaf_blight,1,train
/kaggle/input/datasets/shreyastiwari31/asdid-484/asdid_484/cercospora_leaf_blight/cercospora_leaf_blight_482.jpg,cercospora_leaf_blight,1,train
/kaggle/input/datasets/shreyastiwari31/asdid-484/asdid_484/cercospora_leaf_blight/cercospora_leaf_blight_110.jpg,cercospora_leaf_blight,1,train
/kaggle/input/datasets/shreyastiwari31/asdid-484/asdid_484/cercospora_leaf_blight/cercospora_leaf_blight_1060.jpg,cercospora_leaf_blight,1,train
/kaggle/input/datasets/shreyastiwari31/asdid-484/asdid_484/cercospora_leaf_blight/cercospora_leaf_blight_1040.jpg,cercospora_leaf_blight,1,train
/kaggle/input/datasets/shreyastiwari31/asdid-484/asdid_484/cercospora_leaf_blight/cercospora_leaf_blight_589.jpg,cercospora_leaf_blight,1,train
/kaggle/input/datasets/shreyastiwari31/asdid-484/asdid_484/cercospora_leaf_blight/cercospora_leaf_blight_707.jpg,cercospora_leaf_blight,1,train
/kaggle/input/datasets/shreyastiwari31/asdid-484/asdid_484/cercospora_leaf_blight/cercospora_leaf_blight_95.jpg,cercospora_leaf_blight,1,train
/kaggle/input/datasets/shreyastiwari31/asdid-484/asdid_484/cercospora_leaf_blight/cercospora_leaf_blight_1088.jpg,cercospora_leaf_blight,1,train
/kaggle/input/datasets/shreyastiwari31/asdid-484/asdid_484/cercospora_leaf_blight/cercospora_leaf_blight_1155.jpg,cercospora_leaf_blight,1,train
/kaggle/input/datasets/shreyastiwari31/asdid-484/asdid_484/cercospora_leaf_blight/cercospora_leaf_blight_321.jpg,cercospora_leaf_blight,1,train
/kaggle/input/datasets/shreyastiwari31/asdid-484/asdid_484/cercospora_leaf_blight/cercospora_leaf_blight_641.jpg,cercospora_leaf_blight,1,train
/kaggle/input/datasets/shreyastiwari31/asdid-484/asdid_484/cercospora_leaf_blight/cercospora_leaf_blight_789.jpg,cercospora_leaf_blight,1,train
/kaggle/input/datasets/shreyastiwari31/asdid-484/asdid_484/cercospora_leaf_blight/cercospora_leaf_blight_826.jpg,cercospora_leaf_blight,1,train
/kaggle/input/datasets/shreyastiwari31/asdid-484/asdid_484/cercospora_leaf_blight/cercospora_leaf_blight_1288.jpg,cercospora_leaf_blight,1,train
/kaggle/input/datasets/shreyastiwari31/asdid-484/asdid_484/cercospora_leaf_blight/cercospora_leaf_blight_942.jpg,cercospora_leaf_blight,1,train
/kaggle/input/datasets/shreyastiwari31/asdid-484/asdid_484/cercospora_leaf_blight/cercospora_leaf_blight_1113.jpg,cercospora_leaf_blight,1,train
/kaggle/input/datasets/shreyastiwari31/asdid-484/asdid_484/cercospora_leaf_blight/cercospora_leaf_blight_1185.jpg,cercospora_leaf_blight,1,train
/kaggle/input/datasets/shreyastiwari31/asdid-484/asdid_484/cercospora_leaf_blight/cercospora_leaf_blight_888.jpg,cercospora_leaf_blight,1,train
/kaggle/input/datasets/shreyastiwari31/asdid-484/asdid_484/cercospora_leaf_blight/cercospora_leaf_blight_1425.jpg,cercospora_leaf_blight,1,train
/kaggle/input/datasets/shreyastiwari31/asdid-484/asdid_484/cercospora_leaf_blight/cercospora_leaf_blight_658.jpg,cercospora_leaf_blight,1,train
/kaggle/input/datasets/shreyastiwari31/asdid-484/asdid_484/cercospora_leaf_blight/cercospora_leaf_blight_1212.jpg,cercospora_leaf_blight,1,train
/kaggle/input/datasets/shreyastiwari31/asdid-484/asdid_484/cercospora_leaf_blight/cercospora_leaf_blight_534.jpg,cercospora_leaf_blight,1,train
/kaggle/input/datasets/shreyastiwari31/asdid-484/asdid_484/cercospora_leaf_blight/cercospora_leaf_blight_1563.jpg,cercospora_leaf_blight,1,train
/kaggle/input/datasets/shreyastiwari31/asdid-484/asdid_484/cercospora_leaf_blight/cercospora_leaf_blight_896.jpg,cercospora_leaf_blight,1,train
/kaggle/input/datasets/shreyastiwari31/asdid-484/asdid_484/cercospora_leaf_blight/cercospora_leaf_blight_1535.jpg,cercospora_leaf_blight,1,train
/kaggle/input/datasets/shreyastiwari31/asdid-484/asdid_484/cercospora_leaf_blight/cercospora_leaf_blight_527.jpg,cercospora_leaf_blight,1,train
/kaggle/input/datasets/shreyastiwari31/asdid-484/asdid_484/cercospora_leaf_blight/cercospora_leaf_blight_1076.jpg,cercospora_leaf_blight,1,train
/kaggle/input/datasets/shreyastiwari31/asdid-484/asdid_484/cercospora_leaf_blight/cercospora_leaf_blight_608.jpg,cercospora_leaf_blight,1,train
/kaggle/input/datasets/shreyastiwari31/asdid-484/asdid_484/cercospora_leaf_blight/cercospora_leaf_blight_1030.jpg,cercospora_leaf_blight,1,train
/kaggle/input/datasets/shreyastiwari31/asdid-484/asdid_484/cercospora_leaf_blight/cercospora_leaf_blight_517.jpg,cercospora_leaf_blight,1,train
/kaggle/input/datasets/shreyastiwari31/asdid-484/asdid_484/cercospora_leaf_blight/cercospora_leaf_blight_24.jpg,cercospora_leaf_blight,1,train
/kaggle/input/datasets/shreyastiwari31/asdid-484/asdid_484/cercospora_leaf_blight/cercospora_leaf_blight_256.jpg,cercospora_leaf_blight,1,train
/kaggle/input/datasets/shreyastiwari31/asdid-484/asdid_484/cercospora_leaf_blight/cercospora_leaf_blight_744.jpg,cercospora_leaf_blight,1,train
/kaggle/input/datasets/shreyastiwari31/asdid-484/asdid_484/cercospora_leaf_blight/cercospora_leaf_blight_946.jpg,cercospora_leaf_blight,1,train
/kaggle/input/datasets/shreyastiwari31/asdid-484/asdid_484/cercospora_leaf_blight/cercospora_leaf_blight_1447.jpg,cercospora_leaf_blight,1,train
/kaggle/input/datasets/shreyastiwari31/asdid-484/asdid_484/cercospora_leaf_blight/cercospora_leaf_blight_1162.jpg,cercospora_leaf_blight,1,train
/kaggle/input/datasets/shreyastiwari31/asdid-484/asdid_484/cercospora_leaf_blight/cercospora_leaf_blight_1526.jpg,cercospora_leaf_blight,1,train
/kaggle/input/datasets/shreyastiwari31/asdid-484/asdid_484/cercospora_leaf_blight/cercospora_leaf_blight_378.jpg,cercospora_leaf_blight,1,train
/kaggle/input/datasets/shreyastiwari31/asdid-484/asdid_484/cercospora_leaf_blight/cercospora_leaf_blight_989.jpg,cercospora_leaf_blight,1,train
/kaggle/input/datasets/shreyastiwari31/asdid-484/asdid_484/cercospora_leaf_blight/cercospora_leaf_blight_1377.jpg,cercospora_leaf_blight,1,train
/kaggle/input/datasets/shreyastiwari31/asdid-484/asdid_484/cercospora_leaf_blight/cercospora_leaf_blight_286.jpg,cercospora_leaf_blight,1,train
/kaggle/input/datasets/shreyastiwari31/asdid-484/asdid_484/cercospora_leaf_blight/cercospora_leaf_blight_1136.jpg,cercospora_leaf_blight,1,train
/kaggle/input/datasets/shreyastiwari31/asdid-484/asdid_484/cercospora_leaf_blight/cercospora_leaf_blight_454.jpg,cercospora_leaf_blight,1,train
/kaggle/input/datasets/shreyastiwari31/asdid-484/asdid_484/cercospora_leaf_blight/cercospora_leaf_blight_409.jpg,cercospora_leaf_blight,1,train
/kaggle/input/datasets/shreyastiwari31/asdid-484/asdid_484/cercospora_leaf_blight/cercospora_leaf_blight_1054.jpg,cercospora_leaf_blight,1,train
/kaggle/input/datasets/shreyastiwari31/asdid-484/asdid_484/cercospora_leaf_blight/cercospora_leaf_blight_1121.jpg,cercospora_leaf_blight,1,train
/kaggle/input/datasets/shreyastiwari31/asdid-484/asdid_484/cercospora_leaf_blight/cercospora_leaf_blight_583.jpg,cercospora_leaf_blight,1,train
/kaggle/input/datasets/shreyastiwari31/asdid-484/asdid_484/cercospora_leaf_blight/cercospora_leaf_blight_45.jpg,cercospora_leaf_blight,1,train
/kaggle/input/datasets/shreyastiwari31/asdid-484/asdid_484/cercospora_leaf_blight/cercospora_leaf_blight_747.jpg,cercospora_leaf_blight,1,train
/kaggle/input/datasets/shreyastiwari31/asdid-484/asdid_484/cercospora_leaf_blight/cercospora_leaf_blight_1516.jpg,cercospora_leaf_blight,1,train
/kaggle/input/datasets/shreyastiwari31/asdid-484/asdid_484/cercospora_leaf_blight/cercospora_leaf_blight_1183.jpg,cercospora_leaf_blight,1,train
/kaggle/input/datasets/shreyastiwari31/asdid-484/asdid_484/cercospora_leaf_blight/cercospora_leaf_blight_559.jpg,cercospora_leaf_blight,1,train
/kaggle/input/datasets/shreyastiwari31/asdid-484/asdid_484/cercospora_leaf_blight/cercospora_leaf_blight_85.jpg,cercospora_leaf_blight,1,train
/kaggle/input/datasets/shreyastiwari31/asdid-484/asdid_484/cercospora_leaf_blight/cercospora_leaf_blight_593.jpg,cercospora_leaf_blight,1,train
/kaggle/input/datasets/shreyastiwari31/asdid-484/asdid_484/cercospora_leaf_blight/cercospora_leaf_blight_1118.jpg,cercospora_leaf_blight,1,train
/kaggle/input/datasets/shreyastiwari31/asdid-484/asdid_484/cercospora_leaf_blight/cercospora_leaf_blight_302.jpg,cercospora_leaf_blight,1,train
/kaggle/input/datasets/shreyastiwari31/asdid-484/asdid_484/cercospora_leaf_blight/cercospora_leaf_blight_667.jpg,cercospora_leaf_blight,1,train
/kaggle/input/datasets/shreyastiwari31/asdid-484/asdid_484/cercospora_leaf_blight/cercospora_leaf_blight_506.jpg,cercospora_leaf_blight,1,train
/kaggle/input/datasets/shreyastiwari31/asdid-484/asdid_484/cercospora_leaf_blight/cercospora_leaf_blight_59.jpg,cercospora_leaf_blight,1,train
/kaggle/input/datasets/shreyastiwari31/asdid-484/asdid_484/cercospora_leaf_blight/cercospora_leaf_blight_290.jpg,cercospora_leaf_blight,1,train
/kaggle/input/datasets/shreyastiwari31/asdid-484/asdid_484/cercospora_leaf_blight/cercospora_leaf_blight_446.jpg,cercospora_leaf_blight,1,train
/kaggle/input/datasets/shreyastiwari31/asdid-484/asdid_484/cercospora_leaf_blight/cercospora_leaf_blight_168.jpg,cercospora_leaf_blight,1,train
/kaggle/input/datasets/shreyastiwari31/asdid-484/asdid_484/cercospora_leaf_blight/cercospora_leaf_blight_635.jpg,cercospora_leaf_blight,1,train
/kaggle/input/datasets/shreyastiwari31/asdid-484/asdid_484/cercospora_leaf_blight/cercospora_leaf_blight_514.jpg,cercospora_leaf_blight,1,train
/kaggle/input/datasets/shreyastiwari31/asdid-484/asdid_484/cercospora_leaf_blight/cercospora_leaf_blight_881.jpg,cercospora_leaf_blight,1,train
/kaggle/input/datasets/shreyastiwari31/asdid-484/asdid_484/cercospora_leaf_blight/cercospora_leaf_blight_824.jpg,cercospora_leaf_blight,1,train
/kaggle/input/datasets/shreyastiwari31/asdid-484/asdid_484/cercospora_leaf_blight/cercospora_leaf_blight_1240.jpg,cercospora_leaf_blight,1,train
/kaggle/input/datasets/shreyastiwari31/asdid-484/asdid_484/cercospora_leaf_blight/cercospora_leaf_blight_762.jpg,cercospora_leaf_blight,1,train
/kaggle/input/datasets/shreyastiwari31/asdid-484/asdid_484/cercospora_leaf_blight/cercospora_leaf_blight_157.jpg,cercospora_leaf_blight,1,train
/kaggle/input/datasets/shreyastiwari31/asdid-484/asdid_484/cercospora_leaf_blight/cercospora_leaf_blight_433.jpg,cercospora_leaf_blight,1,train
/kaggle/input/datasets/shreyastiwari31/asdid-484/asdid_484/cercospora_leaf_blight/cercospora_leaf_blight_291.jpg,cercospora_leaf_blight,1,train
/kaggle/input/datasets/shreyastiwari31/asdid-484/asdid_484/cercospora_leaf_blight/cercospora_leaf_blight_1359.jpg,cercospora_leaf_blight,1,train
/kaggle/input/datasets/shreyastiwari31/asdid-484/asdid_484/cercospora_leaf_blight/cercospora_leaf_blight_1399.jpg,cercospora_leaf_blight,1,train
/kaggle/input/datasets/shreyastiwari31/asdid-484/asdid_484/cercospora_leaf_blight/cercospora_leaf_blight_752.jpg,cercospora_leaf_blight,1,train
/kaggle/input/datasets/shreyastiwari31/asdid-484/asdid_484/cercospora_leaf_blight/cercospora_leaf_blight_793.jpg,cercospora_leaf_blight,1,train
/kaggle/input/datasets/shreyastiwari31/asdid-484/asdid_484/cercospora_leaf_blight/cercospora_leaf_blight_1117.jpg,cercospora_leaf_blight,1,train
/kaggle/input/datasets/shreyastiwari31/asdid-484/asdid_484/cercospora_leaf_blight/cercospora_leaf_blight_1334.jpg,cercospora_leaf_blight,1,train
/kaggle/input/datasets/shreyastiwari31/asdid-484/asdid_484/cercospora_leaf_blight/cercospora_leaf_blight_930.jpg,cercospora_leaf_blight,1,train
/kaggle/input/datasets/shreyastiwari31/asdid-484/asdid_484/cercospora_leaf_blight/cercospora_leaf_blight_1345.jpg,cercospora_leaf_blight,1,train
/kaggle/input/datasets/shreyastiwari31/asdid-484/asdid_484/cercospora_leaf_blight/cercospora_leaf_blight_584.jpg,cercospora_leaf_blight,1,train
/kaggle/input/datasets/shreyastiwari31/asdid-484/asdid_484/cercospora_leaf_blight/cercospora_leaf_blight_1278.jpg,cercospora_leaf_blight,1,train
/kaggle/input/datasets/shreyastiwari31/asdid-484/asdid_484/cercospora_leaf_blight/cercospora_leaf_blight_1333.jpg,cercospora_leaf_blight,1,train
/kaggle/input/datasets/shreyastiwari31/asdid-484/asdid_484/cercospora_leaf_blight/cercospora_leaf_blight_164.jpg,cercospora_leaf_blight,1,train
/kaggle/input/datasets/shreyastiwari31/asdid-484/asdid_484/cercospora_leaf_blight/cercospora_leaf_blight_621.jpg,cercospora_leaf_blight,1,train
/kaggle/input/datasets/shreyastiwari31/asdid-484/asdid_484/cercospora_leaf_blight/cercospora_leaf_blight_279.jpg,cercospora_leaf_blight,1,train
/kaggle/input/datasets/shreyastiwari31/asdid-484/asdid_484/cercospora_leaf_blight/cercospora_leaf_blight_41.jpg,cercospora_leaf_blight,1,train
/kaggle/input/datasets/shreyastiwari31/asdid-484/asdid_484/cercospora_leaf_blight/cercospora_leaf_blight_1265.jpg,cercospora_leaf_blight,1,train
/kaggle/input/datasets/shreyastiwari31/asdid-484/asdid_484/cercospora_leaf_blight/cercospora_leaf_blight_1498.jpg,cercospora_leaf_blight,1,train
/kaggle/input/datasets/shreyastiwari31/asdid-484/asdid_484/cercospora_leaf_blight/cercospora_leaf_blight_1372.jpg,cercospora_leaf_blight,1,train
/kaggle/input/datasets/shreyastiwari31/asdid-484/asdid_484/cercospora_leaf_blight/cercospora_leaf_blight_790.jpg,cercospora_leaf_blight,1,train
/kaggle/input/datasets/shreyastiwari31/asdid-484/asdid_484/cercospora_leaf_blight/cercospora_leaf_blight_191.jpg,cercospora_leaf_blight,1,train
/kaggle/input/datasets/shreyastiwari31/asdid-484/asdid_484/cercospora_leaf_blight/cercospora_leaf_blight_434.jpg,cercospora_leaf_blight,1,train
/kaggle/input/datasets/shreyastiwari31/asdid-484/asdid_484/cercospora_leaf_blight/cercospora_leaf_blight_440.jpg,cercospora_leaf_blight,1,train
/kaggle/input/datasets/shreyastiwari31/asdid-484/asdid_484/cercospora_leaf_blight/cercospora_leaf_blight_1396.jpg,cercospora_leaf_blight,1,train
/kaggle/input/datasets/shreyastiwari31/asdid-484/asdid_484/cercospora_leaf_blight/cercospora_leaf_blight_1266.jpg,cercospora_leaf_blight,1,train
/kaggle/input/datasets/shreyastiwari31/asdid-484/asdid_484/cercospora_leaf_blight/cercospora_leaf_blight_499.jpg,cercospora_leaf_blight,1,train
/kaggle/input/datasets/shreyastiwari31/asdid-484/asdid_484/cercospora_leaf_blight/cercospora_leaf_blight_205.jpg,cercospora_leaf_blight,1,train
/kaggle/input/datasets/shreyastiwari31/asdid-484/asdid_484/cercospora_leaf_blight/cercospora_leaf_blight_1080.jpg,cercospora_leaf_blight,1,train
/kaggle/input/datasets/shreyastiwari31/asdid-484/asdid_484/cercospora_leaf_blight/cercospora_leaf_blight_797.jpg,cercospora_leaf_blight,1,train
/kaggle/input/datasets/shreyastiwari31/asdid-484/asdid_484/cercospora_leaf_blight/cercospora_leaf_blight_1519.jpg,cercospora_leaf_blight,1,train
/kaggle/input/datasets/shreyastiwari31/asdid-484/asdid_484/cercospora_leaf_blight/cercospora_leaf_blight_449.jpg,cercospora_leaf_blight,1,train
/kaggle/input/datasets/shreyastiwari31/asdid-484/asdid_484/cercospora_leaf_blight/cercospora_leaf_blight_1528.jpg,cercospora_leaf_blight,1,train
/kaggle/input/datasets/shreyastiwari31/asdid-484/asdid_484/cercospora_leaf_blight/cercospora_leaf_blight_1070.jpg,cercospora_leaf_blight,1,train
/kaggle/input/datasets/shreyastiwari31/asdid-484/asdid_484/cercospora_leaf_blight/cercospora_leaf_blight_543.jpg,cercospora_leaf_blight,1,train
/kaggle/input/datasets/shreyastiwari31/asdid-484/asdid_484/cercospora_leaf_blight/cercospora_leaf_blight_966.jpg,cercospora_leaf_blight,1,train
/kaggle/input/datasets/shreyastiwari31/asdid-484/asdid_484/cercospora_leaf_blight/cercospora_leaf_blight_926.jpg,cercospora_leaf_blight,1,train
/kaggle/input/datasets/shreyastiwari31/asdid-484/asdid_484/cercospora_leaf_blight/cercospora_leaf_blight_778.jpg,cercospora_leaf_blight,1,train
/kaggle/input/datasets/shreyastiwari31/asdid-484/asdid_484/cercospora_leaf_blight/cercospora_leaf_blight_940.jpg,cercospora_leaf_blight,1,train
/kaggle/input/datasets/shreyastiwari31/asdid-484/asdid_484/cercospora_leaf_blight/cercospora_leaf_blight_1130.jpg,cercospora_leaf_blight,1,train
/kaggle/input/datasets/shreyastiwari31/asdid-484/asdid_484/cercospora_leaf_blight/cercospora_leaf_blight_174.jpg,cercospora_leaf_blight,1,train
/kaggle/input/datasets/shreyastiwari31/asdid-484/asdid_484/cercospora_leaf_blight/cercospora_leaf_blight_924.jpg,cercospora_leaf_blight,1,train
/kaggle/input/datasets/shreyastiwari31/asdid-484/asdid_484/cercospora_leaf_blight/cercospora_leaf_blight_1290.jpg,cercospora_leaf_blight,1,train
/kaggle/input/datasets/shreyastiwari31/asdid-484/asdid_484/cercospora_leaf_blight/cercospora_leaf_blight_1515.jpg,cercospora_leaf_blight,1,train
/kaggle/input/datasets/shreyastiwari31/asdid-484/asdid_484/cercospora_leaf_blight/cercospora_leaf_blight_1440.jpg,cercospora_leaf_blight,1,train
/kaggle/input/datasets/shreyastiwari31/asdid-484/asdid_484/cercospora_leaf_blight/cercospora_leaf_blight_341.jpg,cercospora_leaf_blight,1,train
/kaggle/input/datasets/shreyastiwari31/asdid-484/asdid_484/cercospora_leaf_blight/cercospora_leaf_blight_1020.jpg,cercospora_leaf_blight,1,train
/kaggle/input/datasets/shreyastiwari31/asdid-484/asdid_484/cercospora_leaf_blight/cercospora_leaf_blight_1441.jpg,cercospora_leaf_blight,1,train
/kaggle/input/datasets/shreyastiwari31/asdid-484/asdid_484/cercospora_leaf_blight/cercospora_leaf_blight_1074.jpg,cercospora_leaf_blight,1,train
/kaggle/input/datasets/shreyastiwari31/asdid-484/asdid_484/cercospora_leaf_blight/cercospora_leaf_blight_1231.jpg,cercospora_leaf_blight,1,train
/kaggle/input/datasets/shreyastiwari31/asdid-484/asdid_484/cercospora_leaf_blight/cercospora_leaf_blight_450.jpg,cercospora_leaf_blight,1,train
/kaggle/input/datasets/shreyastiwari31/asdid-484/asdid_484/cercospora_leaf_blight/cercospora_leaf_blight_304.jpg,cercospora_leaf_blight,1,train
/kaggle/input/datasets/shreyastiwari31/asdid-484/asdid_484/cercospora_leaf_blight/cercospora_leaf_blight_571.jpg,cercospora_leaf_blight,1,train
/kaggle/input/datasets/shreyastiwari31/asdid-484/asdid_484/cercospora_leaf_blight/cercospora_leaf_blight_155.jpg,cercospora_leaf_blight,1,train
/kaggle/input/datasets/shreyastiwari31/asdid-484/asdid_484/cercospora_leaf_blight/cercospora_leaf_blight_353.jpg,cercospora_leaf_blight,1,train
/kaggle/input/datasets/shreyastiwari31/asdid-484/asdid_484/cercospora_leaf_blight/cercospora_leaf_blight_437.jpg,cercospora_leaf_blight,1,train
/kaggle/input/datasets/shreyastiwari31/asdid-484/asdid_484/cercospora_leaf_blight/cercospora_leaf_blight_726.jpg,cercospora_leaf_blight,1,train
/kaggle/input/datasets/shreyastiwari31/asdid-484/asdid_484/cercospora_leaf_blight/cercospora_leaf_blight_967.jpg,cercospora_leaf_blight,1,train
/kaggle/input/datasets/shreyastiwari31/asdid-484/asdid_484/cercospora_leaf_blight/cercospora_leaf_blight_1287.jpg,cercospora_leaf_blight,1,train
/kaggle/input/datasets/shreyastiwari31/asdid-484/asdid_484/cercospora_leaf_blight/cercospora_leaf_blight_932.jpg,cercospora_leaf_blight,1,train
/kaggle/input/datasets/shreyastiwari31/asdid-484/asdid_484/cercospora_leaf_blight/cercospora_leaf_blight_347.jpg,cercospora_leaf_blight,1,train
/kaggle/input/datasets/shreyastiwari31/asdid-484/asdid_484/cercospora_leaf_blight/cercospora_leaf_blight_987.jpg,cercospora_leaf_blight,1,train
/kaggle/input/datasets/shreyastiwari31/asdid-484/asdid_484/cercospora_leaf_blight/cercospora_leaf_blight_1347.jpg,cercospora_leaf_blight,1,train
/kaggle/input/datasets/shreyastiwari31/asdid-484/asdid_484/cercospora_leaf_blight/cercospora_leaf_blight_939.jpg,cercospora_leaf_blight,1,train
/kaggle/input/datasets/shreyastiwari31/asdid-484/asdid_484/cercospora_leaf_blight/cercospora_leaf_blight_1432.jpg,cercospora_leaf_blight,1,train
/kaggle/input/datasets/shreyastiwari31/asdid-484/asdid_484/cercospora_leaf_blight/cercospora_leaf_blight_1079.jpg,cercospora_leaf_blight,1,train
/kaggle/input/datasets/shreyastiwari31/asdid-484/asdid_484/cercospora_leaf_blight/cercospora_leaf_blight_615.jpg,cercospora_leaf_blight,1,train
/kaggle/input/datasets/shreyastiwari31/asdid-484/asdid_484/cercospora_leaf_blight/cercospora_leaf_blight_1353.jpg,cercospora_leaf_blight,1,train
/kaggle/input/datasets/shreyastiwari31/asdid-484/asdid_484/cercospora_leaf_blight/cercospora_leaf_blight_44.jpg,cercospora_leaf_blight,1,train
/kaggle/input/datasets/shreyastiwari31/asdid-484/asdid_484/cercospora_leaf_blight/cercospora_leaf_blight_1164.jpg,cercospora_leaf_blight,1,train
/kaggle/input/datasets/shreyastiwari31/asdid-484/asdid_484/cercospora_leaf_blight/cercospora_leaf_blight_469.jpg,cercospora_leaf_blight,1,train
/kaggle/input/datasets/shreyastiwari31/asdid-484/asdid_484/cercospora_leaf_blight/cercospora_leaf_blight_1478.jpg,cercospora_leaf_blight,1,train
/kaggle/input/datasets/shreyastiwari31/asdid-484/asdid_484/cercospora_leaf_blight/cercospora_leaf_blight_102.jpg,cercospora_leaf_blight,1,train
/kaggle/input/datasets/shreyastiwari31/asdid-484/asdid_484/cercospora_leaf_blight/cercospora_leaf_blight_393.jpg,cercospora_leaf_blight,1,train
/kaggle/input/datasets/shreyastiwari31/asdid-484/asdid_484/cercospora_leaf_blight/cercospora_leaf_blight_1134.jpg,cercospora_leaf_blight,1,train
/kaggle/input/datasets/shreyastiwari31/asdid-484/asdid_484/cercospora_leaf_blight/cercospora_leaf_blight_802.jpg,cercospora_leaf_blight,1,train
/kaggle/input/datasets/shreyastiwari31/asdid-484/asdid_484/cercospora_leaf_blight/cercospora_leaf_blight_1023.jpg,cercospora_leaf_blight,1,train
/kaggle/input/datasets/shreyastiwari31/asdid-484/asdid_484/cercospora_leaf_blight/cercospora_leaf_blight_1586.jpg,cercospora_leaf_blight,1,train
/kaggle/input/datasets/shreyastiwari31/asdid-484/asdid_484/cercospora_leaf_blight/cercospora_leaf_blight_746.jpg,cercospora_leaf_blight,1,train
/kaggle/input/datasets/shreyastiwari31/asdid-484/asdid_484/cercospora_leaf_blight/cercospora_leaf_blight_252.jpg,cercospora_leaf_blight,1,train
/kaggle/input/datasets/shreyastiwari31/asdid-484/asdid_484/cercospora_leaf_blight/cercospora_leaf_blight_963.jpg,cercospora_leaf_blight,1,train
/kaggle/input/datasets/shreyastiwari31/asdid-484/asdid_484/cercospora_leaf_blight/cercospora_leaf_blight_105.jpg,cercospora_leaf_blight,1,train
/kaggle/input/datasets/shreyastiwari31/asdid-484/asdid_484/cercospora_leaf_blight/cercospora_leaf_blight_15.jpg,cercospora_leaf_blight,1,train
/kaggle/input/datasets/shreyastiwari31/asdid-484/asdid_484/cercospora_leaf_blight/cercospora_leaf_blight_1153.jpg,cercospora_leaf_blight,1,train
/kaggle/input/datasets/shreyastiwari31/asdid-484/asdid_484/cercospora_leaf_blight/cercospora_leaf_blight_748.jpg,cercospora_leaf_blight,1,train
/kaggle/input/datasets/shreyastiwari31/asdid-484/asdid_484/cercospora_leaf_blight/cercospora_leaf_blight_600.jpg,cercospora_leaf_blight,1,train
/kaggle/input/datasets/shreyastiwari31/asdid-484/asdid_484/cercospora_leaf_blight/cercospora_leaf_blight_1403.jpg,cercospora_leaf_blight,1,train
/kaggle/input/datasets/shreyastiwari31/asdid-484/asdid_484/cercospora_leaf_blight/cercospora_leaf_blight_1582.jpg,cercospora_leaf_blight,1,train
/kaggle/input/datasets/shreyastiwari31/asdid-484/asdid_484/cercospora_leaf_blight/cercospora_leaf_blight_1014.jpg,cercospora_leaf_blight,1,train
/kaggle/input/datasets/shreyastiwari31/asdid-484/asdid_484/cercospora_leaf_blight/cercospora_leaf_blight_467.jpg,cercospora_leaf_blight,1,train
/kaggle/input/datasets/shreyastiwari31/asdid-484/asdid_484/cercospora_leaf_blight/cercospora_leaf_blight_1052.jpg,cercospora_leaf_blight,1,train
/kaggle/input/datasets/shreyastiwari31/asdid-484/asdid_484/cercospora_leaf_blight/cercospora_leaf_blight_199.jpg,cercospora_leaf_blight,1,train
/kaggle/input/datasets/shreyastiwari31/asdid-484/asdid_484/cercospora_leaf_blight/cercospora_leaf_blight_1173.jpg,cercospora_leaf_blight,1,train
/kaggle/input/datasets/shreyastiwari31/asdid-484/asdid_484/cercospora_leaf_blight/cercospora_leaf_blight_713.jpg,cercospora_leaf_blight,1,train
/kaggle/input/datasets/shreyastiwari31/asdid-484/asdid_484/cercospora_leaf_blight/cercospora_leaf_blight_706.jpg,cercospora_leaf_blight,1,train
/kaggle/input/datasets/shreyastiwari31/asdid-484/asdid_484/cercospora_leaf_blight/cercospora_leaf_blight_504.jpg,cercospora_leaf_blight,1,train
/kaggle/input/datasets/shreyastiwari31/asdid-484/asdid_484/cercospora_leaf_blight/cercospora_leaf_blight_1585.jpg,cercospora_leaf_blight,1,train
/kaggle/input/datasets/shreyastiwari31/asdid-484/asdid_484/cercospora_leaf_blight/cercospora_leaf_blight_1197.jpg,cercospora_leaf_blight,1,train
/kaggle/input/datasets/shreyastiwari31/asdid-484/asdid_484/cercospora_leaf_blight/cercospora_leaf_blight_890.jpg,cercospora_leaf_blight,1,train
/kaggle/input/datasets/shreyastiwari31/asdid-484/asdid_484/cercospora_leaf_blight/cercospora_leaf_blight_666.jpg,cercospora_leaf_blight,1,train
/kaggle/input/datasets/shreyastiwari31/asdid-484/asdid_484/cercospora_leaf_blight/cercospora_leaf_blight_52.jpg,cercospora_leaf_blight,1,train
/kaggle/input/datasets/shreyastiwari31/asdid-484/asdid_484/cercospora_leaf_blight/cercospora_leaf_blight_678.jpg,cercospora_leaf_blight,1,train
/kaggle/input/datasets/shreyastiwari31/asdid-484/asdid_484/cercospora_leaf_blight/cercospora_leaf_blight_1251.jpg,cercospora_leaf_blight,1,train
/kaggle/input/datasets/shreyastiwari31/asdid-484/asdid_484/cercospora_leaf_blight/cercospora_leaf_blight_247.jpg,cercospora_leaf_blight,1,train
/kaggle/input/datasets/shreyastiwari31/asdid-484/asdid_484/cercospora_leaf_blight/cercospora_leaf_blight_133.jpg,cercospora_leaf_blight,1,train
/kaggle/input/datasets/shreyastiwari31/asdid-484/asdid_484/cercospora_leaf_blight/cercospora_leaf_blight_784.jpg,cercospora_leaf_blight,1,train
/kaggle/input/datasets/shreyastiwari31/asdid-484/asdid_484/cercospora_leaf_blight/cercospora_leaf_blight_415.jpg,cercospora_leaf_blight,1,train
/kaggle/input/datasets/shreyastiwari31/asdid-484/asdid_484/cercospora_leaf_blight/cercospora_leaf_blight_949.jpg,cercospora_leaf_blight,1,train
/kaggle/input/datasets/shreyastiwari31/asdid-484/asdid_484/cercospora_leaf_blight/cercospora_leaf_blight_689.jpg,cercospora_leaf_blight,1,train
/kaggle/input/datasets/shreyastiwari31/asdid-484/asdid_484/cercospora_leaf_blight/cercospora_leaf_blight_1282.jpg,cercospora_leaf_blight,1,train
/kaggle/input/datasets/shreyastiwari31/asdid-484/asdid_484/cercospora_leaf_blight/cercospora_leaf_blight_257.jpg,cercospora_leaf_blight,1,train
/kaggle/input/datasets/shreyastiwari31/asdid-484/asdid_484/cercospora_leaf_blight/cercospora_leaf_blight_1191.jpg,cercospora_leaf_blight,1,train
/kaggle/input/datasets/shreyastiwari31/asdid-484/asdid_484/cercospora_leaf_blight/cercospora_leaf_blight_21.jpg,cercospora_leaf_blight,1,train
/kaggle/input/datasets/shreyastiwari31/asdid-484/asdid_484/cercospora_leaf_blight/cercospora_leaf_blight_1110.jpg,cercospora_leaf_blight,1,train
/kaggle/input/datasets/shreyastiwari31/asdid-484/asdid_484/cercospora_leaf_blight/cercospora_leaf_blight_344.jpg,cercospora_leaf_blight,1,train
/kaggle/input/datasets/shreyastiwari31/asdid-484/asdid_484/cercospora_leaf_blight/cercospora_leaf_blight_166.jpg,cercospora_leaf_blight,1,train
/kaggle/input/datasets/shreyastiwari31/asdid-484/asdid_484/cercospora_leaf_blight/cercospora_leaf_blight_1038.jpg,cercospora_leaf_blight,1,train
/kaggle/input/datasets/shreyastiwari31/asdid-484/asdid_484/cercospora_leaf_blight/cercospora_leaf_blight_771.jpg,cercospora_leaf_blight,1,train
/kaggle/input/datasets/shreyastiwari31/asdid-484/asdid_484/cercospora_leaf_blight/cercospora_leaf_blight_270.jpg,cercospora_leaf_blight,1,train
/kaggle/input/datasets/shreyastiwari31/asdid-484/asdid_484/cercospora_leaf_blight/cercospora_leaf_blight_1258.jpg,cercospora_leaf_blight,1,train
/kaggle/input/datasets/shreyastiwari31/asdid-484/asdid_484/cercospora_leaf_blight/cercospora_leaf_blight_737.jpg,cercospora_leaf_blight,1,train
/kaggle/input/datasets/shreyastiwari31/asdid-484/asdid_484/cercospora_leaf_blight/cercospora_leaf_blight_1514.jpg,cercospora_leaf_blight,1,train
/kaggle/input/datasets/shreyastiwari31/asdid-484/asdid_484/cercospora_leaf_blight/cercospora_leaf_blight_680.jpg,cercospora_leaf_blight,1,train
/kaggle/input/datasets/shreyastiwari31/asdid-484/asdid_484/cercospora_leaf_blight/cercospora_leaf_blight_958.jpg,cercospora_leaf_blight,1,train
/kaggle/input/datasets/shreyastiwari31/asdid-484/asdid_484/cercospora_leaf_blight/cercospora_leaf_blight_479.jpg,cercospora_leaf_blight,1,train
/kaggle/input/datasets/shreyastiwari31/asdid-484/asdid_484/cercospora_leaf_blight/cercospora_leaf_blight_865.jpg,cercospora_leaf_blight,1,train
/kaggle/input/datasets/shreyastiwari31/asdid-484/asdid_484/cercospora_leaf_blight/cercospora_leaf_blight_520.jpg,cercospora_leaf_blight,1,train
/kaggle/input/datasets/shreyastiwari31/asdid-484/asdid_484/cercospora_leaf_blight/cercospora_leaf_blight_381.jpg,cercospora_leaf_blight,1,train
/kaggle/input/datasets/shreyastiwari31/asdid-484/asdid_484/cercospora_leaf_blight/cercospora_leaf_blight_288.jpg,cercospora_leaf_blight,1,train
/kaggle/input/datasets/shreyastiwari31/asdid-484/asdid_484/cercospora_leaf_blight/cercospora_leaf_blight_560.jpg,cercospora_leaf_blight,1,train
/kaggle/input/datasets/shreyastiwari31/asdid-484/asdid_484/cercospora_leaf_blight/cercospora_leaf_blight_379.jpg,cercospora_leaf_blight,1,train
/kaggle/input/datasets/shreyastiwari31/asdid-484/asdid_484/cercospora_leaf_blight/cercospora_leaf_blight_850.jpg,cercospora_leaf_blight,1,train
/kaggle/input/datasets/shreyastiwari31/asdid-484/asdid_484/cercospora_leaf_blight/cercospora_leaf_blight_20.jpg,cercospora_leaf_blight,1,train
/kaggle/input/datasets/shreyastiwari31/asdid-484/asdid_484/cercospora_leaf_blight/cercospora_leaf_blight_42.jpg,cercospora_leaf_blight,1,train
/kaggle/input/datasets/shreyastiwari31/asdid-484/asdid_484/cercospora_leaf_blight/cercospora_leaf_blight_1463.jpg,cercospora_leaf_blight,1,train
/kaggle/input/datasets/shreyastiwari31/asdid-484/asdid_484/cercospora_leaf_blight/cercospora_leaf_blight_1533.jpg,cercospora_leaf_blight,1,train
/kaggle/input/datasets/shreyastiwari31/asdid-484/asdid_484/cercospora_leaf_blight/cercospora_leaf_blight_1011.jpg,cercospora_leaf_blight,1,train
/kaggle/input/datasets/shreyastiwari31/asdid-484/asdid_484/cercospora_leaf_blight/cercospora_leaf_blight_278.jpg,cercospora_leaf_blight,1,train
/kaggle/input/datasets/shreyastiwari31/asdid-484/asdid_484/cercospora_leaf_blight/cercospora_leaf_blight_757.jpg,cercospora_leaf_blight,1,train
/kaggle/input/datasets/shreyastiwari31/asdid-484/asdid_484/cercospora_leaf_blight/cercospora_leaf_blight_103.jpg,cercospora_leaf_blight,1,train
/kaggle/input/datasets/shreyastiwari31/asdid-484/asdid_484/cercospora_leaf_blight/cercospora_leaf_blight_163.jpg,cercospora_leaf_blight,1,train
/kaggle/input/datasets/shreyastiwari31/asdid-484/asdid_484/cercospora_leaf_blight/cercospora_leaf_blight_767.jpg,cercospora_leaf_blight,1,train
/kaggle/input/datasets/shreyastiwari31/asdid-484/asdid_484/cercospora_leaf_blight/cercospora_leaf_blight_1321.jpg,cercospora_leaf_blight,1,train
/kaggle/input/datasets/shreyastiwari31/asdid-484/asdid_484/cercospora_leaf_blight/cercospora_leaf_blight_1081.jpg,cercospora_leaf_blight,1,train
/kaggle/input/datasets/shreyastiwari31/asdid-484/asdid_484/cercospora_leaf_blight/cercospora_leaf_blight_438.jpg,cercospora_leaf_blight,1,train
/kaggle/input/datasets/shreyastiwari31/asdid-484/asdid_484/cercospora_leaf_blight/cercospora_leaf_blight_999.jpg,cercospora_leaf_blight,1,train
/kaggle/input/datasets/shreyastiwari31/asdid-484/asdid_484/cercospora_leaf_blight/cercospora_leaf_blight_373.jpg,cercospora_leaf_blight,1,train
/kaggle/input/datasets/shreyastiwari31/asdid-484/asdid_484/cercospora_leaf_blight/cercospora_leaf_blight_818.jpg,cercospora_leaf_blight,1,train
/kaggle/input/datasets/shreyastiwari31/asdid-484/asdid_484/cercospora_leaf_blight/cercospora_leaf_blight_182.jpg,cercospora_leaf_blight,1,train
/kaggle/input/datasets/shreyastiwari31/asdid-484/asdid_484/cercospora_leaf_blight/cercospora_leaf_blight_602.jpg,cercospora_leaf_blight,1,train
/kaggle/input/datasets/shreyastiwari31/asdid-484/asdid_484/cercospora_leaf_blight/cercospora_leaf_blight_1086.jpg,cercospora_leaf_blight,1,train
/kaggle/input/datasets/shreyastiwari31/asdid-484/asdid_484/cercospora_leaf_blight/cercospora_leaf_blight_688.jpg,cercospora_leaf_blight,1,train
/kaggle/input/datasets/shreyastiwari31/asdid-484/asdid_484/cercospora_leaf_blight/cercospora_leaf_blight_1225.jpg,cercospora_leaf_blight,1,train
/kaggle/input/datasets/shreyastiwari31/asdid-484/asdid_484/cercospora_leaf_blight/cercospora_leaf_blight_590.jpg,cercospora_leaf_blight,1,train
/kaggle/input/datasets/shreyastiwari31/asdid-484/asdid_484/cercospora_leaf_blight/cercospora_leaf_blight_1346.jpg,cercospora_leaf_blight,1,train
/kaggle/input/datasets/shreyastiwari31/asdid-484/asdid_484/cercospora_leaf_blight/cercospora_leaf_blight_1223.jpg,cercospora_leaf_blight,1,train
/kaggle/input/datasets/shreyastiwari31/asdid-484/asdid_484/cercospora_leaf_blight/cercospora_leaf_blight_1192.jpg,cercospora_leaf_blight,1,train
/kaggle/input/datasets/shreyastiwari31/asdid-484/asdid_484/cercospora_leaf_blight/cercospora_leaf_blight_1101.jpg,cercospora_leaf_blight,1,train
/kaggle/input/datasets/shreyastiwari31/asdid-484/asdid_484/cercospora_leaf_blight/cercospora_leaf_blight_37.jpg,cercospora_leaf_blight,1,train
/kaggle/input/datasets/shreyastiwari31/asdid-484/asdid_484/cercospora_leaf_blight/cercospora_leaf_blight_1493.jpg,cercospora_leaf_blight,1,train
/kaggle/input/datasets/shreyastiwari31/asdid-484/asdid_484/cercospora_leaf_blight/cercospora_leaf_blight_844.jpg,cercospora_leaf_blight,1,train
/kaggle/input/datasets/shreyastiwari31/asdid-484/asdid_484/cercospora_leaf_blight/cercospora_leaf_blight_1407.jpg,cercospora_leaf_blight,1,train
/kaggle/input/datasets/shreyastiwari31/asdid-484/asdid_484/cercospora_leaf_blight/cercospora_leaf_blight_838.jpg,cercospora_leaf_blight,1,train
/kaggle/input/datasets/shreyastiwari31/asdid-484/asdid_484/cercospora_leaf_blight/cercospora_leaf_blight_919.jpg,cercospora_leaf_blight,1,train
/kaggle/input/datasets/shreyastiwari31/asdid-484/asdid_484/cercospora_leaf_blight/cercospora_leaf_blight_11.jpg,cercospora_leaf_blight,1,train
/kaggle/input/datasets/shreyastiwari31/asdid-484/asdid_484/cercospora_leaf_blight/cercospora_leaf_blight_228.jpg,cercospora_leaf_blight,1,train
/kaggle/input/datasets/shreyastiwari31/asdid-484/asdid_484/cercospora_leaf_blight/cercospora_leaf_blight_1411.jpg,cercospora_leaf_blight,1,train
/kaggle/input/datasets/shreyastiwari31/asdid-484/asdid_484/cercospora_leaf_blight/cercospora_leaf_blight_1355.jpg,cercospora_leaf_blight,1,train
/kaggle/input/datasets/shreyastiwari31/asdid-484/asdid_484/cercospora_leaf_blight/cercospora_leaf_blight_478.jpg,cercospora_leaf_blight,1,train
/kaggle/input/datasets/shreyastiwari31/asdid-484/asdid_484/cercospora_leaf_blight/cercospora_leaf_blight_287.jpg,cercospora_leaf_blight,1,train
/kaggle/input/datasets/shreyastiwari31/asdid-484/asdid_484/cercospora_leaf_blight/cercospora_leaf_blight_857.jpg,cercospora_leaf_blight,1,train
/kaggle/input/datasets/shreyastiwari31/asdid-484/asdid_484/cercospora_leaf_blight/cercospora_leaf_blight_1414.jpg,cercospora_leaf_blight,1,train
/kaggle/input/datasets/shreyastiwari31/asdid-484/asdid_484/cercospora_leaf_blight/cercospora_leaf_blight_1362.jpg,cercospora_leaf_blight,1,train
/kaggle/input/datasets/shreyastiwari31/asdid-484/asdid_484/cercospora_leaf_blight/cercospora_leaf_blight_1379.jpg,cercospora_leaf_blight,1,train
/kaggle/input/datasets/shreyastiwari31/asdid-484/asdid_484/cercospora_leaf_blight/cercospora_leaf_blight_245.jpg,cercospora_leaf_blight,1,train
/kaggle/input/datasets/shreyastiwari31/asdid-484/asdid_484/cercospora_leaf_blight/cercospora_leaf_blight_8.jpg,cercospora_leaf_blight,1,train
/kaggle/input/datasets/shreyastiwari31/asdid-484/asdid_484/cercospora_leaf_blight/cercospora_leaf_blight_1237.jpg,cercospora_leaf_blight,1,train
/kaggle/input/datasets/shreyastiwari31/asdid-484/asdid_484/cercospora_leaf_blight/cercospora_leaf_blight_238.jpg,cercospora_leaf_blight,1,train
/kaggle/input/datasets/shreyastiwari31/asdid-484/asdid_484/cercospora_leaf_blight/cercospora_leaf_blight_734.jpg,cercospora_leaf_blight,1,train
/kaggle/input/datasets/shreyastiwari31/asdid-484/asdid_484/cercospora_leaf_blight/cercospora_leaf_blight_209.jpg,cercospora_leaf_blight,1,train
/kaggle/input/datasets/shreyastiwari31/asdid-484/asdid_484/cercospora_leaf_blight/cercospora_leaf_blight_313.jpg,cercospora_leaf_blight,1,train
/kaggle/input/datasets/shreyastiwari31/asdid-484/asdid_484/cercospora_leaf_blight/cercospora_leaf_blight_46.jpg,cercospora_leaf_blight,1,train
/kaggle/input/datasets/shreyastiwari31/asdid-484/asdid_484/cercospora_leaf_blight/cercospora_leaf_blight_69.jpg,cercospora_leaf_blight,1,train
/kaggle/input/datasets/shreyastiwari31/asdid-484/asdid_484/cercospora_leaf_blight/cercospora_leaf_blight_1491.jpg,cercospora_leaf_blight,1,train
/kaggle/input/datasets/shreyastiwari31/asdid-484/asdid_484/cercospora_leaf_blight/cercospora_leaf_blight_441.jpg,cercospora_leaf_blight,1,train
/kaggle/input/datasets/shreyastiwari31/asdid-484/asdid_484/cercospora_leaf_blight/cercospora_leaf_blight_401.jpg,cercospora_leaf_blight,1,train
/kaggle/input/datasets/shreyastiwari31/asdid-484/asdid_484/cercospora_leaf_blight/cercospora_leaf_blight_356.jpg,cercospora_leaf_blight,1,train
/kaggle/input/datasets/shreyastiwari31/asdid-484/asdid_484/cercospora_leaf_blight/cercospora_leaf_blight_851.jpg,cercospora_leaf_blight,1,val
/kaggle/input/datasets/shreyastiwari31/asdid-484/asdid_484/cercospora_leaf_blight/cercospora_leaf_blight_1190.jpg,cercospora_leaf_blight,1,val
/kaggle/input/datasets/shreyastiwari31/asdid-484/asdid_484/cercospora_leaf_blight/cercospora_leaf_blight_604.jpg,cercospora_leaf_blight,1,val
/kaggle/input/datasets/shreyastiwari31/asdid-484/asdid_484/cercospora_leaf_blight/cercospora_leaf_blight_1167.jpg,cercospora_leaf_blight,1,val
/kaggle/input/datasets/shreyastiwari31/asdid-484/asdid_484/cercospora_leaf_blight/cercospora_leaf_blight_1363.jpg,cercospora_leaf_blight,1,val
/kaggle/input/datasets/shreyastiwari31/asdid-484/asdid_484/cercospora_leaf_blight/cercospora_leaf_blight_398.jpg,cercospora_leaf_blight,1,val
/kaggle/input/datasets/shreyastiwari31/asdid-484/asdid_484/cercospora_leaf_blight/cercospora_leaf_blight_1065.jpg,cercospora_leaf_blight,1,val
/kaggle/input/datasets/shreyastiwari31/asdid-484/asdid_484/cercospora_leaf_blight/cercospora_leaf_blight_264.jpg,cercospora_leaf_blight,1,val
/kaggle/input/datasets/shreyastiwari31/asdid-484/asdid_484/cercospora_leaf_blight/cercospora_leaf_blight_336.jpg,cercospora_leaf_blight,1,val
/kaggle/input/datasets/shreyastiwari31/asdid-484/asdid_484/cercospora_leaf_blight/cercospora_leaf_blight_1274.jpg,cercospora_leaf_blight,1,val
/kaggle/input/datasets/shreyastiwari31/asdid-484/asdid_484/cercospora_leaf_blight/cercospora_leaf_blight_1335.jpg,cercospora_leaf_blight,1,val
/kaggle/input/datasets/shreyastiwari31/asdid-484/asdid_484/cercospora_leaf_blight/cercospora_leaf_blight_208.jpg,cercospora_leaf_blight,1,val
/kaggle/input/datasets/shreyastiwari31/asdid-484/asdid_484/cercospora_leaf_blight/cercospora_leaf_blight_1147.jpg,cercospora_leaf_blight,1,val
/kaggle/input/datasets/shreyastiwari31/asdid-484/asdid_484/cercospora_leaf_blight/cercospora_leaf_blight_1006.jpg,cercospora_leaf_blight,1,val
/kaggle/input/datasets/shreyastiwari31/asdid-484/asdid_484/cercospora_leaf_blight/cercospora_leaf_blight_574.jpg,cercospora_leaf_blight,1,val
/kaggle/input/datasets/shreyastiwari31/asdid-484/asdid_484/cercospora_leaf_blight/cercospora_leaf_blight_698.jpg,cercospora_leaf_blight,1,val
/kaggle/input/datasets/shreyastiwari31/asdid-484/asdid_484/cercospora_leaf_blight/cercospora_leaf_blight_633.jpg,cercospora_leaf_blight,1,val
/kaggle/input/datasets/shreyastiwari31/asdid-484/asdid_484/cercospora_leaf_blight/cercospora_leaf_blight_136.jpg,cercospora_leaf_blight,1,val
/kaggle/input/datasets/shreyastiwari31/asdid-484/asdid_484/cercospora_leaf_blight/cercospora_leaf_blight_969.jpg,cercospora_leaf_blight,1,val
/kaggle/input/datasets/shreyastiwari31/asdid-484/asdid_484/cercospora_leaf_blight/cercospora_leaf_blight_300.jpg,cercospora_leaf_blight,1,val
/kaggle/input/datasets/shreyastiwari31/asdid-484/asdid_484/cercospora_leaf_blight/cercospora_leaf_blight_1593.jpg,cercospora_leaf_blight,1,val
/kaggle/input/datasets/shreyastiwari31/asdid-484/asdid_484/cercospora_leaf_blight/cercospora_leaf_blight_780.jpg,cercospora_leaf_blight,1,val
/kaggle/input/datasets/shreyastiwari31/asdid-484/asdid_484/cercospora_leaf_blight/cercospora_leaf_blight_1303.jpg,cercospora_leaf_blight,1,val
/kaggle/input/datasets/shreyastiwari31/asdid-484/asdid_484/cercospora_leaf_blight/cercospora_leaf_blight_425.jpg,cercospora_leaf_blight,1,val
/kaggle/input/datasets/shreyastiwari31/asdid-484/asdid_484/cercospora_leaf_blight/cercospora_leaf_blight_481.jpg,cercospora_leaf_blight,1,val
/kaggle/input/datasets/shreyastiwari31/asdid-484/asdid_484/cercospora_leaf_blight/cercospora_leaf_blight_195.jpg,cercospora_leaf_blight,1,val
/kaggle/input/datasets/shreyastiwari31/asdid-484/asdid_484/cercospora_leaf_blight/cercospora_leaf_blight_25.jpg,cercospora_leaf_blight,1,val
/kaggle/input/datasets/shreyastiwari31/asdid-484/asdid_484/cercospora_leaf_blight/cercospora_leaf_blight_1097.jpg,cercospora_leaf_blight,1,val
/kaggle/input/datasets/shreyastiwari31/asdid-484/asdid_484/cercospora_leaf_blight/cercospora_leaf_blight_459.jpg,cercospora_leaf_blight,1,val
/kaggle/input/datasets/shreyastiwari31/asdid-484/asdid_484/cercospora_leaf_blight/cercospora_leaf_blight_276.jpg,cercospora_leaf_blight,1,val
/kaggle/input/datasets/shreyastiwari31/asdid-484/asdid_484/cercospora_leaf_blight/cercospora_leaf_blight_1360.jpg,cercospora_leaf_blight,1,val
/kaggle/input/datasets/shreyastiwari31/asdid-484/asdid_484/cercospora_leaf_blight/cercospora_leaf_blight_106.jpg,cercospora_leaf_blight,1,val
/kaggle/input/datasets/shreyastiwari31/asdid-484/asdid_484/cercospora_leaf_blight/cercospora_leaf_blight_1032.jpg,cercospora_leaf_blight,1,val
/kaggle/input/datasets/shreyastiwari31/asdid-484/asdid_484/cercospora_leaf_blight/cercospora_leaf_blight_1215.jpg,cercospora_leaf_blight,1,val
/kaggle/input/datasets/shreyastiwari31/asdid-484/asdid_484/cercospora_leaf_blight/cercospora_leaf_blight_131.jpg,cercospora_leaf_blight,1,val
/kaggle/input/datasets/shreyastiwari31/asdid-484/asdid_484/cercospora_leaf_blight/cercospora_leaf_blight_1342.jpg,cercospora_leaf_blight,1,val
/kaggle/input/datasets/shreyastiwari31/asdid-484/asdid_484/cercospora_leaf_blight/cercospora_leaf_blight_791.jpg,cercospora_leaf_blight,1,val
/kaggle/input/datasets/shreyastiwari31/asdid-484/asdid_484/cercospora_leaf_blight/cercospora_leaf_blight_546.jpg,cercospora_leaf_blight,1,val
/kaggle/input/datasets/shreyastiwari31/asdid-484/asdid_484/cercospora_leaf_blight/cercospora_leaf_blight_1350.jpg,cercospora_leaf_blight,1,val
/kaggle/input/datasets/shreyastiwari31/asdid-484/asdid_484/cercospora_leaf_blight/cercospora_leaf_blight_1120.jpg,cercospora_leaf_blight,1,val
/kaggle/input/datasets/shreyastiwari31/asdid-484/asdid_484/cercospora_leaf_blight/cercospora_leaf_blight_1513.jpg,cercospora_leaf_blight,1,val
/kaggle/input/datasets/shreyastiwari31/asdid-484/asdid_484/cercospora_leaf_blight/cercospora_leaf_blight_470.jpg,cercospora_leaf_blight,1,val
/kaggle/input/datasets/shreyastiwari31/asdid-484/asdid_484/cercospora_leaf_blight/cercospora_leaf_blight_484.jpg,cercospora_leaf_blight,1,val
/kaggle/input/datasets/shreyastiwari31/asdid-484/asdid_484/cercospora_leaf_blight/cercospora_leaf_blight_803.jpg,cercospora_leaf_blight,1,val
/kaggle/input/datasets/shreyastiwari31/asdid-484/asdid_484/cercospora_leaf_blight/cercospora_leaf_blight_328.jpg,cercospora_leaf_blight,1,val
/kaggle/input/datasets/shreyastiwari31/asdid-484/asdid_484/cercospora_leaf_blight/cercospora_leaf_blight_1435.jpg,cercospora_leaf_blight,1,val
/kaggle/input/datasets/shreyastiwari31/asdid-484/asdid_484/cercospora_leaf_blight/cercospora_leaf_blight_1111.jpg,cercospora_leaf_blight,1,val
/kaggle/input/datasets/shreyastiwari31/asdid-484/asdid_484/cercospora_leaf_blight/cercospora_leaf_blight_530.jpg,cercospora_leaf_blight,1,val
/kaggle/input/datasets/shreyastiwari31/asdid-484/asdid_484/cercospora_leaf_blight/cercospora_leaf_blight_1262.jpg,cercospora_leaf_blight,1,val
/kaggle/input/datasets/shreyastiwari31/asdid-484/asdid_484/cercospora_leaf_blight/cercospora_leaf_blight_642.jpg,cercospora_leaf_blight,1,val
/kaggle/input/datasets/shreyastiwari31/asdid-484/asdid_484/cercospora_leaf_blight/cercospora_leaf_blight_275.jpg,cercospora_leaf_blight,1,val
/kaggle/input/datasets/shreyastiwari31/asdid-484/asdid_484/cercospora_leaf_blight/cercospora_leaf_blight_901.jpg,cercospora_leaf_blight,1,val
/kaggle/input/datasets/shreyastiwari31/asdid-484/asdid_484/cercospora_leaf_blight/cercospora_leaf_blight_1332.jpg,cercospora_leaf_blight,1,val
/kaggle/input/datasets/shreyastiwari31/asdid-484/asdid_484/cercospora_leaf_blight/cercospora_leaf_blight_548.jpg,cercospora_leaf_blight,1,val
/kaggle/input/datasets/shreyastiwari31/asdid-484/asdid_484/cercospora_leaf_blight/cercospora_leaf_blight_690.jpg,cercospora_leaf_blight,1,val
/kaggle/input/datasets/shreyastiwari31/asdid-484/asdid_484/cercospora_leaf_blight/cercospora_leaf_blight_23.jpg,cercospora_leaf_blight,1,val
/kaggle/input/datasets/shreyastiwari31/asdid-484/asdid_484/cercospora_leaf_blight/cercospora_leaf_blight_269.jpg,cercospora_leaf_blight,1,val
/kaggle/input/datasets/shreyastiwari31/asdid-484/asdid_484/cercospora_leaf_blight/cercospora_leaf_blight_1494.jpg,cercospora_leaf_blight,1,val
/kaggle/input/datasets/shreyastiwari31/asdid-484/asdid_484/cercospora_leaf_blight/cercospora_leaf_blight_528.jpg,cercospora_leaf_blight,1,val
/kaggle/input/datasets/shreyastiwari31/asdid-484/asdid_484/cercospora_leaf_blight/cercospora_leaf_blight_907.jpg,cercospora_leaf_blight,1,val
/kaggle/input/datasets/shreyastiwari31/asdid-484/asdid_484/cercospora_leaf_blight/cercospora_leaf_blight_43.jpg,cercospora_leaf_blight,1,val
/kaggle/input/datasets/shreyastiwari31/asdid-484/asdid_484/cercospora_leaf_blight/cercospora_leaf_blight_823.jpg,cercospora_leaf_blight,1,val
/kaggle/input/datasets/shreyastiwari31/asdid-484/asdid_484/cercospora_leaf_blight/cercospora_leaf_blight_1328.jpg,cercospora_leaf_blight,1,val
/kaggle/input/datasets/shreyastiwari31/asdid-484/asdid_484/cercospora_leaf_blight/cercospora_leaf_blight_1436.jpg,cercospora_leaf_blight,1,val
/kaggle/input/datasets/shreyastiwari31/asdid-484/asdid_484/cercospora_leaf_blight/cercospora_leaf_blight_1469.jpg,cercospora_leaf_blight,1,val
/kaggle/input/datasets/shreyastiwari31/asdid-484/asdid_484/cercospora_leaf_blight/cercospora_leaf_blight_862.jpg,cercospora_leaf_blight,1,val
/kaggle/input/datasets/shreyastiwari31/asdid-484/asdid_484/cercospora_leaf_blight/cercospora_leaf_blight_380.jpg,cercospora_leaf_blight,1,val
/kaggle/input/datasets/shreyastiwari31/asdid-484/asdid_484/cercospora_leaf_blight/cercospora_leaf_blight_18.jpg,cercospora_leaf_blight,1,val
/kaggle/input/datasets/shreyastiwari31/asdid-484/asdid_484/cercospora_leaf_blight/cercospora_leaf_blight_1466.jpg,cercospora_leaf_blight,1,val
/kaggle/input/datasets/shreyastiwari31/asdid-484/asdid_484/cercospora_leaf_blight/cercospora_leaf_blight_418.jpg,cercospora_leaf_blight,1,val
/kaggle/input/datasets/shreyastiwari31/asdid-484/asdid_484/cercospora_leaf_blight/cercospora_leaf_blight_468.jpg,cercospora_leaf_blight,1,val
/kaggle/input/datasets/shreyastiwari31/asdid-484/asdid_484/cercospora_leaf_blight/cercospora_leaf_blight_1269.jpg,cercospora_leaf_blight,1,val
/kaggle/input/datasets/shreyastiwari31/asdid-484/asdid_484/cercospora_leaf_blight/cercospora_leaf_blight_670.jpg,cercospora_leaf_blight,1,val
/kaggle/input/datasets/shreyastiwari31/asdid-484/asdid_484/cercospora_leaf_blight/cercospora_leaf_blight_550.jpg,cercospora_leaf_blight,1,test
/kaggle/input/datasets/shreyastiwari31/asdid-484/asdid_484/cercospora_leaf_blight/cercospora_leaf_blight_1588.jpg,cercospora_leaf_blight,1,test
/kaggle/input/datasets/shreyastiwari31/asdid-484/asdid_484/cercospora_leaf_blight/cercospora_leaf_blight_819.jpg,cercospora_leaf_blight,1,test
/kaggle/input/datasets/shreyastiwari31/asdid-484/asdid_484/cercospora_leaf_blight/cercospora_leaf_blight_203.jpg,cercospora_leaf_blight,1,test
/kaggle/input/datasets/shreyastiwari31/asdid-484/asdid_484/cercospora_leaf_blight/cercospora_leaf_blight_1300.jpg,cercospora_leaf_blight,1,test
/kaggle/input/datasets/shreyastiwari31/asdid-484/asdid_484/cercospora_leaf_blight/cercospora_leaf_blight_1178.jpg,cercospora_leaf_blight,1,test
/kaggle/input/datasets/shreyastiwari31/asdid-484/asdid_484/cercospora_leaf_blight/cercospora_leaf_blight_390.jpg,cercospora_leaf_blight,1,test
/kaggle/input/datasets/shreyastiwari31/asdid-484/asdid_484/cercospora_leaf_blight/cercospora_leaf_blight_1462.jpg,cercospora_leaf_blight,1,test
/kaggle/input/datasets/shreyastiwari31/asdid-484/asdid_484/cercospora_leaf_blight/cercospora_leaf_blight_588.jpg,cercospora_leaf_blight,1,test
/kaggle/input/datasets/shreyastiwari31/asdid-484/asdid_484/cercospora_leaf_blight/cercospora_leaf_blight_179.jpg,cercospora_leaf_blight,1,test
/kaggle/input/datasets/shreyastiwari31/asdid-484/asdid_484/cercospora_leaf_blight/cercospora_leaf_blight_1500.jpg,cercospora_leaf_blight,1,test
/kaggle/input/datasets/shreyastiwari31/asdid-484/asdid_484/cercospora_leaf_blight/cercospora_leaf_blight_19.jpg,cercospora_leaf_blight,1,test
/kaggle/input/datasets/shreyastiwari31/asdid-484/asdid_484/cercospora_leaf_blight/cercospora_leaf_blight_542.jpg,cercospora_leaf_blight,1,test
/kaggle/input/datasets/shreyastiwari31/asdid-484/asdid_484/cercospora_leaf_blight/cercospora_leaf_blight_1474.jpg,cercospora_leaf_blight,1,test
/kaggle/input/datasets/shreyastiwari31/asdid-484/asdid_484/cercospora_leaf_blight/cercospora_leaf_blight_315.jpg,cercospora_leaf_blight,1,test
/kaggle/input/datasets/shreyastiwari31/asdid-484/asdid_484/cercospora_leaf_blight/cercospora_leaf_blight_1464.jpg,cercospora_leaf_blight,1,test
/kaggle/input/datasets/shreyastiwari31/asdid-484/asdid_484/cercospora_leaf_blight/cercospora_leaf_blight_848.jpg,cercospora_leaf_blight,1,test
/kaggle/input/datasets/shreyastiwari31/asdid-484/asdid_484/cercospora_leaf_blight/cercospora_leaf_blight_117.jpg,cercospora_leaf_blight,1,test
/kaggle/input/datasets/shreyastiwari31/asdid-484/asdid_484/cercospora_leaf_blight/cercospora_leaf_blight_54.jpg,cercospora_leaf_blight,1,test
/kaggle/input/datasets/shreyastiwari31/asdid-484/asdid_484/cercospora_leaf_blight/cercospora_leaf_blight_917.jpg,cercospora_leaf_blight,1,test
/kaggle/input/datasets/shreyastiwari31/asdid-484/asdid_484/cercospora_leaf_blight/cercospora_leaf_blight_474.jpg,cercospora_leaf_blight,1,test
/kaggle/input/datasets/shreyastiwari31/asdid-484/asdid_484/cercospora_leaf_blight/cercospora_leaf_blight_959.jpg,cercospora_leaf_blight,1,test
/kaggle/input/datasets/shreyastiwari31/asdid-484/asdid_484/cercospora_leaf_blight/cercospora_leaf_blight_540.jpg,cercospora_leaf_blight,1,test
/kaggle/input/datasets/shreyastiwari31/asdid-484/asdid_484/cercospora_leaf_blight/cercospora_leaf_blight_1089.jpg,cercospora_leaf_blight,1,test
/kaggle/input/datasets/shreyastiwari31/asdid-484/asdid_484/cercospora_leaf_blight/cercospora_leaf_blight_217.jpg,cercospora_leaf_blight,1,test
/kaggle/input/datasets/shreyastiwari31/asdid-484/asdid_484/cercospora_leaf_blight/cercospora_leaf_blight_1562.jpg,cercospora_leaf_blight,1,test
/kaggle/input/datasets/shreyastiwari31/asdid-484/asdid_484/cercospora_leaf_blight/cercospora_leaf_blight_1306.jpg,cercospora_leaf_blight,1,test
/kaggle/input/datasets/shreyastiwari31/asdid-484/asdid_484/cercospora_leaf_blight/cercospora_leaf_blight_545.jpg,cercospora_leaf_blight,1,test
/kaggle/input/datasets/shreyastiwari31/asdid-484/asdid_484/cercospora_leaf_blight/cercospora_leaf_blight_653.jpg,cercospora_leaf_blight,1,test
/kaggle/input/datasets/shreyastiwari31/asdid-484/asdid_484/cercospora_leaf_blight/cercospora_leaf_blight_660.jpg,cercospora_leaf_blight,1,test
/kaggle/input/datasets/shreyastiwari31/asdid-484/asdid_484/cercospora_leaf_blight/cercospora_leaf_blight_619.jpg,cercospora_leaf_blight,1,test
/kaggle/input/datasets/shreyastiwari31/asdid-484/asdid_484/cercospora_leaf_blight/cercospora_leaf_blight_572.jpg,cercospora_leaf_blight,1,test
/kaggle/input/datasets/shreyastiwari31/asdid-484/asdid_484/cercospora_leaf_blight/cercospora_leaf_blight_369.jpg,cercospora_leaf_blight,1,test
/kaggle/input/datasets/shreyastiwari31/asdid-484/asdid_484/cercospora_leaf_blight/cercospora_leaf_blight_754.jpg,cercospora_leaf_blight,1,test
/kaggle/input/datasets/shreyastiwari31/asdid-484/asdid_484/cercospora_leaf_blight/cercospora_leaf_blight_337.jpg,cercospora_leaf_blight,1,test
/kaggle/input/datasets/shreyastiwari31/asdid-484/asdid_484/cercospora_leaf_blight/cercospora_leaf_blight_1002.jpg,cercospora_leaf_blight,1,test
/kaggle/input/datasets/shreyastiwari31/asdid-484/asdid_484/cercospora_leaf_blight/cercospora_leaf_blight_914.jpg,cercospora_leaf_blight,1,test
/kaggle/input/datasets/shreyastiwari31/asdid-484/asdid_484/cercospora_leaf_blight/cercospora_leaf_blight_60.jpg,cercospora_leaf_blight,1,test
/kaggle/input/datasets/shreyastiwari31/asdid-484/asdid_484/cercospora_leaf_blight/cercospora_leaf_blight_1059.jpg,cercospora_leaf_blight,1,test
/kaggle/input/datasets/shreyastiwari31/asdid-484/asdid_484/cercospora_leaf_blight/cercospora_leaf_blight_1376.jpg,cercospora_leaf_blight,1,test
/kaggle/input/datasets/shreyastiwari31/asdid-484/asdid_484/cercospora_leaf_blight/cercospora_leaf_blight_1295.jpg,cercospora_leaf_blight,1,test
/kaggle/input/datasets/shreyastiwari31/asdid-484/asdid_484/cercospora_leaf_blight/cercospora_leaf_blight_428.jpg,cercospora_leaf_blight,1,test
/kaggle/input/datasets/shreyastiwari31/asdid-484/asdid_484/cercospora_leaf_blight/cercospora_leaf_blight_1595.jpg,cercospora_leaf_blight,1,test
/kaggle/input/datasets/shreyastiwari31/asdid-484/asdid_484/cercospora_leaf_blight/cercospora_leaf_blight_953.jpg,cercospora_leaf_blight,1,test
/kaggle/input/datasets/shreyastiwari31/asdid-484/asdid_484/cercospora_leaf_blight/cercospora_leaf_blight_320.jpg,cercospora_leaf_blight,1,test
/kaggle/input/datasets/shreyastiwari31/asdid-484/asdid_484/cercospora_leaf_blight/cercospora_leaf_blight_452.jpg,cercospora_leaf_blight,1,test
/kaggle/input/datasets/shreyastiwari31/asdid-484/asdid_484/cercospora_leaf_blight/cercospora_leaf_blight_222.jpg,cercospora_leaf_blight,1,test
/kaggle/input/datasets/shreyastiwari31/asdid-484/asdid_484/cercospora_leaf_blight/cercospora_leaf_blight_1479.jpg,cercospora_leaf_blight,1,test
/kaggle/input/datasets/shreyastiwari31/asdid-484/asdid_484/cercospora_leaf_blight/cercospora_leaf_blight_722.jpg,cercospora_leaf_blight,1,test
/kaggle/input/datasets/shreyastiwari31/asdid-484/asdid_484/cercospora_leaf_blight/cercospora_leaf_blight_634.jpg,cercospora_leaf_blight,1,test
/kaggle/input/datasets/shreyastiwari31/asdid-484/asdid_484/cercospora_leaf_blight/cercospora_leaf_blight_1520.jpg,cercospora_leaf_blight,1,test
/kaggle/input/datasets/shreyastiwari31/asdid-484/asdid_484/cercospora_leaf_blight/cercospora_leaf_blight_220.jpg,cercospora_leaf_blight,1,test
/kaggle/input/datasets/shreyastiwari31/asdid-484/asdid_484/cercospora_leaf_blight/cercospora_leaf_blight_445.jpg,cercospora_leaf_blight,1,test
/kaggle/input/datasets/shreyastiwari31/asdid-484/asdid_484/cercospora_leaf_blight/cercospora_leaf_blight_1148.jpg,cercospora_leaf_blight,1,test
/kaggle/input/datasets/shreyastiwari31/asdid-484/asdid_484/cercospora_leaf_blight/cercospora_leaf_blight_1051.jpg,cercospora_leaf_blight,1,test
/kaggle/input/datasets/shreyastiwari31/asdid-484/asdid_484/cercospora_leaf_blight/cercospora_leaf_blight_139.jpg,cercospora_leaf_blight,1,test
/kaggle/input/datasets/shreyastiwari31/asdid-484/asdid_484/cercospora_leaf_blight/cercospora_leaf_blight_430.jpg,cercospora_leaf_blight,1,test
/kaggle/input/datasets/shreyastiwari31/asdid-484/asdid_484/cercospora_leaf_blight/cercospora_leaf_blight_1275.jpg,cercospora_leaf_blight,1,test
/kaggle/input/datasets/shreyastiwari31/asdid-484/asdid_484/cercospora_leaf_blight/cercospora_leaf_blight_1383.jpg,cercospora_leaf_blight,1,test
/kaggle/input/datasets/shreyastiwari31/asdid-484/asdid_484/cercospora_leaf_blight/cercospora_leaf_blight_869.jpg,cercospora_leaf_blight,1,test
/kaggle/input/datasets/shreyastiwari31/asdid-484/asdid_484/cercospora_leaf_blight/cercospora_leaf_blight_1161.jpg,cercospora_leaf_blight,1,test
/kaggle/input/datasets/shreyastiwari31/asdid-484/asdid_484/cercospora_leaf_blight/cercospora_leaf_blight_1039.jpg,cercospora_leaf_blight,1,test
/kaggle/input/datasets/shreyastiwari31/asdid-484/asdid_484/cercospora_leaf_blight/cercospora_leaf_blight_1503.jpg,cercospora_leaf_blight,1,test
/kaggle/input/datasets/shreyastiwari31/asdid-484/asdid_484/cercospora_leaf_blight/cercospora_leaf_blight_367.jpg,cercospora_leaf_blight,1,test
/kaggle/input/datasets/shreyastiwari31/asdid-484/asdid_484/cercospora_leaf_blight/cercospora_leaf_blight_805.jpg,cercospora_leaf_blight,1,test
/kaggle/input/datasets/shreyastiwari31/asdid-484/asdid_484/cercospora_leaf_blight/cercospora_leaf_blight_555.jpg,cercospora_leaf_blight,1,test
/kaggle/input/datasets/shreyastiwari31/asdid-484/asdid_484/cercospora_leaf_blight/cercospora_leaf_blight_173.jpg,cercospora_leaf_blight,1,test
/kaggle/input/datasets/shreyastiwari31/asdid-484/asdid_484/cercospora_leaf_blight/cercospora_leaf_blight_316.jpg,cercospora_leaf_blight,1,test
/kaggle/input/datasets/shreyastiwari31/asdid-484/asdid_484/cercospora_leaf_blight/cercospora_leaf_blight_505.jpg,cercospora_leaf_blight,1,test
/kaggle/input/datasets/shreyastiwari31/asdid-484/asdid_484/cercospora_leaf_blight/cercospora_leaf_blight_1530.jpg,cercospora_leaf_blight,1,test
/kaggle/input/datasets/shreyastiwari31/asdid-484/asdid_484/cercospora_leaf_blight/cercospora_leaf_blight_1415.jpg,cercospora_leaf_blight,1,test
/kaggle/input/datasets/shreyastiwari31/asdid-484/asdid_484/cercospora_leaf_blight/cercospora_leaf_blight_693.jpg,cercospora_leaf_blight,1,test
/kaggle/input/datasets/shreyastiwari31/asdid-484/asdid_484/downey_mildew/downey_mildew_628.jpg,downey_mildew,2,train
/kaggle/input/datasets/shreyastiwari31/asdid-484/asdid_484/downey_mildew/downey_mildew_141.jpg,downey_mildew,2,train
/kaggle/input/datasets/shreyastiwari31/asdid-484/asdid_484/downey_mildew/downey_mildew_207.jpg,downey_mildew,2,train
/kaggle/input/datasets/shreyastiwari31/asdid-484/asdid_484/downey_mildew/downey_mildew_536.jpg,downey_mildew,2,train
/kaggle/input/datasets/shreyastiwari31/asdid-484/asdid_484/downey_mildew/downey_mildew_256.jpg,downey_mildew,2,train
/kaggle/input/datasets/shreyastiwari31/asdid-484/asdid_484/downey_mildew/downey_mildew_286.jpg,downey_mildew,2,train
/kaggle/input/datasets/shreyastiwari31/asdid-484/asdid_484/downey_mildew/downey_mildew_280.jpg,downey_mildew,2,train
/kaggle/input/datasets/shreyastiwari31/asdid-484/asdid_484/downey_mildew/downey_mildew_84.jpg,downey_mildew,2,train
/kaggle/input/datasets/shreyastiwari31/asdid-484/asdid_484/downey_mildew/downey_mildew_223.jpg,downey_mildew,2,train
/kaggle/input/datasets/shreyastiwari31/asdid-484/asdid_484/downey_mildew/downey_mildew_261.jpg,downey_mildew,2,train
/kaggle/input/datasets/shreyastiwari31/asdid-484/asdid_484/downey_mildew/downey_mildew_546.jpg,downey_mildew,2,train
/kaggle/input/datasets/shreyastiwari31/asdid-484/asdid_484/downey_mildew/downey_mildew_543.jpg,downey_mildew,2,train
/kaggle/input/datasets/shreyastiwari31/asdid-484/asdid_484/downey_mildew/downey_mildew_551.jpg,downey_mildew,2,train
/kaggle/input/datasets/shreyastiwari31/asdid-484/asdid_484/downey_mildew/downey_mildew_252.jpg,downey_mildew,2,train
/kaggle/input/datasets/shreyastiwari31/asdid-484/asdid_484/downey_mildew/downey_mildew_168.jpg,downey_mildew,2,train
/kaggle/input/datasets/shreyastiwari31/asdid-484/asdid_484/downey_mildew/downey_mildew_632.jpg,downey_mildew,2,train
/kaggle/input/datasets/shreyastiwari31/asdid-484/asdid_484/downey_mildew/downey_mildew_54.jpg,downey_mildew,2,train
/kaggle/input/datasets/shreyastiwari31/asdid-484/asdid_484/downey_mildew/downey_mildew_379.jpg,downey_mildew,2,train
/kaggle/input/datasets/shreyastiwari31/asdid-484/asdid_484/downey_mildew/downey_mildew_329.jpg,downey_mildew,2,train
/kaggle/input/datasets/shreyastiwari31/asdid-484/asdid_484/downey_mildew/downey_mildew_68.jpg,downey_mildew,2,train
/kaggle/input/datasets/shreyastiwari31/asdid-484/asdid_484/downey_mildew/downey_mildew_265.jpg,downey_mildew,2,train
/kaggle/input/datasets/shreyastiwari31/asdid-484/asdid_484/downey_mildew/downey_mildew_460.jpg,downey_mildew,2,train
/kaggle/input/datasets/shreyastiwari31/asdid-484/asdid_484/downey_mildew/downey_mildew_170.jpg,downey_mildew,2,train
/kaggle/input/datasets/shreyastiwari31/asdid-484/asdid_484/downey_mildew/downey_mildew_519.jpg,downey_mildew,2,train
/kaggle/input/datasets/shreyastiwari31/asdid-484/asdid_484/downey_mildew/downey_mildew_284.jpg,downey_mildew,2,train
/kaggle/input/datasets/shreyastiwari31/asdid-484/asdid_484/downey_mildew/downey_mildew_169.jpg,downey_mildew,2,train
/kaggle/input/datasets/shreyastiwari31/asdid-484/asdid_484/downey_mildew/downey_mildew_181.jpg,downey_mildew,2,train
/kaggle/input/datasets/shreyastiwari31/asdid-484/asdid_484/downey_mildew/downey_mildew_49.jpg,downey_mildew,2,train
/kaggle/input/datasets/shreyastiwari31/asdid-484/asdid_484/downey_mildew/downey_mildew_333.jpg,downey_mildew,2,train
/kaggle/input/datasets/shreyastiwari31/asdid-484/asdid_484/downey_mildew/downey_mildew_618.jpg,downey_mildew,2,train
/kaggle/input/datasets/shreyastiwari31/asdid-484/asdid_484/downey_mildew/downey_mildew_78.jpg,downey_mildew,2,train
/kaggle/input/datasets/shreyastiwari31/asdid-484/asdid_484/downey_mildew/downey_mildew_124.jpg,downey_mildew,2,train
/kaggle/input/datasets/shreyastiwari31/asdid-484/asdid_484/downey_mildew/downey_mildew_331.jpg,downey_mildew,2,train
/kaggle/input/datasets/shreyastiwari31/asdid-484/asdid_484/downey_mildew/downey_mildew_234.jpg,downey_mildew,2,train
/kaggle/input/datasets/shreyastiwari31/asdid-484/asdid_484/downey_mildew/downey_mildew_98.jpg,downey_mildew,2,train
/kaggle/input/datasets/shreyastiwari31/asdid-484/asdid_484/downey_mildew/downey_mildew_32.jpg,downey_mildew,2,train
/kaggle/input/datasets/shreyastiwari31/asdid-484/asdid_484/downey_mildew/downey_mildew_587.jpg,downey_mildew,2,train
/kaggle/input/datasets/shreyastiwari31/asdid-484/asdid_484/downey_mildew/downey_mildew_91.jpg,downey_mildew,2,train
/kaggle/input/datasets/shreyastiwari31/asdid-484/asdid_484/downey_mildew/downey_mildew_635.jpg,downey_mildew,2,train
/kaggle/input/datasets/shreyastiwari31/asdid-484/asdid_484/downey_mildew/downey_mildew_629.jpg,downey_mildew,2,train
/kaggle/input/datasets/shreyastiwari31/asdid-484/asdid_484/downey_mildew/downey_mildew_4.jpg,downey_mildew,2,train
/kaggle/input/datasets/shreyastiwari31/asdid-484/asdid_484/downey_mildew/downey_mildew_310.jpg,downey_mildew,2,train
/kaggle/input/datasets/shreyastiwari31/asdid-484/asdid_484/downey_mildew/downey_mildew_442.jpg,downey_mildew,2,train
/kaggle/input/datasets/shreyastiwari31/asdid-484/asdid_484/downey_mildew/downey_mildew_371.jpg,downey_mildew,2,train
/kaggle/input/datasets/shreyastiwari31/asdid-484/asdid_484/downey_mildew/downey_mildew_144.jpg,downey_mildew,2,train
/kaggle/input/datasets/shreyastiwari31/asdid-484/asdid_484/downey_mildew/downey_mildew_547.jpg,downey_mildew,2,train
/kaggle/input/datasets/shreyastiwari31/asdid-484/asdid_484/downey_mildew/downey_mildew_363.jpg,downey_mildew,2,train
/kaggle/input/datasets/shreyastiwari31/asdid-484/asdid_484/downey_mildew/downey_mildew_541.jpg,downey_mildew,2,train
/kaggle/input/datasets/shreyastiwari31/asdid-484/asdid_484/downey_mildew/downey_mildew_293.jpg,downey_mildew,2,train
/kaggle/input/datasets/shreyastiwari31/asdid-484/asdid_484/downey_mildew/downey_mildew_510.jpg,downey_mildew,2,train
/kaggle/input/datasets/shreyastiwari31/asdid-484/asdid_484/downey_mildew/downey_mildew_395.jpg,downey_mildew,2,train
/kaggle/input/datasets/shreyastiwari31/asdid-484/asdid_484/downey_mildew/downey_mildew_218.jpg,downey_mildew,2,train
/kaggle/input/datasets/shreyastiwari31/asdid-484/asdid_484/downey_mildew/downey_mildew_579.jpg,downey_mildew,2,train
/kaggle/input/datasets/shreyastiwari31/asdid-484/asdid_484/downey_mildew/downey_mildew_327.jpg,downey_mildew,2,train
/kaggle/input/datasets/shreyastiwari31/asdid-484/asdid_484/downey_mildew/downey_mildew_272.jpg,downey_mildew,2,train
/kaggle/input/datasets/shreyastiwari31/asdid-484/asdid_484/downey_mildew/downey_mildew_453.jpg,downey_mildew,2,train
/kaggle/input/datasets/shreyastiwari31/asdid-484/asdid_484/downey_mildew/downey_mildew_267.jpg,downey_mildew,2,train
/kaggle/input/datasets/shreyastiwari31/asdid-484/asdid_484/downey_mildew/downey_mildew_524.jpg,downey_mildew,2,train
/kaggle/input/datasets/shreyastiwari31/asdid-484/asdid_484/downey_mildew/downey_mildew_149.jpg,downey_mildew,2,train
/kaggle/input/datasets/shreyastiwari31/asdid-484/asdid_484/downey_mildew/downey_mildew_14.jpg,downey_mildew,2,train
/kaggle/input/datasets/shreyastiwari31/asdid-484/asdid_484/downey_mildew/downey_mildew_222.jpg,downey_mildew,2,train
/kaggle/input/datasets/shreyastiwari31/asdid-484/asdid_484/downey_mildew/downey_mildew_107.jpg,downey_mildew,2,train
/kaggle/input/datasets/shreyastiwari31/asdid-484/asdid_484/downey_mildew/downey_mildew_33.jpg,downey_mildew,2,train
/kaggle/input/datasets/shreyastiwari31/asdid-484/asdid_484/downey_mildew/downey_mildew_264.jpg,downey_mildew,2,train
/kaggle/input/datasets/shreyastiwari31/asdid-484/asdid_484/downey_mildew/downey_mildew_120.jpg,downey_mildew,2,train
/kaggle/input/datasets/shreyastiwari31/asdid-484/asdid_484/downey_mildew/downey_mildew_562.jpg,downey_mildew,2,train
/kaggle/input/datasets/shreyastiwari31/asdid-484/asdid_484/downey_mildew/downey_mildew_258.jpg,downey_mildew,2,train
/kaggle/input/datasets/shreyastiwari31/asdid-484/asdid_484/downey_mildew/downey_mildew_369.jpg,downey_mildew,2,train
/kaggle/input/datasets/shreyastiwari31/asdid-484/asdid_484/downey_mildew/downey_mildew_161.jpg,downey_mildew,2,train
/kaggle/input/datasets/shreyastiwari31/asdid-484/asdid_484/downey_mildew/downey_mildew_210.jpg,downey_mildew,2,train
/kaggle/input/datasets/shreyastiwari31/asdid-484/asdid_484/downey_mildew/downey_mildew_232.jpg,downey_mildew,2,train
/kaggle/input/datasets/shreyastiwari31/asdid-484/asdid_484/downey_mildew/downey_mildew_633.jpg,downey_mildew,2,train
/kaggle/input/datasets/shreyastiwari31/asdid-484/asdid_484/downey_mildew/downey_mildew_389.jpg,downey_mildew,2,train
/kaggle/input/datasets/shreyastiwari31/asdid-484/asdid_484/downey_mildew/downey_mildew_444.jpg,downey_mildew,2,train
/kaggle/input/datasets/shreyastiwari31/asdid-484/asdid_484/downey_mildew/downey_mildew_621.jpg,downey_mildew,2,train
/kaggle/input/datasets/shreyastiwari31/asdid-484/asdid_484/downey_mildew/downey_mildew_577.jpg,downey_mildew,2,train
/kaggle/input/datasets/shreyastiwari31/asdid-484/asdid_484/downey_mildew/downey_mildew_105.jpg,downey_mildew,2,train
/kaggle/input/datasets/shreyastiwari31/asdid-484/asdid_484/downey_mildew/downey_mildew_305.jpg,downey_mildew,2,train
/kaggle/input/datasets/shreyastiwari31/asdid-484/asdid_484/downey_mildew/downey_mildew_650.jpg,downey_mildew,2,train
/kaggle/input/datasets/shreyastiwari31/asdid-484/asdid_484/downey_mildew/downey_mildew_526.jpg,downey_mildew,2,train
/kaggle/input/datasets/shreyastiwari31/asdid-484/asdid_484/downey_mildew/downey_mildew_166.jpg,downey_mildew,2,train
/kaggle/input/datasets/shreyastiwari31/asdid-484/asdid_484/downey_mildew/downey_mildew_419.jpg,downey_mildew,2,train
/kaggle/input/datasets/shreyastiwari31/asdid-484/asdid_484/downey_mildew/downey_mildew_365.jpg,downey_mildew,2,train
/kaggle/input/datasets/shreyastiwari31/asdid-484/asdid_484/downey_mildew/downey_mildew_335.jpg,downey_mildew,2,train
/kaggle/input/datasets/shreyastiwari31/asdid-484/asdid_484/downey_mildew/downey_mildew_446.jpg,downey_mildew,2,train
/kaggle/input/datasets/shreyastiwari31/asdid-484/asdid_484/downey_mildew/downey_mildew_561.jpg,downey_mildew,2,train
/kaggle/input/datasets/shreyastiwari31/asdid-484/asdid_484/downey_mildew/downey_mildew_447.jpg,downey_mildew,2,train
/kaggle/input/datasets/shreyastiwari31/asdid-484/asdid_484/downey_mildew/downey_mildew_498.jpg,downey_mildew,2,train
/kaggle/input/datasets/shreyastiwari31/asdid-484/asdid_484/downey_mildew/downey_mildew_474.jpg,downey_mildew,2,train
/kaggle/input/datasets/shreyastiwari31/asdid-484/asdid_484/downey_mildew/downey_mildew_239.jpg,downey_mildew,2,train
/kaggle/input/datasets/shreyastiwari31/asdid-484/asdid_484/downey_mildew/downey_mildew_353.jpg,downey_mildew,2,train
/kaggle/input/datasets/shreyastiwari31/asdid-484/asdid_484/downey_mildew/downey_mildew_103.jpg,downey_mildew,2,train
/kaggle/input/datasets/shreyastiwari31/asdid-484/asdid_484/downey_mildew/downey_mildew_357.jpg,downey_mildew,2,train
/kaggle/input/datasets/shreyastiwari31/asdid-484/asdid_484/downey_mildew/downey_mildew_473.jpg,downey_mildew,2,train
/kaggle/input/datasets/shreyastiwari31/asdid-484/asdid_484/downey_mildew/downey_mildew_563.jpg,downey_mildew,2,train
/kaggle/input/datasets/shreyastiwari31/asdid-484/asdid_484/downey_mildew/downey_mildew_6.jpg,downey_mildew,2,train
/kaggle/input/datasets/shreyastiwari31/asdid-484/asdid_484/downey_mildew/downey_mildew_62.jpg,downey_mildew,2,train
/kaggle/input/datasets/shreyastiwari31/asdid-484/asdid_484/downey_mildew/downey_mildew_509.jpg,downey_mildew,2,train
/kaggle/input/datasets/shreyastiwari31/asdid-484/asdid_484/downey_mildew/downey_mildew_287.jpg,downey_mildew,2,train
/kaggle/input/datasets/shreyastiwari31/asdid-484/asdid_484/downey_mildew/downey_mildew_53.jpg,downey_mildew,2,train
/kaggle/input/datasets/shreyastiwari31/asdid-484/asdid_484/downey_mildew/downey_mildew_388.jpg,downey_mildew,2,train
/kaggle/input/datasets/shreyastiwari31/asdid-484/asdid_484/downey_mildew/downey_mildew_228.jpg,downey_mildew,2,train
/kaggle/input/datasets/shreyastiwari31/asdid-484/asdid_484/downey_mildew/downey_mildew_639.jpg,downey_mildew,2,train
/kaggle/input/datasets/shreyastiwari31/asdid-484/asdid_484/downey_mildew/downey_mildew_35.jpg,downey_mildew,2,train
/kaggle/input/datasets/shreyastiwari31/asdid-484/asdid_484/downey_mildew/downey_mildew_502.jpg,downey_mildew,2,train
/kaggle/input/datasets/shreyastiwari31/asdid-484/asdid_484/downey_mildew/downey_mildew_504.jpg,downey_mildew,2,train
/kaggle/input/datasets/shreyastiwari31/asdid-484/asdid_484/downey_mildew/downey_mildew_117.jpg,downey_mildew,2,train
/kaggle/input/datasets/shreyastiwari31/asdid-484/asdid_484/downey_mildew/downey_mildew_186.jpg,downey_mildew,2,train
/kaggle/input/datasets/shreyastiwari31/asdid-484/asdid_484/downey_mildew/downey_mildew_457.jpg,downey_mildew,2,train
/kaggle/input/datasets/shreyastiwari31/asdid-484/asdid_484/downey_mildew/downey_mildew_481.jpg,downey_mildew,2,train
/kaggle/input/datasets/shreyastiwari31/asdid-484/asdid_484/downey_mildew/downey_mildew_340.jpg,downey_mildew,2,train
/kaggle/input/datasets/shreyastiwari31/asdid-484/asdid_484/downey_mildew/downey_mildew_303.jpg,downey_mildew,2,train
/kaggle/input/datasets/shreyastiwari31/asdid-484/asdid_484/downey_mildew/downey_mildew_380.jpg,downey_mildew,2,train
/kaggle/input/datasets/shreyastiwari31/asdid-484/asdid_484/downey_mildew/downey_mildew_364.jpg,downey_mildew,2,train
/kaggle/input/datasets/shreyastiwari31/asdid-484/asdid_484/downey_mildew/downey_mildew_19.jpg,downey_mildew,2,train
/kaggle/input/datasets/shreyastiwari31/asdid-484/asdid_484/downey_mildew/downey_mildew_225.jpg,downey_mildew,2,train
/kaggle/input/datasets/shreyastiwari31/asdid-484/asdid_484/downey_mildew/downey_mildew_325.jpg,downey_mildew,2,train
/kaggle/input/datasets/shreyastiwari31/asdid-484/asdid_484/downey_mildew/downey_mildew_630.jpg,downey_mildew,2,train
/kaggle/input/datasets/shreyastiwari31/asdid-484/asdid_484/downey_mildew/downey_mildew_251.jpg,downey_mildew,2,train
/kaggle/input/datasets/shreyastiwari31/asdid-484/asdid_484/downey_mildew/downey_mildew_576.jpg,downey_mildew,2,train
/kaggle/input/datasets/shreyastiwari31/asdid-484/asdid_484/downey_mildew/downey_mildew_544.jpg,downey_mildew,2,train
/kaggle/input/datasets/shreyastiwari31/asdid-484/asdid_484/downey_mildew/downey_mildew_373.jpg,downey_mildew,2,train
/kaggle/input/datasets/shreyastiwari31/asdid-484/asdid_484/downey_mildew/downey_mildew_134.jpg,downey_mildew,2,train
/kaggle/input/datasets/shreyastiwari31/asdid-484/asdid_484/downey_mildew/downey_mildew_451.jpg,downey_mildew,2,train
/kaggle/input/datasets/shreyastiwari31/asdid-484/asdid_484/downey_mildew/downey_mildew_332.jpg,downey_mildew,2,train
/kaggle/input/datasets/shreyastiwari31/asdid-484/asdid_484/downey_mildew/downey_mildew_61.jpg,downey_mildew,2,train
/kaggle/input/datasets/shreyastiwari31/asdid-484/asdid_484/downey_mildew/downey_mildew_262.jpg,downey_mildew,2,train
/kaggle/input/datasets/shreyastiwari31/asdid-484/asdid_484/downey_mildew/downey_mildew_620.jpg,downey_mildew,2,train
/kaggle/input/datasets/shreyastiwari31/asdid-484/asdid_484/downey_mildew/downey_mildew_136.jpg,downey_mildew,2,train
/kaggle/input/datasets/shreyastiwari31/asdid-484/asdid_484/downey_mildew/downey_mildew_208.jpg,downey_mildew,2,train
/kaggle/input/datasets/shreyastiwari31/asdid-484/asdid_484/downey_mildew/downey_mildew_275.jpg,downey_mildew,2,train
/kaggle/input/datasets/shreyastiwari31/asdid-484/asdid_484/downey_mildew/downey_mildew_323.jpg,downey_mildew,2,train
/kaggle/input/datasets/shreyastiwari31/asdid-484/asdid_484/downey_mildew/downey_mildew_438.jpg,downey_mildew,2,train
/kaggle/input/datasets/shreyastiwari31/asdid-484/asdid_484/downey_mildew/downey_mildew_424.jpg,downey_mildew,2,train
/kaggle/input/datasets/shreyastiwari31/asdid-484/asdid_484/downey_mildew/downey_mildew_48.jpg,downey_mildew,2,train
/kaggle/input/datasets/shreyastiwari31/asdid-484/asdid_484/downey_mildew/downey_mildew_60.jpg,downey_mildew,2,train
/kaggle/input/datasets/shreyastiwari31/asdid-484/asdid_484/downey_mildew/downey_mildew_370.jpg,downey_mildew,2,train
/kaggle/input/datasets/shreyastiwari31/asdid-484/asdid_484/downey_mildew/downey_mildew_311.jpg,downey_mildew,2,train
/kaggle/input/datasets/shreyastiwari31/asdid-484/asdid_484/downey_mildew/downey_mildew_278.jpg,downey_mildew,2,train
/kaggle/input/datasets/shreyastiwari31/asdid-484/asdid_484/downey_mildew/downey_mildew_425.jpg,downey_mildew,2,train
/kaggle/input/datasets/shreyastiwari31/asdid-484/asdid_484/downey_mildew/downey_mildew_477.jpg,downey_mildew,2,train
/kaggle/input/datasets/shreyastiwari31/asdid-484/asdid_484/downey_mildew/downey_mildew_231.jpg,downey_mildew,2,train
/kaggle/input/datasets/shreyastiwari31/asdid-484/asdid_484/downey_mildew/downey_mildew_575.jpg,downey_mildew,2,train
/kaggle/input/datasets/shreyastiwari31/asdid-484/asdid_484/downey_mildew/downey_mildew_411.jpg,downey_mildew,2,train
/kaggle/input/datasets/shreyastiwari31/asdid-484/asdid_484/downey_mildew/downey_mildew_593.jpg,downey_mildew,2,train
/kaggle/input/datasets/shreyastiwari31/asdid-484/asdid_484/downey_mildew/downey_mildew_143.jpg,downey_mildew,2,train
/kaggle/input/datasets/shreyastiwari31/asdid-484/asdid_484/downey_mildew/downey_mildew_217.jpg,downey_mildew,2,train
/kaggle/input/datasets/shreyastiwari31/asdid-484/asdid_484/downey_mildew/downey_mildew_11.jpg,downey_mildew,2,train
/kaggle/input/datasets/shreyastiwari31/asdid-484/asdid_484/downey_mildew/downey_mildew_237.jpg,downey_mildew,2,train
/kaggle/input/datasets/shreyastiwari31/asdid-484/asdid_484/downey_mildew/downey_mildew_79.jpg,downey_mildew,2,train
/kaggle/input/datasets/shreyastiwari31/asdid-484/asdid_484/downey_mildew/downey_mildew_649.jpg,downey_mildew,2,train
/kaggle/input/datasets/shreyastiwari31/asdid-484/asdid_484/downey_mildew/downey_mildew_13.jpg,downey_mildew,2,train
/kaggle/input/datasets/shreyastiwari31/asdid-484/asdid_484/downey_mildew/downey_mildew_479.jpg,downey_mildew,2,train
/kaggle/input/datasets/shreyastiwari31/asdid-484/asdid_484/downey_mildew/downey_mildew_321.jpg,downey_mildew,2,train
/kaggle/input/datasets/shreyastiwari31/asdid-484/asdid_484/downey_mildew/downey_mildew_160.jpg,downey_mildew,2,train
/kaggle/input/datasets/shreyastiwari31/asdid-484/asdid_484/downey_mildew/downey_mildew_17.jpg,downey_mildew,2,train
/kaggle/input/datasets/shreyastiwari31/asdid-484/asdid_484/downey_mildew/downey_mildew_214.jpg,downey_mildew,2,train
/kaggle/input/datasets/shreyastiwari31/asdid-484/asdid_484/downey_mildew/downey_mildew_515.jpg,downey_mildew,2,train
/kaggle/input/datasets/shreyastiwari31/asdid-484/asdid_484/downey_mildew/downey_mildew_396.jpg,downey_mildew,2,train
/kaggle/input/datasets/shreyastiwari31/asdid-484/asdid_484/downey_mildew/downey_mildew_456.jpg,downey_mildew,2,train
/kaggle/input/datasets/shreyastiwari31/asdid-484/asdid_484/downey_mildew/downey_mildew_550.jpg,downey_mildew,2,train
/kaggle/input/datasets/shreyastiwari31/asdid-484/asdid_484/downey_mildew/downey_mildew_619.jpg,downey_mildew,2,train
/kaggle/input/datasets/shreyastiwari31/asdid-484/asdid_484/downey_mildew/downey_mildew_113.jpg,downey_mildew,2,train
/kaggle/input/datasets/shreyastiwari31/asdid-484/asdid_484/downey_mildew/downey_mildew_647.jpg,downey_mildew,2,train
/kaggle/input/datasets/shreyastiwari31/asdid-484/asdid_484/downey_mildew/downey_mildew_52.jpg,downey_mildew,2,train
/kaggle/input/datasets/shreyastiwari31/asdid-484/asdid_484/downey_mildew/downey_mildew_188.jpg,downey_mildew,2,train
/kaggle/input/datasets/shreyastiwari31/asdid-484/asdid_484/downey_mildew/downey_mildew_648.jpg,downey_mildew,2,train
/kaggle/input/datasets/shreyastiwari31/asdid-484/asdid_484/downey_mildew/downey_mildew_106.jpg,downey_mildew,2,train
/kaggle/input/datasets/shreyastiwari31/asdid-484/asdid_484/downey_mildew/downey_mildew_429.jpg,downey_mildew,2,train
/kaggle/input/datasets/shreyastiwari31/asdid-484/asdid_484/downey_mildew/downey_mildew_427.jpg,downey_mildew,2,train
/kaggle/input/datasets/shreyastiwari31/asdid-484/asdid_484/downey_mildew/downey_mildew_518.jpg,downey_mildew,2,train
/kaggle/input/datasets/shreyastiwari31/asdid-484/asdid_484/downey_mildew/downey_mildew_516.jpg,downey_mildew,2,train
/kaggle/input/datasets/shreyastiwari31/asdid-484/asdid_484/downey_mildew/downey_mildew_279.jpg,downey_mildew,2,train
/kaggle/input/datasets/shreyastiwari31/asdid-484/asdid_484/downey_mildew/downey_mildew_420.jpg,downey_mildew,2,train
/kaggle/input/datasets/shreyastiwari31/asdid-484/asdid_484/downey_mildew/downey_mildew_497.jpg,downey_mildew,2,train
/kaggle/input/datasets/shreyastiwari31/asdid-484/asdid_484/downey_mildew/downey_mildew_81.jpg,downey_mildew,2,train
/kaggle/input/datasets/shreyastiwari31/asdid-484/asdid_484/downey_mildew/downey_mildew_254.jpg,downey_mildew,2,train
/kaggle/input/datasets/shreyastiwari31/asdid-484/asdid_484/downey_mildew/downey_mildew_221.jpg,downey_mildew,2,train
/kaggle/input/datasets/shreyastiwari31/asdid-484/asdid_484/downey_mildew/downey_mildew_162.jpg,downey_mildew,2,train
/kaggle/input/datasets/shreyastiwari31/asdid-484/asdid_484/downey_mildew/downey_mildew_437.jpg,downey_mildew,2,train
/kaggle/input/datasets/shreyastiwari31/asdid-484/asdid_484/downey_mildew/downey_mildew_243.jpg,downey_mildew,2,train
/kaggle/input/datasets/shreyastiwari31/asdid-484/asdid_484/downey_mildew/downey_mildew_610.jpg,downey_mildew,2,train
/kaggle/input/datasets/shreyastiwari31/asdid-484/asdid_484/downey_mildew/downey_mildew_466.jpg,downey_mildew,2,train
/kaggle/input/datasets/shreyastiwari31/asdid-484/asdid_484/downey_mildew/downey_mildew_233.jpg,downey_mildew,2,train
/kaggle/input/datasets/shreyastiwari31/asdid-484/asdid_484/downey_mildew/downey_mildew_349.jpg,downey_mildew,2,train
/kaggle/input/datasets/shreyastiwari31/asdid-484/asdid_484/downey_mildew/downey_mildew_382.jpg,downey_mildew,2,train
/kaggle/input/datasets/shreyastiwari31/asdid-484/asdid_484/downey_mildew/downey_mildew_283.jpg,downey_mildew,2,train
/kaggle/input/datasets/shreyastiwari31/asdid-484/asdid_484/downey_mildew/downey_mildew_211.jpg,downey_mildew,2,train
/kaggle/input/datasets/shreyastiwari31/asdid-484/asdid_484/downey_mildew/downey_mildew_385.jpg,downey_mildew,2,train
/kaggle/input/datasets/shreyastiwari31/asdid-484/asdid_484/downey_mildew/downey_mildew_538.jpg,downey_mildew,2,train
/kaggle/input/datasets/shreyastiwari31/asdid-484/asdid_484/downey_mildew/downey_mildew_15.jpg,downey_mildew,2,train
/kaggle/input/datasets/shreyastiwari31/asdid-484/asdid_484/downey_mildew/downey_mildew_573.jpg,downey_mildew,2,train
/kaggle/input/datasets/shreyastiwari31/asdid-484/asdid_484/downey_mildew/downey_mildew_415.jpg,downey_mildew,2,train
/kaggle/input/datasets/shreyastiwari31/asdid-484/asdid_484/downey_mildew/downey_mildew_397.jpg,downey_mildew,2,train
/kaggle/input/datasets/shreyastiwari31/asdid-484/asdid_484/downey_mildew/downey_mildew_445.jpg,downey_mildew,2,train
/kaggle/input/datasets/shreyastiwari31/asdid-484/asdid_484/downey_mildew/downey_mildew_102.jpg,downey_mildew,2,train
/kaggle/input/datasets/shreyastiwari31/asdid-484/asdid_484/downey_mildew/downey_mildew_586.jpg,downey_mildew,2,train
/kaggle/input/datasets/shreyastiwari31/asdid-484/asdid_484/downey_mildew/downey_mildew_347.jpg,downey_mildew,2,train
/kaggle/input/datasets/shreyastiwari31/asdid-484/asdid_484/downey_mildew/downey_mildew_597.jpg,downey_mildew,2,train
/kaggle/input/datasets/shreyastiwari31/asdid-484/asdid_484/downey_mildew/downey_mildew_180.jpg,downey_mildew,2,train
/kaggle/input/datasets/shreyastiwari31/asdid-484/asdid_484/downey_mildew/downey_mildew_299.jpg,downey_mildew,2,train
/kaggle/input/datasets/shreyastiwari31/asdid-484/asdid_484/downey_mildew/downey_mildew_83.jpg,downey_mildew,2,train
/kaggle/input/datasets/shreyastiwari31/asdid-484/asdid_484/downey_mildew/downey_mildew_542.jpg,downey_mildew,2,train
/kaggle/input/datasets/shreyastiwari31/asdid-484/asdid_484/downey_mildew/downey_mildew_634.jpg,downey_mildew,2,train
/kaggle/input/datasets/shreyastiwari31/asdid-484/asdid_484/downey_mildew/downey_mildew_496.jpg,downey_mildew,2,train
/kaggle/input/datasets/shreyastiwari31/asdid-484/asdid_484/downey_mildew/downey_mildew_259.jpg,downey_mildew,2,train
/kaggle/input/datasets/shreyastiwari31/asdid-484/asdid_484/downey_mildew/downey_mildew_176.jpg,downey_mildew,2,train
/kaggle/input/datasets/shreyastiwari31/asdid-484/asdid_484/downey_mildew/downey_mildew_367.jpg,downey_mildew,2,train
/kaggle/input/datasets/shreyastiwari31/asdid-484/asdid_484/downey_mildew/downey_mildew_572.jpg,downey_mildew,2,train
/kaggle/input/datasets/shreyastiwari31/asdid-484/asdid_484/downey_mildew/downey_mildew_483.jpg,downey_mildew,2,train
/kaggle/input/datasets/shreyastiwari31/asdid-484/asdid_484/downey_mildew/downey_mildew_289.jpg,downey_mildew,2,train
/kaggle/input/datasets/shreyastiwari31/asdid-484/asdid_484/downey_mildew/downey_mildew_584.jpg,downey_mildew,2,train
/kaggle/input/datasets/shreyastiwari31/asdid-484/asdid_484/downey_mildew/downey_mildew_154.jpg,downey_mildew,2,train
/kaggle/input/datasets/shreyastiwari31/asdid-484/asdid_484/downey_mildew/downey_mildew_153.jpg,downey_mildew,2,train
/kaggle/input/datasets/shreyastiwari31/asdid-484/asdid_484/downey_mildew/downey_mildew_571.jpg,downey_mildew,2,train
/kaggle/input/datasets/shreyastiwari31/asdid-484/asdid_484/downey_mildew/downey_mildew_350.jpg,downey_mildew,2,train
/kaggle/input/datasets/shreyastiwari31/asdid-484/asdid_484/downey_mildew/downey_mildew_600.jpg,downey_mildew,2,train
/kaggle/input/datasets/shreyastiwari31/asdid-484/asdid_484/downey_mildew/downey_mildew_470.jpg,downey_mildew,2,train
/kaggle/input/datasets/shreyastiwari31/asdid-484/asdid_484/downey_mildew/downey_mildew_23.jpg,downey_mildew,2,train
/kaggle/input/datasets/shreyastiwari31/asdid-484/asdid_484/downey_mildew/downey_mildew_417.jpg,downey_mildew,2,train
/kaggle/input/datasets/shreyastiwari31/asdid-484/asdid_484/downey_mildew/downey_mildew_595.jpg,downey_mildew,2,train
/kaggle/input/datasets/shreyastiwari31/asdid-484/asdid_484/downey_mildew/downey_mildew_147.jpg,downey_mildew,2,train
/kaggle/input/datasets/shreyastiwari31/asdid-484/asdid_484/downey_mildew/downey_mildew_235.jpg,downey_mildew,2,train
/kaggle/input/datasets/shreyastiwari31/asdid-484/asdid_484/downey_mildew/downey_mildew_219.jpg,downey_mildew,2,train
/kaggle/input/datasets/shreyastiwari31/asdid-484/asdid_484/downey_mildew/downey_mildew_215.jpg,downey_mildew,2,train
/kaggle/input/datasets/shreyastiwari31/asdid-484/asdid_484/downey_mildew/downey_mildew_195.jpg,downey_mildew,2,train
/kaggle/input/datasets/shreyastiwari31/asdid-484/asdid_484/downey_mildew/downey_mildew_589.jpg,downey_mildew,2,train
/kaggle/input/datasets/shreyastiwari31/asdid-484/asdid_484/downey_mildew/downey_mildew_480.jpg,downey_mildew,2,train
/kaggle/input/datasets/shreyastiwari31/asdid-484/asdid_484/downey_mildew/downey_mildew_205.jpg,downey_mildew,2,train
/kaggle/input/datasets/shreyastiwari31/asdid-484/asdid_484/downey_mildew/downey_mildew_112.jpg,downey_mildew,2,train
/kaggle/input/datasets/shreyastiwari31/asdid-484/asdid_484/downey_mildew/downey_mildew_422.jpg,downey_mildew,2,train
/kaggle/input/datasets/shreyastiwari31/asdid-484/asdid_484/downey_mildew/downey_mildew_468.jpg,downey_mildew,2,train
/kaggle/input/datasets/shreyastiwari31/asdid-484/asdid_484/downey_mildew/downey_mildew_317.jpg,downey_mildew,2,train
/kaggle/input/datasets/shreyastiwari31/asdid-484/asdid_484/downey_mildew/downey_mildew_152.jpg,downey_mildew,2,train
/kaggle/input/datasets/shreyastiwari31/asdid-484/asdid_484/downey_mildew/downey_mildew_238.jpg,downey_mildew,2,train
/kaggle/input/datasets/shreyastiwari31/asdid-484/asdid_484/downey_mildew/downey_mildew_540.jpg,downey_mildew,2,train
/kaggle/input/datasets/shreyastiwari31/asdid-484/asdid_484/downey_mildew/downey_mildew_407.jpg,downey_mildew,2,train
/kaggle/input/datasets/shreyastiwari31/asdid-484/asdid_484/downey_mildew/downey_mildew_320.jpg,downey_mildew,2,train
/kaggle/input/datasets/shreyastiwari31/asdid-484/asdid_484/downey_mildew/downey_mildew_611.jpg,downey_mildew,2,train
/kaggle/input/datasets/shreyastiwari31/asdid-484/asdid_484/downey_mildew/downey_mildew_461.jpg,downey_mildew,2,train
/kaggle/input/datasets/shreyastiwari31/asdid-484/asdid_484/downey_mildew/downey_mildew_131.jpg,downey_mildew,2,train
/kaggle/input/datasets/shreyastiwari31/asdid-484/asdid_484/downey_mildew/downey_mildew_236.jpg,downey_mildew,2,train
/kaggle/input/datasets/shreyastiwari31/asdid-484/asdid_484/downey_mildew/downey_mildew_129.jpg,downey_mildew,2,train
/kaggle/input/datasets/shreyastiwari31/asdid-484/asdid_484/downey_mildew/downey_mildew_334.jpg,downey_mildew,2,train
/kaggle/input/datasets/shreyastiwari31/asdid-484/asdid_484/downey_mildew/downey_mildew_500.jpg,downey_mildew,2,train
/kaggle/input/datasets/shreyastiwari31/asdid-484/asdid_484/downey_mildew/downey_mildew_421.jpg,downey_mildew,2,train
/kaggle/input/datasets/shreyastiwari31/asdid-484/asdid_484/downey_mildew/downey_mildew_386.jpg,downey_mildew,2,train
/kaggle/input/datasets/shreyastiwari31/asdid-484/asdid_484/downey_mildew/downey_mildew_315.jpg,downey_mildew,2,train
/kaggle/input/datasets/shreyastiwari31/asdid-484/asdid_484/downey_mildew/downey_mildew_545.jpg,downey_mildew,2,train
/kaggle/input/datasets/shreyastiwari31/asdid-484/asdid_484/downey_mildew/downey_mildew_499.jpg,downey_mildew,2,train
/kaggle/input/datasets/shreyastiwari31/asdid-484/asdid_484/downey_mildew/downey_mildew_119.jpg,downey_mildew,2,train
/kaggle/input/datasets/shreyastiwari31/asdid-484/asdid_484/downey_mildew/downey_mildew_290.jpg,downey_mildew,2,train
/kaggle/input/datasets/shreyastiwari31/asdid-484/asdid_484/downey_mildew/downey_mildew_110.jpg,downey_mildew,2,train
/kaggle/input/datasets/shreyastiwari31/asdid-484/asdid_484/downey_mildew/downey_mildew_270.jpg,downey_mildew,2,train
/kaggle/input/datasets/shreyastiwari31/asdid-484/asdid_484/downey_mildew/downey_mildew_574.jpg,downey_mildew,2,train
/kaggle/input/datasets/shreyastiwari31/asdid-484/asdid_484/downey_mildew/downey_mildew_401.jpg,downey_mildew,2,train
/kaggle/input/datasets/shreyastiwari31/asdid-484/asdid_484/downey_mildew/downey_mildew_441.jpg,downey_mildew,2,train
/kaggle/input/datasets/shreyastiwari31/asdid-484/asdid_484/downey_mildew/downey_mildew_337.jpg,downey_mildew,2,train
/kaggle/input/datasets/shreyastiwari31/asdid-484/asdid_484/downey_mildew/downey_mildew_627.jpg,downey_mildew,2,train
/kaggle/input/datasets/shreyastiwari31/asdid-484/asdid_484/downey_mildew/downey_mildew_607.jpg,downey_mildew,2,train
/kaggle/input/datasets/shreyastiwari31/asdid-484/asdid_484/downey_mildew/downey_mildew_351.jpg,downey_mildew,2,train
/kaggle/input/datasets/shreyastiwari31/asdid-484/asdid_484/downey_mildew/downey_mildew_312.jpg,downey_mildew,2,train
/kaggle/input/datasets/shreyastiwari31/asdid-484/asdid_484/downey_mildew/downey_mildew_69.jpg,downey_mildew,2,train
/kaggle/input/datasets/shreyastiwari31/asdid-484/asdid_484/downey_mildew/downey_mildew_59.jpg,downey_mildew,2,train
/kaggle/input/datasets/shreyastiwari31/asdid-484/asdid_484/downey_mildew/downey_mildew_148.jpg,downey_mildew,2,train
/kaggle/input/datasets/shreyastiwari31/asdid-484/asdid_484/downey_mildew/downey_mildew_2.jpg,downey_mildew,2,train
/kaggle/input/datasets/shreyastiwari31/asdid-484/asdid_484/downey_mildew/downey_mildew_568.jpg,downey_mildew,2,train
/kaggle/input/datasets/shreyastiwari31/asdid-484/asdid_484/downey_mildew/downey_mildew_191.jpg,downey_mildew,2,train
/kaggle/input/datasets/shreyastiwari31/asdid-484/asdid_484/downey_mildew/downey_mildew_506.jpg,downey_mildew,2,train
/kaggle/input/datasets/shreyastiwari31/asdid-484/asdid_484/downey_mildew/downey_mildew_625.jpg,downey_mildew,2,train
/kaggle/input/datasets/shreyastiwari31/asdid-484/asdid_484/downey_mildew/downey_mildew_423.jpg,downey_mildew,2,train
/kaggle/input/datasets/shreyastiwari31/asdid-484/asdid_484/downey_mildew/downey_mildew_428.jpg,downey_mildew,2,train
/kaggle/input/datasets/shreyastiwari31/asdid-484/asdid_484/downey_mildew/downey_mildew_377.jpg,downey_mildew,2,train
/kaggle/input/datasets/shreyastiwari31/asdid-484/asdid_484/downey_mildew/downey_mildew_164.jpg,downey_mildew,2,train
/kaggle/input/datasets/shreyastiwari31/asdid-484/asdid_484/downey_mildew/downey_mildew_307.jpg,downey_mildew,2,train
/kaggle/input/datasets/shreyastiwari31/asdid-484/asdid_484/downey_mildew/downey_mildew_410.jpg,downey_mildew,2,train
/kaggle/input/datasets/shreyastiwari31/asdid-484/asdid_484/downey_mildew/downey_mildew_179.jpg,downey_mildew,2,train
/kaggle/input/datasets/shreyastiwari31/asdid-484/asdid_484/downey_mildew/downey_mildew_548.jpg,downey_mildew,2,train
/kaggle/input/datasets/shreyastiwari31/asdid-484/asdid_484/downey_mildew/downey_mildew_555.jpg,downey_mildew,2,train
/kaggle/input/datasets/shreyastiwari31/asdid-484/asdid_484/downey_mildew/downey_mildew_198.jpg,downey_mildew,2,train
/kaggle/input/datasets/shreyastiwari31/asdid-484/asdid_484/downey_mildew/downey_mildew_34.jpg,downey_mildew,2,train
/kaggle/input/datasets/shreyastiwari31/asdid-484/asdid_484/downey_mildew/downey_mildew_338.jpg,downey_mildew,2,train
/kaggle/input/datasets/shreyastiwari31/asdid-484/asdid_484/downey_mildew/downey_mildew_394.jpg,downey_mildew,2,train
/kaggle/input/datasets/shreyastiwari31/asdid-484/asdid_484/downey_mildew/downey_mildew_297.jpg,downey_mildew,2,train
/kaggle/input/datasets/shreyastiwari31/asdid-484/asdid_484/downey_mildew/downey_mildew_127.jpg,downey_mildew,2,train
/kaggle/input/datasets/shreyastiwari31/asdid-484/asdid_484/downey_mildew/downey_mildew_558.jpg,downey_mildew,2,train
/kaggle/input/datasets/shreyastiwari31/asdid-484/asdid_484/downey_mildew/downey_mildew_7.jpg,downey_mildew,2,train
/kaggle/input/datasets/shreyastiwari31/asdid-484/asdid_484/downey_mildew/downey_mildew_484.jpg,downey_mildew,2,train
/kaggle/input/datasets/shreyastiwari31/asdid-484/asdid_484/downey_mildew/downey_mildew_51.jpg,downey_mildew,2,train
/kaggle/input/datasets/shreyastiwari31/asdid-484/asdid_484/downey_mildew/downey_mildew_533.jpg,downey_mildew,2,train
/kaggle/input/datasets/shreyastiwari31/asdid-484/asdid_484/downey_mildew/downey_mildew_582.jpg,downey_mildew,2,train
/kaggle/input/datasets/shreyastiwari31/asdid-484/asdid_484/downey_mildew/downey_mildew_557.jpg,downey_mildew,2,train
/kaggle/input/datasets/shreyastiwari31/asdid-484/asdid_484/downey_mildew/downey_mildew_336.jpg,downey_mildew,2,train
/kaggle/input/datasets/shreyastiwari31/asdid-484/asdid_484/downey_mildew/downey_mildew_645.jpg,downey_mildew,2,train
/kaggle/input/datasets/shreyastiwari31/asdid-484/asdid_484/downey_mildew/downey_mildew_487.jpg,downey_mildew,2,train
/kaggle/input/datasets/shreyastiwari31/asdid-484/asdid_484/downey_mildew/downey_mildew_566.jpg,downey_mildew,2,train
/kaggle/input/datasets/shreyastiwari31/asdid-484/asdid_484/downey_mildew/downey_mildew_316.jpg,downey_mildew,2,train
/kaggle/input/datasets/shreyastiwari31/asdid-484/asdid_484/downey_mildew/downey_mildew_491.jpg,downey_mildew,2,train
/kaggle/input/datasets/shreyastiwari31/asdid-484/asdid_484/downey_mildew/downey_mildew_430.jpg,downey_mildew,2,train
/kaggle/input/datasets/shreyastiwari31/asdid-484/asdid_484/downey_mildew/downey_mildew_38.jpg,downey_mildew,2,train
/kaggle/input/datasets/shreyastiwari31/asdid-484/asdid_484/downey_mildew/downey_mildew_638.jpg,downey_mildew,2,train
/kaggle/input/datasets/shreyastiwari31/asdid-484/asdid_484/downey_mildew/downey_mildew_403.jpg,downey_mildew,2,train
/kaggle/input/datasets/shreyastiwari31/asdid-484/asdid_484/downey_mildew/downey_mildew_46.jpg,downey_mildew,2,train
/kaggle/input/datasets/shreyastiwari31/asdid-484/asdid_484/downey_mildew/downey_mildew_592.jpg,downey_mildew,2,train
/kaggle/input/datasets/shreyastiwari31/asdid-484/asdid_484/downey_mildew/downey_mildew_285.jpg,downey_mildew,2,train
/kaggle/input/datasets/shreyastiwari31/asdid-484/asdid_484/downey_mildew/downey_mildew_8.jpg,downey_mildew,2,train
/kaggle/input/datasets/shreyastiwari31/asdid-484/asdid_484/downey_mildew/downey_mildew_97.jpg,downey_mildew,2,train
/kaggle/input/datasets/shreyastiwari31/asdid-484/asdid_484/downey_mildew/downey_mildew_74.jpg,downey_mildew,2,train
/kaggle/input/datasets/shreyastiwari31/asdid-484/asdid_484/downey_mildew/downey_mildew_413.jpg,downey_mildew,2,train
/kaggle/input/datasets/shreyastiwari31/asdid-484/asdid_484/downey_mildew/downey_mildew_314.jpg,downey_mildew,2,train
/kaggle/input/datasets/shreyastiwari31/asdid-484/asdid_484/downey_mildew/downey_mildew_492.jpg,downey_mildew,2,train
/kaggle/input/datasets/shreyastiwari31/asdid-484/asdid_484/downey_mildew/downey_mildew_273.jpg,downey_mildew,2,train
/kaggle/input/datasets/shreyastiwari31/asdid-484/asdid_484/downey_mildew/downey_mildew_145.jpg,downey_mildew,2,train
/kaggle/input/datasets/shreyastiwari31/asdid-484/asdid_484/downey_mildew/downey_mildew_187.jpg,downey_mildew,2,train
/kaggle/input/datasets/shreyastiwari31/asdid-484/asdid_484/downey_mildew/downey_mildew_495.jpg,downey_mildew,2,train
/kaggle/input/datasets/shreyastiwari31/asdid-484/asdid_484/downey_mildew/downey_mildew_606.jpg,downey_mildew,2,train
/kaggle/input/datasets/shreyastiwari31/asdid-484/asdid_484/downey_mildew/downey_mildew_220.jpg,downey_mildew,2,train
/kaggle/input/datasets/shreyastiwari31/asdid-484/asdid_484/downey_mildew/downey_mildew_339.jpg,downey_mildew,2,train
/kaggle/input/datasets/shreyastiwari31/asdid-484/asdid_484/downey_mildew/downey_mildew_194.jpg,downey_mildew,2,train
/kaggle/input/datasets/shreyastiwari31/asdid-484/asdid_484/downey_mildew/downey_mildew_539.jpg,downey_mildew,2,train
/kaggle/input/datasets/shreyastiwari31/asdid-484/asdid_484/downey_mildew/downey_mildew_384.jpg,downey_mildew,2,train
/kaggle/input/datasets/shreyastiwari31/asdid-484/asdid_484/downey_mildew/downey_mildew_255.jpg,downey_mildew,2,train
/kaggle/input/datasets/shreyastiwari31/asdid-484/asdid_484/downey_mildew/downey_mildew_393.jpg,downey_mildew,2,train
/kaggle/input/datasets/shreyastiwari31/asdid-484/asdid_484/downey_mildew/downey_mildew_40.jpg,downey_mildew,2,train
/kaggle/input/datasets/shreyastiwari31/asdid-484/asdid_484/downey_mildew/downey_mildew_362.jpg,downey_mildew,2,train
/kaggle/input/datasets/shreyastiwari31/asdid-484/asdid_484/downey_mildew/downey_mildew_614.jpg,downey_mildew,2,train
/kaggle/input/datasets/shreyastiwari31/asdid-484/asdid_484/downey_mildew/downey_mildew_414.jpg,downey_mildew,2,train
/kaggle/input/datasets/shreyastiwari31/asdid-484/asdid_484/downey_mildew/downey_mildew_86.jpg,downey_mildew,2,train
/kaggle/input/datasets/shreyastiwari31/asdid-484/asdid_484/downey_mildew/downey_mildew_529.jpg,downey_mildew,2,train
/kaggle/input/datasets/shreyastiwari31/asdid-484/asdid_484/downey_mildew/downey_mildew_199.jpg,downey_mildew,2,train
/kaggle/input/datasets/shreyastiwari31/asdid-484/asdid_484/downey_mildew/downey_mildew_175.jpg,downey_mildew,2,train
/kaggle/input/datasets/shreyastiwari31/asdid-484/asdid_484/downey_mildew/downey_mildew_537.jpg,downey_mildew,2,train
/kaggle/input/datasets/shreyastiwari31/asdid-484/asdid_484/downey_mildew/downey_mildew_646.jpg,downey_mildew,2,train
/kaggle/input/datasets/shreyastiwari31/asdid-484/asdid_484/downey_mildew/downey_mildew_644.jpg,downey_mildew,2,train
/kaggle/input/datasets/shreyastiwari31/asdid-484/asdid_484/downey_mildew/downey_mildew_159.jpg,downey_mildew,2,train
/kaggle/input/datasets/shreyastiwari31/asdid-484/asdid_484/downey_mildew/downey_mildew_358.jpg,downey_mildew,2,train
/kaggle/input/datasets/shreyastiwari31/asdid-484/asdid_484/downey_mildew/downey_mildew_65.jpg,downey_mildew,2,train
/kaggle/input/datasets/shreyastiwari31/asdid-484/asdid_484/downey_mildew/downey_mildew_108.jpg,downey_mildew,2,train
/kaggle/input/datasets/shreyastiwari31/asdid-484/asdid_484/downey_mildew/downey_mildew_44.jpg,downey_mildew,2,train
/kaggle/input/datasets/shreyastiwari31/asdid-484/asdid_484/downey_mildew/downey_mildew_291.jpg,downey_mildew,2,val
/kaggle/input/datasets/shreyastiwari31/asdid-484/asdid_484/downey_mildew/downey_mildew_202.jpg,downey_mildew,2,val
/kaggle/input/datasets/shreyastiwari31/asdid-484/asdid_484/downey_mildew/downey_mildew_253.jpg,downey_mildew,2,val
/kaggle/input/datasets/shreyastiwari31/asdid-484/asdid_484/downey_mildew/downey_mildew_478.jpg,downey_mildew,2,val
/kaggle/input/datasets/shreyastiwari31/asdid-484/asdid_484/downey_mildew/downey_mildew_490.jpg,downey_mildew,2,val
/kaggle/input/datasets/shreyastiwari31/asdid-484/asdid_484/downey_mildew/downey_mildew_115.jpg,downey_mildew,2,val
/kaggle/input/datasets/shreyastiwari31/asdid-484/asdid_484/downey_mildew/downey_mildew_177.jpg,downey_mildew,2,val
/kaggle/input/datasets/shreyastiwari31/asdid-484/asdid_484/downey_mildew/downey_mildew_400.jpg,downey_mildew,2,val
/kaggle/input/datasets/shreyastiwari31/asdid-484/asdid_484/downey_mildew/downey_mildew_609.jpg,downey_mildew,2,val
/kaggle/input/datasets/shreyastiwari31/asdid-484/asdid_484/downey_mildew/downey_mildew_552.jpg,downey_mildew,2,val
/kaggle/input/datasets/shreyastiwari31/asdid-484/asdid_484/downey_mildew/downey_mildew_182.jpg,downey_mildew,2,val
/kaggle/input/datasets/shreyastiwari31/asdid-484/asdid_484/downey_mildew/downey_mildew_603.jpg,downey_mildew,2,val
/kaggle/input/datasets/shreyastiwari31/asdid-484/asdid_484/downey_mildew/downey_mildew_637.jpg,downey_mildew,2,val
/kaggle/input/datasets/shreyastiwari31/asdid-484/asdid_484/downey_mildew/downey_mildew_229.jpg,downey_mildew,2,val
/kaggle/input/datasets/shreyastiwari31/asdid-484/asdid_484/downey_mildew/downey_mildew_132.jpg,downey_mildew,2,val
/kaggle/input/datasets/shreyastiwari31/asdid-484/asdid_484/downey_mildew/downey_mildew_578.jpg,downey_mildew,2,val
/kaggle/input/datasets/shreyastiwari31/asdid-484/asdid_484/downey_mildew/downey_mildew_651.jpg,downey_mildew,2,val
/kaggle/input/datasets/shreyastiwari31/asdid-484/asdid_484/downey_mildew/downey_mildew_408.jpg,downey_mildew,2,val
/kaggle/input/datasets/shreyastiwari31/asdid-484/asdid_484/downey_mildew/downey_mildew_485.jpg,downey_mildew,2,val
/kaggle/input/datasets/shreyastiwari31/asdid-484/asdid_484/downey_mildew/downey_mildew_328.jpg,downey_mildew,2,val
/kaggle/input/datasets/shreyastiwari31/asdid-484/asdid_484/downey_mildew/downey_mildew_58.jpg,downey_mildew,2,val
/kaggle/input/datasets/shreyastiwari31/asdid-484/asdid_484/downey_mildew/downey_mildew_22.jpg,downey_mildew,2,val
/kaggle/input/datasets/shreyastiwari31/asdid-484/asdid_484/downey_mildew/downey_mildew_133.jpg,downey_mildew,2,val
/kaggle/input/datasets/shreyastiwari31/asdid-484/asdid_484/downey_mildew/downey_mildew_361.jpg,downey_mildew,2,val
/kaggle/input/datasets/shreyastiwari31/asdid-484/asdid_484/downey_mildew/downey_mildew_387.jpg,downey_mildew,2,val
/kaggle/input/datasets/shreyastiwari31/asdid-484/asdid_484/downey_mildew/downey_mildew_433.jpg,downey_mildew,2,val
/kaggle/input/datasets/shreyastiwari31/asdid-484/asdid_484/downey_mildew/downey_mildew_505.jpg,downey_mildew,2,val
/kaggle/input/datasets/shreyastiwari31/asdid-484/asdid_484/downey_mildew/downey_mildew_10.jpg,downey_mildew,2,val
/kaggle/input/datasets/shreyastiwari31/asdid-484/asdid_484/downey_mildew/downey_mildew_418.jpg,downey_mildew,2,val
/kaggle/input/datasets/shreyastiwari31/asdid-484/asdid_484/downey_mildew/downey_mildew_617.jpg,downey_mildew,2,val
/kaggle/input/datasets/shreyastiwari31/asdid-484/asdid_484/downey_mildew/downey_mildew_174.jpg,downey_mildew,2,val
/kaggle/input/datasets/shreyastiwari31/asdid-484/asdid_484/downey_mildew/downey_mildew_602.jpg,downey_mildew,2,val
/kaggle/input/datasets/shreyastiwari31/asdid-484/asdid_484/downey_mildew/downey_mildew_260.jpg,downey_mildew,2,val
/kaggle/input/datasets/shreyastiwari31/asdid-484/asdid_484/downey_mildew/downey_mildew_296.jpg,downey_mildew,2,val
/kaggle/input/datasets/shreyastiwari31/asdid-484/asdid_484/downey_mildew/downey_mildew_155.jpg,downey_mildew,2,val
/kaggle/input/datasets/shreyastiwari31/asdid-484/asdid_484/downey_mildew/downey_mildew_77.jpg,downey_mildew,2,val
/kaggle/input/datasets/shreyastiwari31/asdid-484/asdid_484/downey_mildew/downey_mildew_12.jpg,downey_mildew,2,val
/kaggle/input/datasets/shreyastiwari31/asdid-484/asdid_484/downey_mildew/downey_mildew_439.jpg,downey_mildew,2,val
/kaggle/input/datasets/shreyastiwari31/asdid-484/asdid_484/downey_mildew/downey_mildew_354.jpg,downey_mildew,2,val
/kaggle/input/datasets/shreyastiwari31/asdid-484/asdid_484/downey_mildew/downey_mildew_508.jpg,downey_mildew,2,val
/kaggle/input/datasets/shreyastiwari31/asdid-484/asdid_484/downey_mildew/downey_mildew_623.jpg,downey_mildew,2,val
/kaggle/input/datasets/shreyastiwari31/asdid-484/asdid_484/downey_mildew/downey_mildew_406.jpg,downey_mildew,2,val
/kaggle/input/datasets/shreyastiwari31/asdid-484/asdid_484/downey_mildew/downey_mildew_528.jpg,downey_mildew,2,val
/kaggle/input/datasets/shreyastiwari31/asdid-484/asdid_484/downey_mildew/downey_mildew_36.jpg,downey_mildew,2,val
/kaggle/input/datasets/shreyastiwari31/asdid-484/asdid_484/downey_mildew/downey_mildew_306.jpg,downey_mildew,2,val
/kaggle/input/datasets/shreyastiwari31/asdid-484/asdid_484/downey_mildew/downey_mildew_203.jpg,downey_mildew,2,val
/kaggle/input/datasets/shreyastiwari31/asdid-484/asdid_484/downey_mildew/downey_mildew_167.jpg,downey_mildew,2,val
/kaggle/input/datasets/shreyastiwari31/asdid-484/asdid_484/downey_mildew/downey_mildew_511.jpg,downey_mildew,2,val
/kaggle/input/datasets/shreyastiwari31/asdid-484/asdid_484/downey_mildew/downey_mildew_3.jpg,downey_mildew,2,val
/kaggle/input/datasets/shreyastiwari31/asdid-484/asdid_484/downey_mildew/downey_mildew_308.jpg,downey_mildew,2,val
/kaggle/input/datasets/shreyastiwari31/asdid-484/asdid_484/downey_mildew/downey_mildew_95.jpg,downey_mildew,2,val
/kaggle/input/datasets/shreyastiwari31/asdid-484/asdid_484/downey_mildew/downey_mildew_319.jpg,downey_mildew,2,val
/kaggle/input/datasets/shreyastiwari31/asdid-484/asdid_484/downey_mildew/downey_mildew_580.jpg,downey_mildew,2,val
/kaggle/input/datasets/shreyastiwari31/asdid-484/asdid_484/downey_mildew/downey_mildew_599.jpg,downey_mildew,2,val
/kaggle/input/datasets/shreyastiwari31/asdid-484/asdid_484/downey_mildew/downey_mildew_404.jpg,downey_mildew,2,val
/kaggle/input/datasets/shreyastiwari31/asdid-484/asdid_484/downey_mildew/downey_mildew_493.jpg,downey_mildew,2,val
/kaggle/input/datasets/shreyastiwari31/asdid-484/asdid_484/downey_mildew/downey_mildew_375.jpg,downey_mildew,2,val
/kaggle/input/datasets/shreyastiwari31/asdid-484/asdid_484/downey_mildew/downey_mildew_462.jpg,downey_mildew,2,val
/kaggle/input/datasets/shreyastiwari31/asdid-484/asdid_484/downey_mildew/downey_mildew_216.jpg,downey_mildew,2,val
/kaggle/input/datasets/shreyastiwari31/asdid-484/asdid_484/downey_mildew/downey_mildew_274.jpg,downey_mildew,2,val
/kaggle/input/datasets/shreyastiwari31/asdid-484/asdid_484/downey_mildew/downey_mildew_378.jpg,downey_mildew,2,val
/kaggle/input/datasets/shreyastiwari31/asdid-484/asdid_484/downey_mildew/downey_mildew_501.jpg,downey_mildew,2,val
/kaggle/input/datasets/shreyastiwari31/asdid-484/asdid_484/downey_mildew/downey_mildew_42.jpg,downey_mildew,2,val
/kaggle/input/datasets/shreyastiwari31/asdid-484/asdid_484/downey_mildew/downey_mildew_87.jpg,downey_mildew,2,val
/kaggle/input/datasets/shreyastiwari31/asdid-484/asdid_484/downey_mildew/downey_mildew_212.jpg,downey_mildew,2,val
/kaggle/input/datasets/shreyastiwari31/asdid-484/asdid_484/downey_mildew/downey_mildew_564.jpg,downey_mildew,2,val
/kaggle/input/datasets/shreyastiwari31/asdid-484/asdid_484/downey_mildew/downey_mildew_57.jpg,downey_mildew,2,val
/kaggle/input/datasets/shreyastiwari31/asdid-484/asdid_484/downey_mildew/downey_mildew_636.jpg,downey_mildew,2,val
/kaggle/input/datasets/shreyastiwari31/asdid-484/asdid_484/downey_mildew/downey_mildew_459.jpg,downey_mildew,2,val
/kaggle/input/datasets/shreyastiwari31/asdid-484/asdid_484/downey_mildew/downey_mildew_27.jpg,downey_mildew,2,val
/kaggle/input/datasets/shreyastiwari31/asdid-484/asdid_484/downey_mildew/downey_mildew_513.jpg,downey_mildew,2,val
/kaggle/input/datasets/shreyastiwari31/asdid-484/asdid_484/downey_mildew/downey_mildew_570.jpg,downey_mildew,2,val
/kaggle/input/datasets/shreyastiwari31/asdid-484/asdid_484/downey_mildew/downey_mildew_111.jpg,downey_mildew,2,val
/kaggle/input/datasets/shreyastiwari31/asdid-484/asdid_484/downey_mildew/downey_mildew_463.jpg,downey_mildew,2,test
/kaggle/input/datasets/shreyastiwari31/asdid-484/asdid_484/downey_mildew/downey_mildew_458.jpg,downey_mildew,2,test
/kaggle/input/datasets/shreyastiwari31/asdid-484/asdid_484/downey_mildew/downey_mildew_514.jpg,downey_mildew,2,test
/kaggle/input/datasets/shreyastiwari31/asdid-484/asdid_484/downey_mildew/downey_mildew_245.jpg,downey_mildew,2,test
/kaggle/input/datasets/shreyastiwari31/asdid-484/asdid_484/downey_mildew/downey_mildew_156.jpg,downey_mildew,2,test
/kaggle/input/datasets/shreyastiwari31/asdid-484/asdid_484/downey_mildew/downey_mildew_114.jpg,downey_mildew,2,test
/kaggle/input/datasets/shreyastiwari31/asdid-484/asdid_484/downey_mildew/downey_mildew_26.jpg,downey_mildew,2,test
/kaggle/input/datasets/shreyastiwari31/asdid-484/asdid_484/downey_mildew/downey_mildew_476.jpg,downey_mildew,2,test
/kaggle/input/datasets/shreyastiwari31/asdid-484/asdid_484/downey_mildew/downey_mildew_302.jpg,downey_mildew,2,test
/kaggle/input/datasets/shreyastiwari31/asdid-484/asdid_484/downey_mildew/downey_mildew_549.jpg,downey_mildew,2,test
/kaggle/input/datasets/shreyastiwari31/asdid-484/asdid_484/downey_mildew/downey_mildew_372.jpg,downey_mildew,2,test
/kaggle/input/datasets/shreyastiwari31/asdid-484/asdid_484/downey_mildew/downey_mildew_122.jpg,downey_mildew,2,test
/kaggle/input/datasets/shreyastiwari31/asdid-484/asdid_484/downey_mildew/downey_mildew_472.jpg,downey_mildew,2,test
/kaggle/input/datasets/shreyastiwari31/asdid-484/asdid_484/downey_mildew/downey_mildew_151.jpg,downey_mildew,2,test
/kaggle/input/datasets/shreyastiwari31/asdid-484/asdid_484/downey_mildew/downey_mildew_622.jpg,downey_mildew,2,test
/kaggle/input/datasets/shreyastiwari31/asdid-484/asdid_484/downey_mildew/downey_mildew_405.jpg,downey_mildew,2,test
/kaggle/input/datasets/shreyastiwari31/asdid-484/asdid_484/downey_mildew/downey_mildew_431.jpg,downey_mildew,2,test
/kaggle/input/datasets/shreyastiwari31/asdid-484/asdid_484/downey_mildew/downey_mildew_41.jpg,downey_mildew,2,test
/kaggle/input/datasets/shreyastiwari31/asdid-484/asdid_484/downey_mildew/downey_mildew_271.jpg,downey_mildew,2,test
/kaggle/input/datasets/shreyastiwari31/asdid-484/asdid_484/downey_mildew/downey_mildew_356.jpg,downey_mildew,2,test
/kaggle/input/datasets/shreyastiwari31/asdid-484/asdid_484/downey_mildew/downey_mildew_531.jpg,downey_mildew,2,test
/kaggle/input/datasets/shreyastiwari31/asdid-484/asdid_484/downey_mildew/downey_mildew_288.jpg,downey_mildew,2,test
/kaggle/input/datasets/shreyastiwari31/asdid-484/asdid_484/downey_mildew/downey_mildew_90.jpg,downey_mildew,2,test
/kaggle/input/datasets/shreyastiwari31/asdid-484/asdid_484/downey_mildew/downey_mildew_391.jpg,downey_mildew,2,test
/kaggle/input/datasets/shreyastiwari31/asdid-484/asdid_484/downey_mildew/downey_mildew_178.jpg,downey_mildew,2,test
/kaggle/input/datasets/shreyastiwari31/asdid-484/asdid_484/downey_mildew/downey_mildew_376.jpg,downey_mildew,2,test
/kaggle/input/datasets/shreyastiwari31/asdid-484/asdid_484/downey_mildew/downey_mildew_82.jpg,downey_mildew,2,test
/kaggle/input/datasets/shreyastiwari31/asdid-484/asdid_484/downey_mildew/downey_mildew_455.jpg,downey_mildew,2,test
/kaggle/input/datasets/shreyastiwari31/asdid-484/asdid_484/downey_mildew/downey_mildew_604.jpg,downey_mildew,2,test
/kaggle/input/datasets/shreyastiwari31/asdid-484/asdid_484/downey_mildew/downey_mildew_559.jpg,downey_mildew,2,test
/kaggle/input/datasets/shreyastiwari31/asdid-484/asdid_484/downey_mildew/downey_mildew_88.jpg,downey_mildew,2,test
/kaggle/input/datasets/shreyastiwari31/asdid-484/asdid_484/downey_mildew/downey_mildew_29.jpg,downey_mildew,2,test
/kaggle/input/datasets/shreyastiwari31/asdid-484/asdid_484/downey_mildew/downey_mildew_66.jpg,downey_mildew,2,test
/kaggle/input/datasets/shreyastiwari31/asdid-484/asdid_484/downey_mildew/downey_mildew_206.jpg,downey_mildew,2,test
/kaggle/input/datasets/shreyastiwari31/asdid-484/asdid_484/downey_mildew/downey_mildew_137.jpg,downey_mildew,2,test
/kaggle/input/datasets/shreyastiwari31/asdid-484/asdid_484/downey_mildew/downey_mildew_76.jpg,downey_mildew,2,test
/kaggle/input/datasets/shreyastiwari31/asdid-484/asdid_484/downey_mildew/downey_mildew_190.jpg,downey_mildew,2,test
/kaggle/input/datasets/shreyastiwari31/asdid-484/asdid_484/downey_mildew/downey_mildew_605.jpg,downey_mildew,2,test
/kaggle/input/datasets/shreyastiwari31/asdid-484/asdid_484/downey_mildew/downey_mildew_269.jpg,downey_mildew,2,test
/kaggle/input/datasets/shreyastiwari31/asdid-484/asdid_484/downey_mildew/downey_mildew_196.jpg,downey_mildew,2,test
/kaggle/input/datasets/shreyastiwari31/asdid-484/asdid_484/downey_mildew/downey_mildew_5.jpg,downey_mildew,2,test
/kaggle/input/datasets/shreyastiwari31/asdid-484/asdid_484/downey_mildew/downey_mildew_241.jpg,downey_mildew,2,test
/kaggle/input/datasets/shreyastiwari31/asdid-484/asdid_484/downey_mildew/downey_mildew_434.jpg,downey_mildew,2,test
/kaggle/input/datasets/shreyastiwari31/asdid-484/asdid_484/downey_mildew/downey_mildew_173.jpg,downey_mildew,2,test
/kaggle/input/datasets/shreyastiwari31/asdid-484/asdid_484/downey_mildew/downey_mildew_368.jpg,downey_mildew,2,test
/kaggle/input/datasets/shreyastiwari31/asdid-484/asdid_484/downey_mildew/downey_mildew_224.jpg,downey_mildew,2,test
/kaggle/input/datasets/shreyastiwari31/asdid-484/asdid_484/downey_mildew/downey_mildew_590.jpg,downey_mildew,2,test
/kaggle/input/datasets/shreyastiwari31/asdid-484/asdid_484/downey_mildew/downey_mildew_507.jpg,downey_mildew,2,test
/kaggle/input/datasets/shreyastiwari31/asdid-484/asdid_484/downey_mildew/downey_mildew_465.jpg,downey_mildew,2,test
/kaggle/input/datasets/shreyastiwari31/asdid-484/asdid_484/downey_mildew/downey_mildew_488.jpg,downey_mildew,2,test
/kaggle/input/datasets/shreyastiwari31/asdid-484/asdid_484/downey_mildew/downey_mildew_583.jpg,downey_mildew,2,test
/kaggle/input/datasets/shreyastiwari31/asdid-484/asdid_484/downey_mildew/downey_mildew_581.jpg,downey_mildew,2,test
/kaggle/input/datasets/shreyastiwari31/asdid-484/asdid_484/downey_mildew/downey_mildew_268.jpg,downey_mildew,2,test
/kaggle/input/datasets/shreyastiwari31/asdid-484/asdid_484/downey_mildew/downey_mildew_250.jpg,downey_mildew,2,test
/kaggle/input/datasets/shreyastiwari31/asdid-484/asdid_484/downey_mildew/downey_mildew_520.jpg,downey_mildew,2,test
/kaggle/input/datasets/shreyastiwari31/asdid-484/asdid_484/downey_mildew/downey_mildew_146.jpg,downey_mildew,2,test
/kaggle/input/datasets/shreyastiwari31/asdid-484/asdid_484/downey_mildew/downey_mildew_383.jpg,downey_mildew,2,test
/kaggle/input/datasets/shreyastiwari31/asdid-484/asdid_484/downey_mildew/downey_mildew_626.jpg,downey_mildew,2,test
/kaggle/input/datasets/shreyastiwari31/asdid-484/asdid_484/downey_mildew/downey_mildew_532.jpg,downey_mildew,2,test
/kaggle/input/datasets/shreyastiwari31/asdid-484/asdid_484/downey_mildew/downey_mildew_277.jpg,downey_mildew,2,test
/kaggle/input/datasets/shreyastiwari31/asdid-484/asdid_484/downey_mildew/downey_mildew_534.jpg,downey_mildew,2,test
/kaggle/input/datasets/shreyastiwari31/asdid-484/asdid_484/downey_mildew/downey_mildew_28.jpg,downey_mildew,2,test
/kaggle/input/datasets/shreyastiwari31/asdid-484/asdid_484/downey_mildew/downey_mildew_247.jpg,downey_mildew,2,test
/kaggle/input/datasets/shreyastiwari31/asdid-484/asdid_484/downey_mildew/downey_mildew_118.jpg,downey_mildew,2,test
/kaggle/input/datasets/shreyastiwari31/asdid-484/asdid_484/downey_mildew/downey_mildew_281.jpg,downey_mildew,2,test
/kaggle/input/datasets/shreyastiwari31/asdid-484/asdid_484/downey_mildew/downey_mildew_392.jpg,downey_mildew,2,test
/kaggle/input/datasets/shreyastiwari31/asdid-484/asdid_484/downey_mildew/downey_mildew_47.jpg,downey_mildew,2,test
/kaggle/input/datasets/shreyastiwari31/asdid-484/asdid_484/downey_mildew/downey_mildew_523.jpg,downey_mildew,2,test
/kaggle/input/datasets/shreyastiwari31/asdid-484/asdid_484/downey_mildew/downey_mildew_381.jpg,downey_mildew,2,test
/kaggle/input/datasets/shreyastiwari31/asdid-484/asdid_484/downey_mildew/downey_mildew_359.jpg,downey_mildew,2,test
/kaggle/input/datasets/shreyastiwari31/asdid-484/asdid_484/downey_mildew/downey_mildew_100.jpg,downey_mildew,2,test
/kaggle/input/datasets/shreyastiwari31/asdid-484/asdid_484/downey_mildew/downey_mildew_200.jpg,downey_mildew,2,test
/kaggle/input/datasets/shreyastiwari31/asdid-484/asdid_484/frogeye/frogeye_91.jpg,frogeye,3,train
/kaggle/input/datasets/shreyastiwari31/asdid-484/asdid_484/frogeye/frogeye_559.jpg,frogeye,3,train
/kaggle/input/datasets/shreyastiwari31/asdid-484/asdid_484/frogeye/frogeye_865.jpg,frogeye,3,train
/kaggle/input/datasets/shreyastiwari31/asdid-484/asdid_484/frogeye/frogeye_415.jpg,frogeye,3,train
/kaggle/input/datasets/shreyastiwari31/asdid-484/asdid_484/frogeye/frogeye_903.jpg,frogeye,3,train
/kaggle/input/datasets/shreyastiwari31/asdid-484/asdid_484/frogeye/frogeye_483.jpg,frogeye,3,train
/kaggle/input/datasets/shreyastiwari31/asdid-484/asdid_484/frogeye/frogeye_1005.jpg,frogeye,3,train
/kaggle/input/datasets/shreyastiwari31/asdid-484/asdid_484/frogeye/frogeye_1192.jpg,frogeye,3,train
/kaggle/input/datasets/shreyastiwari31/asdid-484/asdid_484/frogeye/frogeye_965.jpg,frogeye,3,train
/kaggle/input/datasets/shreyastiwari31/asdid-484/asdid_484/frogeye/frogeye_1353.jpg,frogeye,3,train
/kaggle/input/datasets/shreyastiwari31/asdid-484/asdid_484/frogeye/frogeye_520.jpg,frogeye,3,train
/kaggle/input/datasets/shreyastiwari31/asdid-484/asdid_484/frogeye/frogeye_849.jpg,frogeye,3,train
/kaggle/input/datasets/shreyastiwari31/asdid-484/asdid_484/frogeye/frogeye_1328.jpg,frogeye,3,train
/kaggle/input/datasets/shreyastiwari31/asdid-484/asdid_484/frogeye/frogeye_1020.jpg,frogeye,3,train
/kaggle/input/datasets/shreyastiwari31/asdid-484/asdid_484/frogeye/frogeye_757.jpg,frogeye,3,train
/kaggle/input/datasets/shreyastiwari31/asdid-484/asdid_484/frogeye/frogeye_1006.jpg,frogeye,3,train
/kaggle/input/datasets/shreyastiwari31/asdid-484/asdid_484/frogeye/frogeye_1157.jpg,frogeye,3,train
/kaggle/input/datasets/shreyastiwari31/asdid-484/asdid_484/frogeye/frogeye_1372.jpg,frogeye,3,train
/kaggle/input/datasets/shreyastiwari31/asdid-484/asdid_484/frogeye/frogeye_96.jpg,frogeye,3,train
/kaggle/input/datasets/shreyastiwari31/asdid-484/asdid_484/frogeye/frogeye_682.jpg,frogeye,3,train
/kaggle/input/datasets/shreyastiwari31/asdid-484/asdid_484/frogeye/frogeye_553.jpg,frogeye,3,train
/kaggle/input/datasets/shreyastiwari31/asdid-484/asdid_484/frogeye/frogeye_309.jpg,frogeye,3,train
/kaggle/input/datasets/shreyastiwari31/asdid-484/asdid_484/frogeye/frogeye_1288.jpg,frogeye,3,train
/kaggle/input/datasets/shreyastiwari31/asdid-484/asdid_484/frogeye/frogeye_430.jpg,frogeye,3,train
/kaggle/input/datasets/shreyastiwari31/asdid-484/asdid_484/frogeye/frogeye_1147.jpg,frogeye,3,train
/kaggle/input/datasets/shreyastiwari31/asdid-484/asdid_484/frogeye/frogeye_1467.jpg,frogeye,3,train
/kaggle/input/datasets/shreyastiwari31/asdid-484/asdid_484/frogeye/frogeye_59.jpg,frogeye,3,train
/kaggle/input/datasets/shreyastiwari31/asdid-484/asdid_484/frogeye/frogeye_748.jpg,frogeye,3,train
/kaggle/input/datasets/shreyastiwari31/asdid-484/asdid_484/frogeye/frogeye_1536.jpg,frogeye,3,train
/kaggle/input/datasets/shreyastiwari31/asdid-484/asdid_484/frogeye/frogeye_322.jpg,frogeye,3,train
/kaggle/input/datasets/shreyastiwari31/asdid-484/asdid_484/frogeye/frogeye_417.jpg,frogeye,3,train
/kaggle/input/datasets/shreyastiwari31/asdid-484/asdid_484/frogeye/frogeye_1356.jpg,frogeye,3,train
/kaggle/input/datasets/shreyastiwari31/asdid-484/asdid_484/frogeye/frogeye_843.jpg,frogeye,3,train
/kaggle/input/datasets/shreyastiwari31/asdid-484/asdid_484/frogeye/frogeye_974.jpg,frogeye,3,train
/kaggle/input/datasets/shreyastiwari31/asdid-484/asdid_484/frogeye/frogeye_51.jpg,frogeye,3,train
/kaggle/input/datasets/shreyastiwari31/asdid-484/asdid_484/frogeye/frogeye_1384.jpg,frogeye,3,train
/kaggle/input/datasets/shreyastiwari31/asdid-484/asdid_484/frogeye/frogeye_703.jpg,frogeye,3,train
/kaggle/input/datasets/shreyastiwari31/asdid-484/asdid_484/frogeye/frogeye_531.jpg,frogeye,3,train
/kaggle/input/datasets/shreyastiwari31/asdid-484/asdid_484/frogeye/frogeye_476.jpg,frogeye,3,train
/kaggle/input/datasets/shreyastiwari31/asdid-484/asdid_484/frogeye/frogeye_1350.jpg,frogeye,3,train
/kaggle/input/datasets/shreyastiwari31/asdid-484/asdid_484/frogeye/frogeye_542.jpg,frogeye,3,train
/kaggle/input/datasets/shreyastiwari31/asdid-484/asdid_484/frogeye/frogeye_694.jpg,frogeye,3,train
/kaggle/input/datasets/shreyastiwari31/asdid-484/asdid_484/frogeye/frogeye_291.jpg,frogeye,3,train
/kaggle/input/datasets/shreyastiwari31/asdid-484/asdid_484/frogeye/frogeye_1343.jpg,frogeye,3,train
/kaggle/input/datasets/shreyastiwari31/asdid-484/asdid_484/frogeye/frogeye_467.jpg,frogeye,3,train
/kaggle/input/datasets/shreyastiwari31/asdid-484/asdid_484/frogeye/frogeye_1317.jpg,frogeye,3,train
/kaggle/input/datasets/shreyastiwari31/asdid-484/asdid_484/frogeye/frogeye_1195.jpg,frogeye,3,train
/kaggle/input/datasets/shreyastiwari31/asdid-484/asdid_484/frogeye/frogeye_1274.jpg,frogeye,3,train
/kaggle/input/datasets/shreyastiwari31/asdid-484/asdid_484/frogeye/frogeye_612.jpg,frogeye,3,train
/kaggle/input/datasets/shreyastiwari31/asdid-484/asdid_484/frogeye/frogeye_46.jpg,frogeye,3,train
/kaggle/input/datasets/shreyastiwari31/asdid-484/asdid_484/frogeye/frogeye_1162.jpg,frogeye,3,train
/kaggle/input/datasets/shreyastiwari31/asdid-484/asdid_484/frogeye/frogeye_1464.jpg,frogeye,3,train
/kaggle/input/datasets/shreyastiwari31/asdid-484/asdid_484/frogeye/frogeye_1240.jpg,frogeye,3,train
/kaggle/input/datasets/shreyastiwari31/asdid-484/asdid_484/frogeye/frogeye_1411.jpg,frogeye,3,train
/kaggle/input/datasets/shreyastiwari31/asdid-484/asdid_484/frogeye/frogeye_447.jpg,frogeye,3,train
/kaggle/input/datasets/shreyastiwari31/asdid-484/asdid_484/frogeye/frogeye_1504.jpg,frogeye,3,train
/kaggle/input/datasets/shreyastiwari31/asdid-484/asdid_484/frogeye/frogeye_573.jpg,frogeye,3,train
/kaggle/input/datasets/shreyastiwari31/asdid-484/asdid_484/frogeye/frogeye_842.jpg,frogeye,3,train
/kaggle/input/datasets/shreyastiwari31/asdid-484/asdid_484/frogeye/frogeye_85.jpg,frogeye,3,train
/kaggle/input/datasets/shreyastiwari31/asdid-484/asdid_484/frogeye/frogeye_466.jpg,frogeye,3,train
/kaggle/input/datasets/shreyastiwari31/asdid-484/asdid_484/frogeye/frogeye_691.jpg,frogeye,3,train
/kaggle/input/datasets/shreyastiwari31/asdid-484/asdid_484/frogeye/frogeye_1383.jpg,frogeye,3,train
/kaggle/input/datasets/shreyastiwari31/asdid-484/asdid_484/frogeye/frogeye_41.jpg,frogeye,3,train
/kaggle/input/datasets/shreyastiwari31/asdid-484/asdid_484/frogeye/frogeye_1014.jpg,frogeye,3,train
/kaggle/input/datasets/shreyastiwari31/asdid-484/asdid_484/frogeye/frogeye_775.jpg,frogeye,3,train
/kaggle/input/datasets/shreyastiwari31/asdid-484/asdid_484/frogeye/frogeye_584.jpg,frogeye,3,train
/kaggle/input/datasets/shreyastiwari31/asdid-484/asdid_484/frogeye/frogeye_1514.jpg,frogeye,3,train
/kaggle/input/datasets/shreyastiwari31/asdid-484/asdid_484/frogeye/frogeye_432.jpg,frogeye,3,train
/kaggle/input/datasets/shreyastiwari31/asdid-484/asdid_484/frogeye/frogeye_1519.jpg,frogeye,3,train
/kaggle/input/datasets/shreyastiwari31/asdid-484/asdid_484/frogeye/frogeye_437.jpg,frogeye,3,train
/kaggle/input/datasets/shreyastiwari31/asdid-484/asdid_484/frogeye/frogeye_1070.jpg,frogeye,3,train
/kaggle/input/datasets/shreyastiwari31/asdid-484/asdid_484/frogeye/frogeye_500.jpg,frogeye,3,train
/kaggle/input/datasets/shreyastiwari31/asdid-484/asdid_484/frogeye/frogeye_135.jpg,frogeye,3,train
/kaggle/input/datasets/shreyastiwari31/asdid-484/asdid_484/frogeye/frogeye_296.jpg,frogeye,3,train
/kaggle/input/datasets/shreyastiwari31/asdid-484/asdid_484/frogeye/frogeye_1469.jpg,frogeye,3,train
/kaggle/input/datasets/shreyastiwari31/asdid-484/asdid_484/frogeye/frogeye_1266.jpg,frogeye,3,train
/kaggle/input/datasets/shreyastiwari31/asdid-484/asdid_484/frogeye/frogeye_773.jpg,frogeye,3,train
/kaggle/input/datasets/shreyastiwari31/asdid-484/asdid_484/frogeye/frogeye_1008.jpg,frogeye,3,train
/kaggle/input/datasets/shreyastiwari31/asdid-484/asdid_484/frogeye/frogeye_511.jpg,frogeye,3,train
/kaggle/input/datasets/shreyastiwari31/asdid-484/asdid_484/frogeye/frogeye_225.jpg,frogeye,3,train
/kaggle/input/datasets/shreyastiwari31/asdid-484/asdid_484/frogeye/frogeye_1151.jpg,frogeye,3,train
/kaggle/input/datasets/shreyastiwari31/asdid-484/asdid_484/frogeye/frogeye_103.jpg,frogeye,3,train
/kaggle/input/datasets/shreyastiwari31/asdid-484/asdid_484/frogeye/frogeye_1191.jpg,frogeye,3,train
/kaggle/input/datasets/shreyastiwari31/asdid-484/asdid_484/frogeye/frogeye_1323.jpg,frogeye,3,train
/kaggle/input/datasets/shreyastiwari31/asdid-484/asdid_484/frogeye/frogeye_525.jpg,frogeye,3,train
/kaggle/input/datasets/shreyastiwari31/asdid-484/asdid_484/frogeye/frogeye_323.jpg,frogeye,3,train
/kaggle/input/datasets/shreyastiwari31/asdid-484/asdid_484/frogeye/frogeye_622.jpg,frogeye,3,train
/kaggle/input/datasets/shreyastiwari31/asdid-484/asdid_484/frogeye/frogeye_1362.jpg,frogeye,3,train
/kaggle/input/datasets/shreyastiwari31/asdid-484/asdid_484/frogeye/frogeye_1291.jpg,frogeye,3,train
/kaggle/input/datasets/shreyastiwari31/asdid-484/asdid_484/frogeye/frogeye_964.jpg,frogeye,3,train
/kaggle/input/datasets/shreyastiwari31/asdid-484/asdid_484/frogeye/frogeye_818.jpg,frogeye,3,train
/kaggle/input/datasets/shreyastiwari31/asdid-484/asdid_484/frogeye/frogeye_1538.jpg,frogeye,3,train
/kaggle/input/datasets/shreyastiwari31/asdid-484/asdid_484/frogeye/frogeye_1042.jpg,frogeye,3,train
/kaggle/input/datasets/shreyastiwari31/asdid-484/asdid_484/frogeye/frogeye_219.jpg,frogeye,3,train
/kaggle/input/datasets/shreyastiwari31/asdid-484/asdid_484/frogeye/frogeye_1303.jpg,frogeye,3,train
/kaggle/input/datasets/shreyastiwari31/asdid-484/asdid_484/frogeye/frogeye_243.jpg,frogeye,3,train
/kaggle/input/datasets/shreyastiwari31/asdid-484/asdid_484/frogeye/frogeye_595.jpg,frogeye,3,train
/kaggle/input/datasets/shreyastiwari31/asdid-484/asdid_484/frogeye/frogeye_214.jpg,frogeye,3,train
/kaggle/input/datasets/shreyastiwari31/asdid-484/asdid_484/frogeye/frogeye_250.jpg,frogeye,3,train
/kaggle/input/datasets/shreyastiwari31/asdid-484/asdid_484/frogeye/frogeye_240.jpg,frogeye,3,train
/kaggle/input/datasets/shreyastiwari31/asdid-484/asdid_484/frogeye/frogeye_342.jpg,frogeye,3,train
/kaggle/input/datasets/shreyastiwari31/asdid-484/asdid_484/frogeye/frogeye_885.jpg,frogeye,3,train
/kaggle/input/datasets/shreyastiwari31/asdid-484/asdid_484/frogeye/frogeye_288.jpg,frogeye,3,train
/kaggle/input/datasets/shreyastiwari31/asdid-484/asdid_484/frogeye/frogeye_355.jpg,frogeye,3,train
/kaggle/input/datasets/shreyastiwari31/asdid-484/asdid_484/frogeye/frogeye_561.jpg,frogeye,3,train
/kaggle/input/datasets/shreyastiwari31/asdid-484/asdid_484/frogeye/frogeye_1506.jpg,frogeye,3,train
/kaggle/input/datasets/shreyastiwari31/asdid-484/asdid_484/frogeye/frogeye_126.jpg,frogeye,3,train
/kaggle/input/datasets/shreyastiwari31/asdid-484/asdid_484/frogeye/frogeye_314.jpg,frogeye,3,train
/kaggle/input/datasets/shreyastiwari31/asdid-484/asdid_484/frogeye/frogeye_967.jpg,frogeye,3,train
/kaggle/input/datasets/shreyastiwari31/asdid-484/asdid_484/frogeye/frogeye_380.jpg,frogeye,3,train
/kaggle/input/datasets/shreyastiwari31/asdid-484/asdid_484/frogeye/frogeye_370.jpg,frogeye,3,train
/kaggle/input/datasets/shreyastiwari31/asdid-484/asdid_484/frogeye/frogeye_1347.jpg,frogeye,3,train
/kaggle/input/datasets/shreyastiwari31/asdid-484/asdid_484/frogeye/frogeye_1202.jpg,frogeye,3,train
/kaggle/input/datasets/shreyastiwari31/asdid-484/asdid_484/frogeye/frogeye_1030.jpg,frogeye,3,train
/kaggle/input/datasets/shreyastiwari31/asdid-484/asdid_484/frogeye/frogeye_756.jpg,frogeye,3,train
/kaggle/input/datasets/shreyastiwari31/asdid-484/asdid_484/frogeye/frogeye_996.jpg,frogeye,3,train
/kaggle/input/datasets/shreyastiwari31/asdid-484/asdid_484/frogeye/frogeye_1117.jpg,frogeye,3,train
/kaggle/input/datasets/shreyastiwari31/asdid-484/asdid_484/frogeye/frogeye_643.jpg,frogeye,3,train
/kaggle/input/datasets/shreyastiwari31/asdid-484/asdid_484/frogeye/frogeye_1526.jpg,frogeye,3,train
/kaggle/input/datasets/shreyastiwari31/asdid-484/asdid_484/frogeye/frogeye_829.jpg,frogeye,3,train
/kaggle/input/datasets/shreyastiwari31/asdid-484/asdid_484/frogeye/frogeye_102.jpg,frogeye,3,train
/kaggle/input/datasets/shreyastiwari31/asdid-484/asdid_484/frogeye/frogeye_1216.jpg,frogeye,3,train
/kaggle/input/datasets/shreyastiwari31/asdid-484/asdid_484/frogeye/frogeye_280.jpg,frogeye,3,train
/kaggle/input/datasets/shreyastiwari31/asdid-484/asdid_484/frogeye/frogeye_960.jpg,frogeye,3,train
/kaggle/input/datasets/shreyastiwari31/asdid-484/asdid_484/frogeye/frogeye_1300.jpg,frogeye,3,train
/kaggle/input/datasets/shreyastiwari31/asdid-484/asdid_484/frogeye/frogeye_1148.jpg,frogeye,3,train
/kaggle/input/datasets/shreyastiwari31/asdid-484/asdid_484/frogeye/frogeye_797.jpg,frogeye,3,train
/kaggle/input/datasets/shreyastiwari31/asdid-484/asdid_484/frogeye/frogeye_518.jpg,frogeye,3,train
/kaggle/input/datasets/shreyastiwari31/asdid-484/asdid_484/frogeye/frogeye_1287.jpg,frogeye,3,train
/kaggle/input/datasets/shreyastiwari31/asdid-484/asdid_484/frogeye/frogeye_1278.jpg,frogeye,3,train
/kaggle/input/datasets/shreyastiwari31/asdid-484/asdid_484/frogeye/frogeye_1111.jpg,frogeye,3,train
/kaggle/input/datasets/shreyastiwari31/asdid-484/asdid_484/frogeye/frogeye_1363.jpg,frogeye,3,train
/kaggle/input/datasets/shreyastiwari31/asdid-484/asdid_484/frogeye/frogeye_320.jpg,frogeye,3,train
/kaggle/input/datasets/shreyastiwari31/asdid-484/asdid_484/frogeye/frogeye_1173.jpg,frogeye,3,train
/kaggle/input/datasets/shreyastiwari31/asdid-484/asdid_484/frogeye/frogeye_1441.jpg,frogeye,3,train
/kaggle/input/datasets/shreyastiwari31/asdid-484/asdid_484/frogeye/frogeye_92.jpg,frogeye,3,train
/kaggle/input/datasets/shreyastiwari31/asdid-484/asdid_484/frogeye/frogeye_928.jpg,frogeye,3,train
/kaggle/input/datasets/shreyastiwari31/asdid-484/asdid_484/frogeye/frogeye_61.jpg,frogeye,3,train
/kaggle/input/datasets/shreyastiwari31/asdid-484/asdid_484/frogeye/frogeye_1265.jpg,frogeye,3,train
/kaggle/input/datasets/shreyastiwari31/asdid-484/asdid_484/frogeye/frogeye_377.jpg,frogeye,3,train
/kaggle/input/datasets/shreyastiwari31/asdid-484/asdid_484/frogeye/frogeye_1502.jpg,frogeye,3,train
/kaggle/input/datasets/shreyastiwari31/asdid-484/asdid_484/frogeye/frogeye_513.jpg,frogeye,3,train
/kaggle/input/datasets/shreyastiwari31/asdid-484/asdid_484/frogeye/frogeye_1525.jpg,frogeye,3,train
/kaggle/input/datasets/shreyastiwari31/asdid-484/asdid_484/frogeye/frogeye_1359.jpg,frogeye,3,train
/kaggle/input/datasets/shreyastiwari31/asdid-484/asdid_484/frogeye/frogeye_1346.jpg,frogeye,3,train
/kaggle/input/datasets/shreyastiwari31/asdid-484/asdid_484/frogeye/frogeye_824.jpg,frogeye,3,train
/kaggle/input/datasets/shreyastiwari31/asdid-484/asdid_484/frogeye/frogeye_740.jpg,frogeye,3,train
/kaggle/input/datasets/shreyastiwari31/asdid-484/asdid_484/frogeye/frogeye_1432.jpg,frogeye,3,train
/kaggle/input/datasets/shreyastiwari31/asdid-484/asdid_484/frogeye/frogeye_1535.jpg,frogeye,3,train
/kaggle/input/datasets/shreyastiwari31/asdid-484/asdid_484/frogeye/frogeye_1029.jpg,frogeye,3,train
/kaggle/input/datasets/shreyastiwari31/asdid-484/asdid_484/frogeye/frogeye_1399.jpg,frogeye,3,train
/kaggle/input/datasets/shreyastiwari31/asdid-484/asdid_484/frogeye/frogeye_181.jpg,frogeye,3,train
/kaggle/input/datasets/shreyastiwari31/asdid-484/asdid_484/frogeye/frogeye_344.jpg,frogeye,3,train
/kaggle/input/datasets/shreyastiwari31/asdid-484/asdid_484/frogeye/frogeye_1295.jpg,frogeye,3,train
/kaggle/input/datasets/shreyastiwari31/asdid-484/asdid_484/frogeye/frogeye_487.jpg,frogeye,3,train
/kaggle/input/datasets/shreyastiwari31/asdid-484/asdid_484/frogeye/frogeye_1462.jpg,frogeye,3,train
/kaggle/input/datasets/shreyastiwari31/asdid-484/asdid_484/frogeye/frogeye_442.jpg,frogeye,3,train
/kaggle/input/datasets/shreyastiwari31/asdid-484/asdid_484/frogeye/frogeye_200.jpg,frogeye,3,train
/kaggle/input/datasets/shreyastiwari31/asdid-484/asdid_484/frogeye/frogeye_656.jpg,frogeye,3,train
/kaggle/input/datasets/shreyastiwari31/asdid-484/asdid_484/frogeye/frogeye_1282.jpg,frogeye,3,train
/kaggle/input/datasets/shreyastiwari31/asdid-484/asdid_484/frogeye/frogeye_663.jpg,frogeye,3,train
/kaggle/input/datasets/shreyastiwari31/asdid-484/asdid_484/frogeye/frogeye_368.jpg,frogeye,3,train
/kaggle/input/datasets/shreyastiwari31/asdid-484/asdid_484/frogeye/frogeye_569.jpg,frogeye,3,train
/kaggle/input/datasets/shreyastiwari31/asdid-484/asdid_484/frogeye/frogeye_557.jpg,frogeye,3,train
/kaggle/input/datasets/shreyastiwari31/asdid-484/asdid_484/frogeye/frogeye_278.jpg,frogeye,3,train
/kaggle/input/datasets/shreyastiwari31/asdid-484/asdid_484/frogeye/frogeye_1050.jpg,frogeye,3,train
/kaggle/input/datasets/shreyastiwari31/asdid-484/asdid_484/frogeye/frogeye_136.jpg,frogeye,3,train
/kaggle/input/datasets/shreyastiwari31/asdid-484/asdid_484/frogeye/frogeye_1270.jpg,frogeye,3,train
/kaggle/input/datasets/shreyastiwari31/asdid-484/asdid_484/frogeye/frogeye_921.jpg,frogeye,3,train
/kaggle/input/datasets/shreyastiwari31/asdid-484/asdid_484/frogeye/frogeye_1460.jpg,frogeye,3,train
/kaggle/input/datasets/shreyastiwari31/asdid-484/asdid_484/frogeye/frogeye_43.jpg,frogeye,3,train
/kaggle/input/datasets/shreyastiwari31/asdid-484/asdid_484/frogeye/frogeye_1217.jpg,frogeye,3,train
/kaggle/input/datasets/shreyastiwari31/asdid-484/asdid_484/frogeye/frogeye_1474.jpg,frogeye,3,train
/kaggle/input/datasets/shreyastiwari31/asdid-484/asdid_484/frogeye/frogeye_937.jpg,frogeye,3,train
/kaggle/input/datasets/shreyastiwari31/asdid-484/asdid_484/frogeye/frogeye_1345.jpg,frogeye,3,train
/kaggle/input/datasets/shreyastiwari31/asdid-484/asdid_484/frogeye/frogeye_105.jpg,frogeye,3,train
/kaggle/input/datasets/shreyastiwari31/asdid-484/asdid_484/frogeye/frogeye_554.jpg,frogeye,3,train
/kaggle/input/datasets/shreyastiwari31/asdid-484/asdid_484/frogeye/frogeye_110.jpg,frogeye,3,train
/kaggle/input/datasets/shreyastiwari31/asdid-484/asdid_484/frogeye/frogeye_478.jpg,frogeye,3,train
/kaggle/input/datasets/shreyastiwari31/asdid-484/asdid_484/frogeye/frogeye_724.jpg,frogeye,3,train
/kaggle/input/datasets/shreyastiwari31/asdid-484/asdid_484/frogeye/frogeye_1244.jpg,frogeye,3,train
/kaggle/input/datasets/shreyastiwari31/asdid-484/asdid_484/frogeye/frogeye_490.jpg,frogeye,3,train
/kaggle/input/datasets/shreyastiwari31/asdid-484/asdid_484/frogeye/frogeye_973.jpg,frogeye,3,train
/kaggle/input/datasets/shreyastiwari31/asdid-484/asdid_484/frogeye/frogeye_854.jpg,frogeye,3,train
/kaggle/input/datasets/shreyastiwari31/asdid-484/asdid_484/frogeye/frogeye_583.jpg,frogeye,3,train
/kaggle/input/datasets/shreyastiwari31/asdid-484/asdid_484/frogeye/frogeye_497.jpg,frogeye,3,train
/kaggle/input/datasets/shreyastiwari31/asdid-484/asdid_484/frogeye/frogeye_593.jpg,frogeye,3,train
/kaggle/input/datasets/shreyastiwari31/asdid-484/asdid_484/frogeye/frogeye_422.jpg,frogeye,3,train
/kaggle/input/datasets/shreyastiwari31/asdid-484/asdid_484/frogeye/frogeye_1414.jpg,frogeye,3,train
/kaggle/input/datasets/shreyastiwari31/asdid-484/asdid_484/frogeye/frogeye_1342.jpg,frogeye,3,train
/kaggle/input/datasets/shreyastiwari31/asdid-484/asdid_484/frogeye/frogeye_1355.jpg,frogeye,3,train
/kaggle/input/datasets/shreyastiwari31/asdid-484/asdid_484/frogeye/frogeye_941.jpg,frogeye,3,train
/kaggle/input/datasets/shreyastiwari31/asdid-484/asdid_484/frogeye/frogeye_1121.jpg,frogeye,3,train
/kaggle/input/datasets/shreyastiwari31/asdid-484/asdid_484/frogeye/frogeye_471.jpg,frogeye,3,train
/kaggle/input/datasets/shreyastiwari31/asdid-484/asdid_484/frogeye/frogeye_419.jpg,frogeye,3,train
/kaggle/input/datasets/shreyastiwari31/asdid-484/asdid_484/frogeye/frogeye_208.jpg,frogeye,3,train
/kaggle/input/datasets/shreyastiwari31/asdid-484/asdid_484/frogeye/frogeye_398.jpg,frogeye,3,train
/kaggle/input/datasets/shreyastiwari31/asdid-484/asdid_484/frogeye/frogeye_804.jpg,frogeye,3,train
/kaggle/input/datasets/shreyastiwari31/asdid-484/asdid_484/frogeye/frogeye_826.jpg,frogeye,3,train
/kaggle/input/datasets/shreyastiwari31/asdid-484/asdid_484/frogeye/frogeye_1119.jpg,frogeye,3,train
/kaggle/input/datasets/shreyastiwari31/asdid-484/asdid_484/frogeye/frogeye_8.jpg,frogeye,3,train
/kaggle/input/datasets/shreyastiwari31/asdid-484/asdid_484/frogeye/frogeye_1185.jpg,frogeye,3,train
/kaggle/input/datasets/shreyastiwari31/asdid-484/asdid_484/frogeye/frogeye_328.jpg,frogeye,3,train
/kaggle/input/datasets/shreyastiwari31/asdid-484/asdid_484/frogeye/frogeye_480.jpg,frogeye,3,train
/kaggle/input/datasets/shreyastiwari31/asdid-484/asdid_484/frogeye/frogeye_1164.jpg,frogeye,3,train
/kaggle/input/datasets/shreyastiwari31/asdid-484/asdid_484/frogeye/frogeye_860.jpg,frogeye,3,train
/kaggle/input/datasets/shreyastiwari31/asdid-484/asdid_484/frogeye/frogeye_1493.jpg,frogeye,3,train
/kaggle/input/datasets/shreyastiwari31/asdid-484/asdid_484/frogeye/frogeye_173.jpg,frogeye,3,train
/kaggle/input/datasets/shreyastiwari31/asdid-484/asdid_484/frogeye/frogeye_245.jpg,frogeye,3,train
/kaggle/input/datasets/shreyastiwari31/asdid-484/asdid_484/frogeye/frogeye_408.jpg,frogeye,3,train
/kaggle/input/datasets/shreyastiwari31/asdid-484/asdid_484/frogeye/frogeye_215.jpg,frogeye,3,train
/kaggle/input/datasets/shreyastiwari31/asdid-484/asdid_484/frogeye/frogeye_688.jpg,frogeye,3,train
/kaggle/input/datasets/shreyastiwari31/asdid-484/asdid_484/frogeye/frogeye_916.jpg,frogeye,3,train
/kaggle/input/datasets/shreyastiwari31/asdid-484/asdid_484/frogeye/frogeye_987.jpg,frogeye,3,train
/kaggle/input/datasets/shreyastiwari31/asdid-484/asdid_484/frogeye/frogeye_339.jpg,frogeye,3,train
/kaggle/input/datasets/shreyastiwari31/asdid-484/asdid_484/frogeye/frogeye_1478.jpg,frogeye,3,train
/kaggle/input/datasets/shreyastiwari31/asdid-484/asdid_484/frogeye/frogeye_423.jpg,frogeye,3,train
/kaggle/input/datasets/shreyastiwari31/asdid-484/asdid_484/frogeye/frogeye_1051.jpg,frogeye,3,train
/kaggle/input/datasets/shreyastiwari31/asdid-484/asdid_484/frogeye/frogeye_904.jpg,frogeye,3,train
/kaggle/input/datasets/shreyastiwari31/asdid-484/asdid_484/frogeye/frogeye_218.jpg,frogeye,3,train
/kaggle/input/datasets/shreyastiwari31/asdid-484/asdid_484/frogeye/frogeye_1262.jpg,frogeye,3,train
/kaggle/input/datasets/shreyastiwari31/asdid-484/asdid_484/frogeye/frogeye_452.jpg,frogeye,3,train
/kaggle/input/datasets/shreyastiwari31/asdid-484/asdid_484/frogeye/frogeye_1263.jpg,frogeye,3,train
/kaggle/input/datasets/shreyastiwari31/asdid-484/asdid_484/frogeye/frogeye_678.jpg,frogeye,3,train
/kaggle/input/datasets/shreyastiwari31/asdid-484/asdid_484/frogeye/frogeye_62.jpg,frogeye,3,train
/kaggle/input/datasets/shreyastiwari31/asdid-484/asdid_484/frogeye/frogeye_276.jpg,frogeye,3,train
/kaggle/input/datasets/shreyastiwari31/asdid-484/asdid_484/frogeye/frogeye_1306.jpg,frogeye,3,train
/kaggle/input/datasets/shreyastiwari31/asdid-484/asdid_484/frogeye/frogeye_1052.jpg,frogeye,3,train
/kaggle/input/datasets/shreyastiwari31/asdid-484/asdid_484/frogeye/frogeye_1376.jpg,frogeye,3,train
/kaggle/input/datasets/shreyastiwari31/asdid-484/asdid_484/frogeye/frogeye_131.jpg,frogeye,3,train
/kaggle/input/datasets/shreyastiwari31/asdid-484/asdid_484/frogeye/frogeye_813.jpg,frogeye,3,train
/kaggle/input/datasets/shreyastiwari31/asdid-484/asdid_484/frogeye/frogeye_316.jpg,frogeye,3,train
/kaggle/input/datasets/shreyastiwari31/asdid-484/asdid_484/frogeye/frogeye_927.jpg,frogeye,3,train
/kaggle/input/datasets/shreyastiwari31/asdid-484/asdid_484/frogeye/frogeye_1079.jpg,frogeye,3,train
/kaggle/input/datasets/shreyastiwari31/asdid-484/asdid_484/frogeye/frogeye_768.jpg,frogeye,3,train
/kaggle/input/datasets/shreyastiwari31/asdid-484/asdid_484/frogeye/frogeye_1332.jpg,frogeye,3,train
/kaggle/input/datasets/shreyastiwari31/asdid-484/asdid_484/frogeye/frogeye_931.jpg,frogeye,3,train
/kaggle/input/datasets/shreyastiwari31/asdid-484/asdid_484/frogeye/frogeye_527.jpg,frogeye,3,train
/kaggle/input/datasets/shreyastiwari31/asdid-484/asdid_484/frogeye/frogeye_604.jpg,frogeye,3,train
/kaggle/input/datasets/shreyastiwari31/asdid-484/asdid_484/frogeye/frogeye_57.jpg,frogeye,3,train
/kaggle/input/datasets/shreyastiwari31/asdid-484/asdid_484/frogeye/frogeye_468.jpg,frogeye,3,train
/kaggle/input/datasets/shreyastiwari31/asdid-484/asdid_484/frogeye/frogeye_395.jpg,frogeye,3,train
/kaggle/input/datasets/shreyastiwari31/asdid-484/asdid_484/frogeye/frogeye_537.jpg,frogeye,3,train
/kaggle/input/datasets/shreyastiwari31/asdid-484/asdid_484/frogeye/frogeye_708.jpg,frogeye,3,train
/kaggle/input/datasets/shreyastiwari31/asdid-484/asdid_484/frogeye/frogeye_522.jpg,frogeye,3,train
/kaggle/input/datasets/shreyastiwari31/asdid-484/asdid_484/frogeye/frogeye_800.jpg,frogeye,3,train
/kaggle/input/datasets/shreyastiwari31/asdid-484/asdid_484/frogeye/frogeye_1258.jpg,frogeye,3,train
/kaggle/input/datasets/shreyastiwari31/asdid-484/asdid_484/frogeye/frogeye_334.jpg,frogeye,3,train
/kaggle/input/datasets/shreyastiwari31/asdid-484/asdid_484/frogeye/frogeye_1018.jpg,frogeye,3,train
/kaggle/input/datasets/shreyastiwari31/asdid-484/asdid_484/frogeye/frogeye_1314.jpg,frogeye,3,train
/kaggle/input/datasets/shreyastiwari31/asdid-484/asdid_484/frogeye/frogeye_1081.jpg,frogeye,3,train
/kaggle/input/datasets/shreyastiwari31/asdid-484/asdid_484/frogeye/frogeye_1212.jpg,frogeye,3,train
/kaggle/input/datasets/shreyastiwari31/asdid-484/asdid_484/frogeye/frogeye_1321.jpg,frogeye,3,train
/kaggle/input/datasets/shreyastiwari31/asdid-484/asdid_484/frogeye/frogeye_1489.jpg,frogeye,3,train
/kaggle/input/datasets/shreyastiwari31/asdid-484/asdid_484/frogeye/frogeye_383.jpg,frogeye,3,train
/kaggle/input/datasets/shreyastiwari31/asdid-484/asdid_484/frogeye/frogeye_241.jpg,frogeye,3,train
/kaggle/input/datasets/shreyastiwari31/asdid-484/asdid_484/frogeye/frogeye_564.jpg,frogeye,3,train
/kaggle/input/datasets/shreyastiwari31/asdid-484/asdid_484/frogeye/frogeye_731.jpg,frogeye,3,train
/kaggle/input/datasets/shreyastiwari31/asdid-484/asdid_484/frogeye/frogeye_1110.jpg,frogeye,3,train
/kaggle/input/datasets/shreyastiwari31/asdid-484/asdid_484/frogeye/frogeye_301.jpg,frogeye,3,train
/kaggle/input/datasets/shreyastiwari31/asdid-484/asdid_484/frogeye/frogeye_1027.jpg,frogeye,3,train
/kaggle/input/datasets/shreyastiwari31/asdid-484/asdid_484/frogeye/frogeye_277.jpg,frogeye,3,train
/kaggle/input/datasets/shreyastiwari31/asdid-484/asdid_484/frogeye/frogeye_106.jpg,frogeye,3,train
/kaggle/input/datasets/shreyastiwari31/asdid-484/asdid_484/frogeye/frogeye_230.jpg,frogeye,3,train
/kaggle/input/datasets/shreyastiwari31/asdid-484/asdid_484/frogeye/frogeye_1099.jpg,frogeye,3,train
/kaggle/input/datasets/shreyastiwari31/asdid-484/asdid_484/frogeye/frogeye_644.jpg,frogeye,3,train
/kaggle/input/datasets/shreyastiwari31/asdid-484/asdid_484/frogeye/frogeye_358.jpg,frogeye,3,train
/kaggle/input/datasets/shreyastiwari31/asdid-484/asdid_484/frogeye/frogeye_1341.jpg,frogeye,3,train
/kaggle/input/datasets/shreyastiwari31/asdid-484/asdid_484/frogeye/frogeye_201.jpg,frogeye,3,train
/kaggle/input/datasets/shreyastiwari31/asdid-484/asdid_484/frogeye/frogeye_687.jpg,frogeye,3,train
/kaggle/input/datasets/shreyastiwari31/asdid-484/asdid_484/frogeye/frogeye_993.jpg,frogeye,3,train
/kaggle/input/datasets/shreyastiwari31/asdid-484/asdid_484/frogeye/frogeye_453.jpg,frogeye,3,train
/kaggle/input/datasets/shreyastiwari31/asdid-484/asdid_484/frogeye/frogeye_352.jpg,frogeye,3,train
/kaggle/input/datasets/shreyastiwari31/asdid-484/asdid_484/frogeye/frogeye_770.jpg,frogeye,3,train
/kaggle/input/datasets/shreyastiwari31/asdid-484/asdid_484/frogeye/frogeye_1167.jpg,frogeye,3,train
/kaggle/input/datasets/shreyastiwari31/asdid-484/asdid_484/frogeye/frogeye_15.jpg,frogeye,3,train
/kaggle/input/datasets/shreyastiwari31/asdid-484/asdid_484/frogeye/frogeye_1435.jpg,frogeye,3,train
/kaggle/input/datasets/shreyastiwari31/asdid-484/asdid_484/frogeye/frogeye_726.jpg,frogeye,3,train
/kaggle/input/datasets/shreyastiwari31/asdid-484/asdid_484/frogeye/frogeye_1197.jpg,frogeye,3,train
/kaggle/input/datasets/shreyastiwari31/asdid-484/asdid_484/frogeye/frogeye_6.jpg,frogeye,3,train
/kaggle/input/datasets/shreyastiwari31/asdid-484/asdid_484/frogeye/frogeye_919.jpg,frogeye,3,train
/kaggle/input/datasets/shreyastiwari31/asdid-484/asdid_484/frogeye/frogeye_1316.jpg,frogeye,3,train
/kaggle/input/datasets/shreyastiwari31/asdid-484/asdid_484/frogeye/frogeye_529.jpg,frogeye,3,train
/kaggle/input/datasets/shreyastiwari31/asdid-484/asdid_484/frogeye/frogeye_1080.jpg,frogeye,3,train
/kaggle/input/datasets/shreyastiwari31/asdid-484/asdid_484/frogeye/frogeye_226.jpg,frogeye,3,train
/kaggle/input/datasets/shreyastiwari31/asdid-484/asdid_484/frogeye/frogeye_1333.jpg,frogeye,3,train
/kaggle/input/datasets/shreyastiwari31/asdid-484/asdid_484/frogeye/frogeye_1062.jpg,frogeye,3,train
/kaggle/input/datasets/shreyastiwari31/asdid-484/asdid_484/frogeye/frogeye_147.jpg,frogeye,3,train
/kaggle/input/datasets/shreyastiwari31/asdid-484/asdid_484/frogeye/frogeye_972.jpg,frogeye,3,train
/kaggle/input/datasets/shreyastiwari31/asdid-484/asdid_484/frogeye/frogeye_338.jpg,frogeye,3,train
/kaggle/input/datasets/shreyastiwari31/asdid-484/asdid_484/frogeye/frogeye_1415.jpg,frogeye,3,train
/kaggle/input/datasets/shreyastiwari31/asdid-484/asdid_484/frogeye/frogeye_1155.jpg,frogeye,3,train
/kaggle/input/datasets/shreyastiwari31/asdid-484/asdid_484/frogeye/frogeye_761.jpg,frogeye,3,train
/kaggle/input/datasets/shreyastiwari31/asdid-484/asdid_484/frogeye/frogeye_1520.jpg,frogeye,3,train
/kaggle/input/datasets/shreyastiwari31/asdid-484/asdid_484/frogeye/frogeye_715.jpg,frogeye,3,train
/kaggle/input/datasets/shreyastiwari31/asdid-484/asdid_484/frogeye/frogeye_959.jpg,frogeye,3,train
/kaggle/input/datasets/shreyastiwari31/asdid-484/asdid_484/frogeye/frogeye_506.jpg,frogeye,3,train
/kaggle/input/datasets/shreyastiwari31/asdid-484/asdid_484/frogeye/frogeye_950.jpg,frogeye,3,train
/kaggle/input/datasets/shreyastiwari31/asdid-484/asdid_484/frogeye/frogeye_746.jpg,frogeye,3,train
/kaggle/input/datasets/shreyastiwari31/asdid-484/asdid_484/frogeye/frogeye_472.jpg,frogeye,3,train
/kaggle/input/datasets/shreyastiwari31/asdid-484/asdid_484/frogeye/frogeye_336.jpg,frogeye,3,train
/kaggle/input/datasets/shreyastiwari31/asdid-484/asdid_484/frogeye/frogeye_266.jpg,frogeye,3,train
/kaggle/input/datasets/shreyastiwari31/asdid-484/asdid_484/frogeye/frogeye_282.jpg,frogeye,3,train
/kaggle/input/datasets/shreyastiwari31/asdid-484/asdid_484/frogeye/frogeye_786.jpg,frogeye,3,train
/kaggle/input/datasets/shreyastiwari31/asdid-484/asdid_484/frogeye/frogeye_855.jpg,frogeye,3,train
/kaggle/input/datasets/shreyastiwari31/asdid-484/asdid_484/frogeye/frogeye_1074.jpg,frogeye,3,train
/kaggle/input/datasets/shreyastiwari31/asdid-484/asdid_484/frogeye/frogeye_496.jpg,frogeye,3,train
/kaggle/input/datasets/shreyastiwari31/asdid-484/asdid_484/frogeye/frogeye_796.jpg,frogeye,3,train
/kaggle/input/datasets/shreyastiwari31/asdid-484/asdid_484/frogeye/frogeye_628.jpg,frogeye,3,train
/kaggle/input/datasets/shreyastiwari31/asdid-484/asdid_484/frogeye/frogeye_70.jpg,frogeye,3,train
/kaggle/input/datasets/shreyastiwari31/asdid-484/asdid_484/frogeye/frogeye_815.jpg,frogeye,3,train
/kaggle/input/datasets/shreyastiwari31/asdid-484/asdid_484/frogeye/frogeye_451.jpg,frogeye,3,train
/kaggle/input/datasets/shreyastiwari31/asdid-484/asdid_484/frogeye/frogeye_823.jpg,frogeye,3,train
/kaggle/input/datasets/shreyastiwari31/asdid-484/asdid_484/frogeye/frogeye_616.jpg,frogeye,3,train
/kaggle/input/datasets/shreyastiwari31/asdid-484/asdid_484/frogeye/frogeye_193.jpg,frogeye,3,train
/kaggle/input/datasets/shreyastiwari31/asdid-484/asdid_484/frogeye/frogeye_1235.jpg,frogeye,3,train
/kaggle/input/datasets/shreyastiwari31/asdid-484/asdid_484/frogeye/frogeye_1516.jpg,frogeye,3,train
/kaggle/input/datasets/shreyastiwari31/asdid-484/asdid_484/frogeye/frogeye_749.jpg,frogeye,3,train
/kaggle/input/datasets/shreyastiwari31/asdid-484/asdid_484/frogeye/frogeye_252.jpg,frogeye,3,train
/kaggle/input/datasets/shreyastiwari31/asdid-484/asdid_484/frogeye/frogeye_199.jpg,frogeye,3,train
/kaggle/input/datasets/shreyastiwari31/asdid-484/asdid_484/frogeye/frogeye_766.jpg,frogeye,3,train
/kaggle/input/datasets/shreyastiwari31/asdid-484/asdid_484/frogeye/frogeye_814.jpg,frogeye,3,train
/kaggle/input/datasets/shreyastiwari31/asdid-484/asdid_484/frogeye/frogeye_702.jpg,frogeye,3,train
/kaggle/input/datasets/shreyastiwari31/asdid-484/asdid_484/frogeye/frogeye_911.jpg,frogeye,3,train
/kaggle/input/datasets/shreyastiwari31/asdid-484/asdid_484/frogeye/frogeye_834.jpg,frogeye,3,train
/kaggle/input/datasets/shreyastiwari31/asdid-484/asdid_484/frogeye/frogeye_1208.jpg,frogeye,3,train
/kaggle/input/datasets/shreyastiwari31/asdid-484/asdid_484/frogeye/frogeye_1094.jpg,frogeye,3,train
/kaggle/input/datasets/shreyastiwari31/asdid-484/asdid_484/frogeye/frogeye_901.jpg,frogeye,3,train
/kaggle/input/datasets/shreyastiwari31/asdid-484/asdid_484/frogeye/frogeye_45.jpg,frogeye,3,train
/kaggle/input/datasets/shreyastiwari31/asdid-484/asdid_484/frogeye/frogeye_121.jpg,frogeye,3,train
/kaggle/input/datasets/shreyastiwari31/asdid-484/asdid_484/frogeye/frogeye_546.jpg,frogeye,3,train
/kaggle/input/datasets/shreyastiwari31/asdid-484/asdid_484/frogeye/frogeye_1011.jpg,frogeye,3,train
/kaggle/input/datasets/shreyastiwari31/asdid-484/asdid_484/frogeye/frogeye_587.jpg,frogeye,3,train
/kaggle/input/datasets/shreyastiwari31/asdid-484/asdid_484/frogeye/frogeye_75.jpg,frogeye,3,train
/kaggle/input/datasets/shreyastiwari31/asdid-484/asdid_484/frogeye/frogeye_1470.jpg,frogeye,3,train
/kaggle/input/datasets/shreyastiwari31/asdid-484/asdid_484/frogeye/frogeye_139.jpg,frogeye,3,train
/kaggle/input/datasets/shreyastiwari31/asdid-484/asdid_484/frogeye/frogeye_1275.jpg,frogeye,3,train
/kaggle/input/datasets/shreyastiwari31/asdid-484/asdid_484/frogeye/frogeye_1038.jpg,frogeye,3,train
/kaggle/input/datasets/shreyastiwari31/asdid-484/asdid_484/frogeye/frogeye_1379.jpg,frogeye,3,train
/kaggle/input/datasets/shreyastiwari31/asdid-484/asdid_484/frogeye/frogeye_598.jpg,frogeye,3,val
/kaggle/input/datasets/shreyastiwari31/asdid-484/asdid_484/frogeye/frogeye_851.jpg,frogeye,3,val
/kaggle/input/datasets/shreyastiwari31/asdid-484/asdid_484/frogeye/frogeye_1032.jpg,frogeye,3,val
/kaggle/input/datasets/shreyastiwari31/asdid-484/asdid_484/frogeye/frogeye_441.jpg,frogeye,3,val
/kaggle/input/datasets/shreyastiwari31/asdid-484/asdid_484/frogeye/frogeye_915.jpg,frogeye,3,val
/kaggle/input/datasets/shreyastiwari31/asdid-484/asdid_484/frogeye/frogeye_934.jpg,frogeye,3,val
/kaggle/input/datasets/shreyastiwari31/asdid-484/asdid_484/frogeye/frogeye_501.jpg,frogeye,3,val
/kaggle/input/datasets/shreyastiwari31/asdid-484/asdid_484/frogeye/frogeye_666.jpg,frogeye,3,val
/kaggle/input/datasets/shreyastiwari31/asdid-484/asdid_484/frogeye/frogeye_269.jpg,frogeye,3,val
/kaggle/input/datasets/shreyastiwari31/asdid-484/asdid_484/frogeye/frogeye_1337.jpg,frogeye,3,val
/kaggle/input/datasets/shreyastiwari31/asdid-484/asdid_484/frogeye/frogeye_454.jpg,frogeye,3,val
/kaggle/input/datasets/shreyastiwari31/asdid-484/asdid_484/frogeye/frogeye_1407.jpg,frogeye,3,val
/kaggle/input/datasets/shreyastiwari31/asdid-484/asdid_484/frogeye/frogeye_789.jpg,frogeye,3,val
/kaggle/input/datasets/shreyastiwari31/asdid-484/asdid_484/frogeye/frogeye_189.jpg,frogeye,3,val
/kaggle/input/datasets/shreyastiwari31/asdid-484/asdid_484/frogeye/frogeye_671.jpg,frogeye,3,val
/kaggle/input/datasets/shreyastiwari31/asdid-484/asdid_484/frogeye/frogeye_1528.jpg,frogeye,3,val
/kaggle/input/datasets/shreyastiwari31/asdid-484/asdid_484/frogeye/frogeye_886.jpg,frogeye,3,val
/kaggle/input/datasets/shreyastiwari31/asdid-484/asdid_484/frogeye/frogeye_1335.jpg,frogeye,3,val
/kaggle/input/datasets/shreyastiwari31/asdid-484/asdid_484/frogeye/frogeye_333.jpg,frogeye,3,val
/kaggle/input/datasets/shreyastiwari31/asdid-484/asdid_484/frogeye/frogeye_540.jpg,frogeye,3,val
/kaggle/input/datasets/shreyastiwari31/asdid-484/asdid_484/frogeye/frogeye_1231.jpg,frogeye,3,val
/kaggle/input/datasets/shreyastiwari31/asdid-484/asdid_484/frogeye/frogeye_1326.jpg,frogeye,3,val
/kaggle/input/datasets/shreyastiwari31/asdid-484/asdid_484/frogeye/frogeye_367.jpg,frogeye,3,val
/kaggle/input/datasets/shreyastiwari31/asdid-484/asdid_484/frogeye/frogeye_463.jpg,frogeye,3,val
/kaggle/input/datasets/shreyastiwari31/asdid-484/asdid_484/frogeye/frogeye_115.jpg,frogeye,3,val
/kaggle/input/datasets/shreyastiwari31/asdid-484/asdid_484/frogeye/frogeye_1530.jpg,frogeye,3,val
/kaggle/input/datasets/shreyastiwari31/asdid-484/asdid_484/frogeye/frogeye_1472.jpg,frogeye,3,val
/kaggle/input/datasets/shreyastiwari31/asdid-484/asdid_484/frogeye/frogeye_479.jpg,frogeye,3,val
/kaggle/input/datasets/shreyastiwari31/asdid-484/asdid_484/frogeye/frogeye_1433.jpg,frogeye,3,val
/kaggle/input/datasets/shreyastiwari31/asdid-484/asdid_484/frogeye/frogeye_981.jpg,frogeye,3,val
/kaggle/input/datasets/shreyastiwari31/asdid-484/asdid_484/frogeye/frogeye_261.jpg,frogeye,3,val
/kaggle/input/datasets/shreyastiwari31/asdid-484/asdid_484/frogeye/frogeye_728.jpg,frogeye,3,val
/kaggle/input/datasets/shreyastiwari31/asdid-484/asdid_484/frogeye/frogeye_1533.jpg,frogeye,3,val
/kaggle/input/datasets/shreyastiwari31/asdid-484/asdid_484/frogeye/frogeye_247.jpg,frogeye,3,val
/kaggle/input/datasets/shreyastiwari31/asdid-484/asdid_484/frogeye/frogeye_117.jpg,frogeye,3,val
/kaggle/input/datasets/shreyastiwari31/asdid-484/asdid_484/frogeye/frogeye_556.jpg,frogeye,3,val
/kaggle/input/datasets/shreyastiwari31/asdid-484/asdid_484/frogeye/frogeye_1500.jpg,frogeye,3,val
/kaggle/input/datasets/shreyastiwari31/asdid-484/asdid_484/frogeye/frogeye_668.jpg,frogeye,3,val
/kaggle/input/datasets/shreyastiwari31/asdid-484/asdid_484/frogeye/frogeye_445.jpg,frogeye,3,val
/kaggle/input/datasets/shreyastiwari31/asdid-484/asdid_484/frogeye/frogeye_470.jpg,frogeye,3,val
/kaggle/input/datasets/shreyastiwari31/asdid-484/asdid_484/frogeye/frogeye_1083.jpg,frogeye,3,val
/kaggle/input/datasets/shreyastiwari31/asdid-484/asdid_484/frogeye/frogeye_438.jpg,frogeye,3,val
/kaggle/input/datasets/shreyastiwari31/asdid-484/asdid_484/frogeye/frogeye_1190.jpg,frogeye,3,val
/kaggle/input/datasets/shreyastiwari31/asdid-484/asdid_484/frogeye/frogeye_196.jpg,frogeye,3,val
/kaggle/input/datasets/shreyastiwari31/asdid-484/asdid_484/frogeye/frogeye_67.jpg,frogeye,3,val
/kaggle/input/datasets/shreyastiwari31/asdid-484/asdid_484/frogeye/frogeye_969.jpg,frogeye,3,val
/kaggle/input/datasets/shreyastiwari31/asdid-484/asdid_484/frogeye/frogeye_114.jpg,frogeye,3,val
/kaggle/input/datasets/shreyastiwari31/asdid-484/asdid_484/frogeye/frogeye_273.jpg,frogeye,3,val
/kaggle/input/datasets/shreyastiwari31/asdid-484/asdid_484/frogeye/frogeye_1132.jpg,frogeye,3,val
/kaggle/input/datasets/shreyastiwari31/asdid-484/asdid_484/frogeye/frogeye_1118.jpg,frogeye,3,val
/kaggle/input/datasets/shreyastiwari31/asdid-484/asdid_484/frogeye/frogeye_1128.jpg,frogeye,3,val
/kaggle/input/datasets/shreyastiwari31/asdid-484/asdid_484/frogeye/frogeye_1089.jpg,frogeye,3,val
/kaggle/input/datasets/shreyastiwari31/asdid-484/asdid_484/frogeye/frogeye_325.jpg,frogeye,3,val
/kaggle/input/datasets/shreyastiwari31/asdid-484/asdid_484/frogeye/frogeye_892.jpg,frogeye,3,val
/kaggle/input/datasets/shreyastiwari31/asdid-484/asdid_484/frogeye/frogeye_1225.jpg,frogeye,3,val
/kaggle/input/datasets/shreyastiwari31/asdid-484/asdid_484/frogeye/frogeye_197.jpg,frogeye,3,val
/kaggle/input/datasets/shreyastiwari31/asdid-484/asdid_484/frogeye/frogeye_1360.jpg,frogeye,3,val
/kaggle/input/datasets/shreyastiwari31/asdid-484/asdid_484/frogeye/frogeye_552.jpg,frogeye,3,val
/kaggle/input/datasets/shreyastiwari31/asdid-484/asdid_484/frogeye/frogeye_739.jpg,frogeye,3,val
/kaggle/input/datasets/shreyastiwari31/asdid-484/asdid_484/frogeye/frogeye_899.jpg,frogeye,3,val
/kaggle/input/datasets/shreyastiwari31/asdid-484/asdid_484/frogeye/frogeye_1473.jpg,frogeye,3,val
/kaggle/input/datasets/shreyastiwari31/asdid-484/asdid_484/frogeye/frogeye_1136.jpg,frogeye,3,val
/kaggle/input/datasets/shreyastiwari31/asdid-484/asdid_484/frogeye/frogeye_653.jpg,frogeye,3,val
/kaggle/input/datasets/shreyastiwari31/asdid-484/asdid_484/frogeye/frogeye_25.jpg,frogeye,3,val
/kaggle/input/datasets/shreyastiwari31/asdid-484/asdid_484/frogeye/frogeye_233.jpg,frogeye,3,val
/kaggle/input/datasets/shreyastiwari31/asdid-484/asdid_484/frogeye/frogeye_811.jpg,frogeye,3,val
/kaggle/input/datasets/shreyastiwari31/asdid-484/asdid_484/frogeye/frogeye_1515.jpg,frogeye,3,val
/kaggle/input/datasets/shreyastiwari31/asdid-484/asdid_484/frogeye/frogeye_248.jpg,frogeye,3,val
/kaggle/input/datasets/shreyastiwari31/asdid-484/asdid_484/frogeye/frogeye_1339.jpg,frogeye,3,val
/kaggle/input/datasets/shreyastiwari31/asdid-484/asdid_484/frogeye/frogeye_945.jpg,frogeye,3,val
/kaggle/input/datasets/shreyastiwari31/asdid-484/asdid_484/frogeye/frogeye_80.jpg,frogeye,3,val
/kaggle/input/datasets/shreyastiwari31/asdid-484/asdid_484/frogeye/frogeye_133.jpg,frogeye,3,val
/kaggle/input/datasets/shreyastiwari31/asdid-484/asdid_484/frogeye/frogeye_64.jpg,frogeye,3,val
/kaggle/input/datasets/shreyastiwari31/asdid-484/asdid_484/frogeye/frogeye_436.jpg,frogeye,3,test
/kaggle/input/datasets/shreyastiwari31/asdid-484/asdid_484/frogeye/frogeye_722.jpg,frogeye,3,test
/kaggle/input/datasets/shreyastiwari31/asdid-484/asdid_484/frogeye/frogeye_533.jpg,frogeye,3,test
/kaggle/input/datasets/shreyastiwari31/asdid-484/asdid_484/frogeye/frogeye_54.jpg,frogeye,3,test
/kaggle/input/datasets/shreyastiwari31/asdid-484/asdid_484/frogeye/frogeye_97.jpg,frogeye,3,test
/kaggle/input/datasets/shreyastiwari31/asdid-484/asdid_484/frogeye/frogeye_599.jpg,frogeye,3,test
/kaggle/input/datasets/shreyastiwari31/asdid-484/asdid_484/frogeye/frogeye_755.jpg,frogeye,3,test
/kaggle/input/datasets/shreyastiwari31/asdid-484/asdid_484/frogeye/frogeye_1140.jpg,frogeye,3,test
/kaggle/input/datasets/shreyastiwari31/asdid-484/asdid_484/frogeye/frogeye_272.jpg,frogeye,3,test
/kaggle/input/datasets/shreyastiwari31/asdid-484/asdid_484/frogeye/frogeye_481.jpg,frogeye,3,test
/kaggle/input/datasets/shreyastiwari31/asdid-484/asdid_484/frogeye/frogeye_36.jpg,frogeye,3,test
/kaggle/input/datasets/shreyastiwari31/asdid-484/asdid_484/frogeye/frogeye_294.jpg,frogeye,3,test
/kaggle/input/datasets/shreyastiwari31/asdid-484/asdid_484/frogeye/frogeye_1443.jpg,frogeye,3,test
/kaggle/input/datasets/shreyastiwari31/asdid-484/asdid_484/frogeye/frogeye_409.jpg,frogeye,3,test
/kaggle/input/datasets/shreyastiwari31/asdid-484/asdid_484/frogeye/frogeye_477.jpg,frogeye,3,test
/kaggle/input/datasets/shreyastiwari31/asdid-484/asdid_484/frogeye/frogeye_206.jpg,frogeye,3,test
/kaggle/input/datasets/shreyastiwari31/asdid-484/asdid_484/frogeye/frogeye_1494.jpg,frogeye,3,test
/kaggle/input/datasets/shreyastiwari31/asdid-484/asdid_484/frogeye/frogeye_925.jpg,frogeye,3,test
/kaggle/input/datasets/shreyastiwari31/asdid-484/asdid_484/frogeye/frogeye_431.jpg,frogeye,3,test
/kaggle/input/datasets/shreyastiwari31/asdid-484/asdid_484/frogeye/frogeye_469.jpg,frogeye,3,test
/kaggle/input/datasets/shreyastiwari31/asdid-484/asdid_484/frogeye/frogeye_514.jpg,frogeye,3,test
/kaggle/input/datasets/shreyastiwari31/asdid-484/asdid_484/frogeye/frogeye_505.jpg,frogeye,3,test
/kaggle/input/datasets/shreyastiwari31/asdid-484/asdid_484/frogeye/frogeye_1396.jpg,frogeye,3,test
/kaggle/input/datasets/shreyastiwari31/asdid-484/asdid_484/frogeye/frogeye_975.jpg,frogeye,3,test
/kaggle/input/datasets/shreyastiwari31/asdid-484/asdid_484/frogeye/frogeye_1088.jpg,frogeye,3,test
/kaggle/input/datasets/shreyastiwari31/asdid-484/asdid_484/frogeye/frogeye_1215.jpg,frogeye,3,test
/kaggle/input/datasets/shreyastiwari31/asdid-484/asdid_484/frogeye/frogeye_486.jpg,frogeye,3,test
/kaggle/input/datasets/shreyastiwari31/asdid-484/asdid_484/frogeye/frogeye_1491.jpg,frogeye,3,test
/kaggle/input/datasets/shreyastiwari31/asdid-484/asdid_484/frogeye/frogeye_1113.jpg,frogeye,3,test
/kaggle/input/datasets/shreyastiwari31/asdid-484/asdid_484/frogeye/frogeye_11.jpg,frogeye,3,test
/kaggle/input/datasets/shreyastiwari31/asdid-484/asdid_484/frogeye/frogeye_286.jpg,frogeye,3,test
/kaggle/input/datasets/shreyastiwari31/asdid-484/asdid_484/frogeye/frogeye_614.jpg,frogeye,3,test
/kaggle/input/datasets/shreyastiwari31/asdid-484/asdid_484/frogeye/frogeye_34.jpg,frogeye,3,test
/kaggle/input/datasets/shreyastiwari31/asdid-484/asdid_484/frogeye/frogeye_946.jpg,frogeye,3,test
/kaggle/input/datasets/shreyastiwari31/asdid-484/asdid_484/frogeye/frogeye_574.jpg,frogeye,3,test
/kaggle/input/datasets/shreyastiwari31/asdid-484/asdid_484/frogeye/frogeye_268.jpg,frogeye,3,test
/kaggle/input/datasets/shreyastiwari31/asdid-484/asdid_484/frogeye/frogeye_24.jpg,frogeye,3,test
/kaggle/input/datasets/shreyastiwari31/asdid-484/asdid_484/frogeye/frogeye_841.jpg,frogeye,3,test
/kaggle/input/datasets/shreyastiwari31/asdid-484/asdid_484/frogeye/frogeye_330.jpg,frogeye,3,test
/kaggle/input/datasets/shreyastiwari31/asdid-484/asdid_484/frogeye/frogeye_1086.jpg,frogeye,3,test
/kaggle/input/datasets/shreyastiwari31/asdid-484/asdid_484/frogeye/frogeye_1039.jpg,frogeye,3,test
/kaggle/input/datasets/shreyastiwari31/asdid-484/asdid_484/frogeye/frogeye_526.jpg,frogeye,3,test
/kaggle/input/datasets/shreyastiwari31/asdid-484/asdid_484/frogeye/frogeye_297.jpg,frogeye,3,test
/kaggle/input/datasets/shreyastiwari31/asdid-484/asdid_484/frogeye/frogeye_1466.jpg,frogeye,3,test
/kaggle/input/datasets/shreyastiwari31/asdid-484/asdid_484/frogeye/frogeye_384.jpg,frogeye,3,test
/kaggle/input/datasets/shreyastiwari31/asdid-484/asdid_484/frogeye/frogeye_541.jpg,frogeye,3,test
/kaggle/input/datasets/shreyastiwari31/asdid-484/asdid_484/frogeye/frogeye_884.jpg,frogeye,3,test
/kaggle/input/datasets/shreyastiwari31/asdid-484/asdid_484/frogeye/frogeye_743.jpg,frogeye,3,test
/kaggle/input/datasets/shreyastiwari31/asdid-484/asdid_484/frogeye/frogeye_651.jpg,frogeye,3,test
/kaggle/input/datasets/shreyastiwari31/asdid-484/asdid_484/frogeye/frogeye_1060.jpg,frogeye,3,test
/kaggle/input/datasets/shreyastiwari31/asdid-484/asdid_484/frogeye/frogeye_493.jpg,frogeye,3,test
/kaggle/input/datasets/shreyastiwari31/asdid-484/asdid_484/frogeye/frogeye_1334.jpg,frogeye,3,test
/kaggle/input/datasets/shreyastiwari31/asdid-484/asdid_484/frogeye/frogeye_359.jpg,frogeye,3,test
/kaggle/input/datasets/shreyastiwari31/asdid-484/asdid_484/frogeye/frogeye_292.jpg,frogeye,3,test
/kaggle/input/datasets/shreyastiwari31/asdid-484/asdid_484/frogeye/frogeye_1153.jpg,frogeye,3,test
/kaggle/input/datasets/shreyastiwari31/asdid-484/asdid_484/frogeye/frogeye_474.jpg,frogeye,3,test
/kaggle/input/datasets/shreyastiwari31/asdid-484/asdid_484/frogeye/frogeye_375.jpg,frogeye,3,test
/kaggle/input/datasets/shreyastiwari31/asdid-484/asdid_484/frogeye/frogeye_169.jpg,frogeye,3,test
/kaggle/input/datasets/shreyastiwari31/asdid-484/asdid_484/frogeye/frogeye_738.jpg,frogeye,3,test
/kaggle/input/datasets/shreyastiwari31/asdid-484/asdid_484/frogeye/frogeye_290.jpg,frogeye,3,test
/kaggle/input/datasets/shreyastiwari31/asdid-484/asdid_484/frogeye/frogeye_327.jpg,frogeye,3,test
/kaggle/input/datasets/shreyastiwari31/asdid-484/asdid_484/frogeye/frogeye_1087.jpg,frogeye,3,test
/kaggle/input/datasets/shreyastiwari31/asdid-484/asdid_484/frogeye/frogeye_676.jpg,frogeye,3,test
/kaggle/input/datasets/shreyastiwari31/asdid-484/asdid_484/frogeye/frogeye_1161.jpg,frogeye,3,test
/kaggle/input/datasets/shreyastiwari31/asdid-484/asdid_484/frogeye/frogeye_403.jpg,frogeye,3,test
/kaggle/input/datasets/shreyastiwari31/asdid-484/asdid_484/frogeye/frogeye_256.jpg,frogeye,3,test
/kaggle/input/datasets/shreyastiwari31/asdid-484/asdid_484/frogeye/frogeye_670.jpg,frogeye,3,test
/kaggle/input/datasets/shreyastiwari31/asdid-484/asdid_484/frogeye/frogeye_1183.jpg,frogeye,3,test
/kaggle/input/datasets/shreyastiwari31/asdid-484/asdid_484/frogeye/frogeye_1076.jpg,frogeye,3,test
/kaggle/input/datasets/shreyastiwari31/asdid-484/asdid_484/frogeye/frogeye_1377.jpg,frogeye,3,test
/kaggle/input/datasets/shreyastiwari31/asdid-484/asdid_484/frogeye/frogeye_1269.jpg,frogeye,3,test
/kaggle/input/datasets/shreyastiwari31/asdid-484/asdid_484/frogeye/frogeye_1023.jpg,frogeye,3,test
/kaggle/input/datasets/shreyastiwari31/asdid-484/asdid_484/healthy/healthy_651.jpg,healthy,4,train
/kaggle/input/datasets/shreyastiwari31/asdid-484/asdid_484/healthy/healthy_256.jpg,healthy,4,train
/kaggle/input/datasets/shreyastiwari31/asdid-484/asdid_484/healthy/healthy_74.jpg,healthy,4,train
/kaggle/input/datasets/shreyastiwari31/asdid-484/asdid_484/healthy/healthy_870.jpg,healthy,4,train
/kaggle/input/datasets/shreyastiwari31/asdid-484/asdid_484/healthy/healthy_1300.jpg,healthy,4,train
/kaggle/input/datasets/shreyastiwari31/asdid-484/asdid_484/healthy/healthy_428.jpg,healthy,4,train
/kaggle/input/datasets/shreyastiwari31/asdid-484/asdid_484/healthy/healthy_69.jpg,healthy,4,train
/kaggle/input/datasets/shreyastiwari31/asdid-484/asdid_484/healthy/healthy_586.jpg,healthy,4,train
/kaggle/input/datasets/shreyastiwari31/asdid-484/asdid_484/healthy/healthy_757.jpg,healthy,4,train
/kaggle/input/datasets/shreyastiwari31/asdid-484/asdid_484/healthy/healthy_1326.jpg,healthy,4,train
/kaggle/input/datasets/shreyastiwari31/asdid-484/asdid_484/healthy/healthy_1262.jpg,healthy,4,train
/kaggle/input/datasets/shreyastiwari31/asdid-484/asdid_484/healthy/healthy_102.jpg,healthy,4,train
/kaggle/input/datasets/shreyastiwari31/asdid-484/asdid_484/healthy/healthy_57.jpg,healthy,4,train
/kaggle/input/datasets/shreyastiwari31/asdid-484/asdid_484/healthy/healthy_538.jpg,healthy,4,train
/kaggle/input/datasets/shreyastiwari31/asdid-484/asdid_484/healthy/healthy_517.jpg,healthy,4,train
/kaggle/input/datasets/shreyastiwari31/asdid-484/asdid_484/healthy/healthy_867.jpg,healthy,4,train
/kaggle/input/datasets/shreyastiwari31/asdid-484/asdid_484/healthy/healthy_1005.jpg,healthy,4,train
/kaggle/input/datasets/shreyastiwari31/asdid-484/asdid_484/healthy/healthy_733.jpg,healthy,4,train
/kaggle/input/datasets/shreyastiwari31/asdid-484/asdid_484/healthy/healthy_1506.jpg,healthy,4,train
/kaggle/input/datasets/shreyastiwari31/asdid-484/asdid_484/healthy/healthy_581.jpg,healthy,4,train
/kaggle/input/datasets/shreyastiwari31/asdid-484/asdid_484/healthy/healthy_906.jpg,healthy,4,train
/kaggle/input/datasets/shreyastiwari31/asdid-484/asdid_484/healthy/healthy_1628.jpg,healthy,4,train
/kaggle/input/datasets/shreyastiwari31/asdid-484/asdid_484/healthy/healthy_1288.jpg,healthy,4,train
/kaggle/input/datasets/shreyastiwari31/asdid-484/asdid_484/healthy/healthy_454.jpg,healthy,4,train
/kaggle/input/datasets/shreyastiwari31/asdid-484/asdid_484/healthy/healthy_1151.jpg,healthy,4,train
/kaggle/input/datasets/shreyastiwari31/asdid-484/asdid_484/healthy/healthy_1415.jpg,healthy,4,train
/kaggle/input/datasets/shreyastiwari31/asdid-484/asdid_484/healthy/healthy_1328.jpg,healthy,4,train
/kaggle/input/datasets/shreyastiwari31/asdid-484/asdid_484/healthy/healthy_1251.jpg,healthy,4,train
/kaggle/input/datasets/shreyastiwari31/asdid-484/asdid_484/healthy/healthy_1237.jpg,healthy,4,train
/kaggle/input/datasets/shreyastiwari31/asdid-484/asdid_484/healthy/healthy_1462.jpg,healthy,4,train
/kaggle/input/datasets/shreyastiwari31/asdid-484/asdid_484/healthy/healthy_1576.jpg,healthy,4,train
/kaggle/input/datasets/shreyastiwari31/asdid-484/asdid_484/healthy/healthy_285.jpg,healthy,4,train
/kaggle/input/datasets/shreyastiwari31/asdid-484/asdid_484/healthy/healthy_684.jpg,healthy,4,train
/kaggle/input/datasets/shreyastiwari31/asdid-484/asdid_484/healthy/healthy_1079.jpg,healthy,4,train
/kaggle/input/datasets/shreyastiwari31/asdid-484/asdid_484/healthy/healthy_1460.jpg,healthy,4,train
/kaggle/input/datasets/shreyastiwari31/asdid-484/asdid_484/healthy/healthy_1479.jpg,healthy,4,train
/kaggle/input/datasets/shreyastiwari31/asdid-484/asdid_484/healthy/healthy_1018.jpg,healthy,4,train
/kaggle/input/datasets/shreyastiwari31/asdid-484/asdid_484/healthy/healthy_83.jpg,healthy,4,train
/kaggle/input/datasets/shreyastiwari31/asdid-484/asdid_484/healthy/healthy_611.jpg,healthy,4,train
/kaggle/input/datasets/shreyastiwari31/asdid-484/asdid_484/healthy/healthy_1269.jpg,healthy,4,train
/kaggle/input/datasets/shreyastiwari31/asdid-484/asdid_484/healthy/healthy_1332.jpg,healthy,4,train
/kaggle/input/datasets/shreyastiwari31/asdid-484/asdid_484/healthy/healthy_163.jpg,healthy,4,train
/kaggle/input/datasets/shreyastiwari31/asdid-484/asdid_484/healthy/healthy_251.jpg,healthy,4,train
/kaggle/input/datasets/shreyastiwari31/asdid-484/asdid_484/healthy/healthy_1011.jpg,healthy,4,train
/kaggle/input/datasets/shreyastiwari31/asdid-484/asdid_484/healthy/healthy_348.jpg,healthy,4,train
/kaggle/input/datasets/shreyastiwari31/asdid-484/asdid_484/healthy/healthy_664.jpg,healthy,4,train
/kaggle/input/datasets/shreyastiwari31/asdid-484/asdid_484/healthy/healthy_1128.jpg,healthy,4,train
/kaggle/input/datasets/shreyastiwari31/asdid-484/asdid_484/healthy/healthy_1070.jpg,healthy,4,train
/kaggle/input/datasets/shreyastiwari31/asdid-484/asdid_484/healthy/healthy_752.jpg,healthy,4,train
/kaggle/input/datasets/shreyastiwari31/asdid-484/asdid_484/healthy/healthy_600.jpg,healthy,4,train
/kaggle/input/datasets/shreyastiwari31/asdid-484/asdid_484/healthy/healthy_1323.jpg,healthy,4,train
/kaggle/input/datasets/shreyastiwari31/asdid-484/asdid_484/healthy/healthy_661.jpg,healthy,4,train
/kaggle/input/datasets/shreyastiwari31/asdid-484/asdid_484/healthy/healthy_636.jpg,healthy,4,train
/kaggle/input/datasets/shreyastiwari31/asdid-484/asdid_484/healthy/healthy_360.jpg,healthy,4,train
/kaggle/input/datasets/shreyastiwari31/asdid-484/asdid_484/healthy/healthy_748.jpg,healthy,4,train
/kaggle/input/datasets/shreyastiwari31/asdid-484/asdid_484/healthy/healthy_1396.jpg,healthy,4,train
/kaggle/input/datasets/shreyastiwari31/asdid-484/asdid_484/healthy/healthy_608.jpg,healthy,4,train
/kaggle/input/datasets/shreyastiwari31/asdid-484/asdid_484/healthy/healthy_596.jpg,healthy,4,train
/kaggle/input/datasets/shreyastiwari31/asdid-484/asdid_484/healthy/healthy_1342.jpg,healthy,4,train
/kaggle/input/datasets/shreyastiwari31/asdid-484/asdid_484/healthy/healthy_438.jpg,healthy,4,train
/kaggle/input/datasets/shreyastiwari31/asdid-484/asdid_484/healthy/healthy_1626.jpg,healthy,4,train
/kaggle/input/datasets/shreyastiwari31/asdid-484/asdid_484/healthy/healthy_1473.jpg,healthy,4,train
/kaggle/input/datasets/shreyastiwari31/asdid-484/asdid_484/healthy/healthy_413.jpg,healthy,4,train
/kaggle/input/datasets/shreyastiwari31/asdid-484/asdid_484/healthy/healthy_1212.jpg,healthy,4,train
/kaggle/input/datasets/shreyastiwari31/asdid-484/asdid_484/healthy/healthy_1097.jpg,healthy,4,train
/kaggle/input/datasets/shreyastiwari31/asdid-484/asdid_484/healthy/healthy_1183.jpg,healthy,4,train
/kaggle/input/datasets/shreyastiwari31/asdid-484/asdid_484/healthy/healthy_1611.jpg,healthy,4,train
/kaggle/input/datasets/shreyastiwari31/asdid-484/asdid_484/healthy/healthy_1118.jpg,healthy,4,train
/kaggle/input/datasets/shreyastiwari31/asdid-484/asdid_484/healthy/healthy_942.jpg,healthy,4,train
/kaggle/input/datasets/shreyastiwari31/asdid-484/asdid_484/healthy/healthy_1306.jpg,healthy,4,train
/kaggle/input/datasets/shreyastiwari31/asdid-484/asdid_484/healthy/healthy_717.jpg,healthy,4,train
/kaggle/input/datasets/shreyastiwari31/asdid-484/asdid_484/healthy/healthy_677.jpg,healthy,4,train
/kaggle/input/datasets/shreyastiwari31/asdid-484/asdid_484/healthy/healthy_1464.jpg,healthy,4,train
/kaggle/input/datasets/shreyastiwari31/asdid-484/asdid_484/healthy/healthy_881.jpg,healthy,4,train
/kaggle/input/datasets/shreyastiwari31/asdid-484/asdid_484/healthy/healthy_879.jpg,healthy,4,train
/kaggle/input/datasets/shreyastiwari31/asdid-484/asdid_484/healthy/healthy_1341.jpg,healthy,4,train
/kaggle/input/datasets/shreyastiwari31/asdid-484/asdid_484/healthy/healthy_531.jpg,healthy,4,train
/kaggle/input/datasets/shreyastiwari31/asdid-484/asdid_484/healthy/healthy_1225.jpg,healthy,4,train
/kaggle/input/datasets/shreyastiwari31/asdid-484/asdid_484/healthy/healthy_1303.jpg,healthy,4,train
/kaggle/input/datasets/shreyastiwari31/asdid-484/asdid_484/healthy/healthy_349.jpg,healthy,4,train
/kaggle/input/datasets/shreyastiwari31/asdid-484/asdid_484/healthy/healthy_886.jpg,healthy,4,train
/kaggle/input/datasets/shreyastiwari31/asdid-484/asdid_484/healthy/healthy_1425.jpg,healthy,4,train
/kaggle/input/datasets/shreyastiwari31/asdid-484/asdid_484/healthy/healthy_916.jpg,healthy,4,train
/kaggle/input/datasets/shreyastiwari31/asdid-484/asdid_484/healthy/healthy_1582.jpg,healthy,4,train
/kaggle/input/datasets/shreyastiwari31/asdid-484/asdid_484/healthy/healthy_298.jpg,healthy,4,train
/kaggle/input/datasets/shreyastiwari31/asdid-484/asdid_484/healthy/healthy_1516.jpg,healthy,4,train
/kaggle/input/datasets/shreyastiwari31/asdid-484/asdid_484/healthy/healthy_1355.jpg,healthy,4,train
/kaggle/input/datasets/shreyastiwari31/asdid-484/asdid_484/healthy/healthy_322.jpg,healthy,4,train
/kaggle/input/datasets/shreyastiwari31/asdid-484/asdid_484/healthy/healthy_1574.jpg,healthy,4,train
/kaggle/input/datasets/shreyastiwari31/asdid-484/asdid_484/healthy/healthy_354.jpg,healthy,4,train
/kaggle/input/datasets/shreyastiwari31/asdid-484/asdid_484/healthy/healthy_1130.jpg,healthy,4,train
/kaggle/input/datasets/shreyastiwari31/asdid-484/asdid_484/healthy/healthy_1099.jpg,healthy,4,train
/kaggle/input/datasets/shreyastiwari31/asdid-484/asdid_484/healthy/healthy_609.jpg,healthy,4,train
/kaggle/input/datasets/shreyastiwari31/asdid-484/asdid_484/healthy/healthy_1039.jpg,healthy,4,train
/kaggle/input/datasets/shreyastiwari31/asdid-484/asdid_484/healthy/healthy_1436.jpg,healthy,4,train
/kaggle/input/datasets/shreyastiwari31/asdid-484/asdid_484/healthy/healthy_1498.jpg,healthy,4,train
/kaggle/input/datasets/shreyastiwari31/asdid-484/asdid_484/healthy/healthy_583.jpg,healthy,4,train
/kaggle/input/datasets/shreyastiwari31/asdid-484/asdid_484/healthy/healthy_275.jpg,healthy,4,train
/kaggle/input/datasets/shreyastiwari31/asdid-484/asdid_484/healthy/healthy_396.jpg,healthy,4,train
/kaggle/input/datasets/shreyastiwari31/asdid-484/asdid_484/healthy/healthy_86.jpg,healthy,4,train
/kaggle/input/datasets/shreyastiwari31/asdid-484/asdid_484/healthy/healthy_1081.jpg,healthy,4,train
/kaggle/input/datasets/shreyastiwari31/asdid-484/asdid_484/healthy/healthy_1333.jpg,healthy,4,train
/kaggle/input/datasets/shreyastiwari31/asdid-484/asdid_484/healthy/healthy_406.jpg,healthy,4,train
/kaggle/input/datasets/shreyastiwari31/asdid-484/asdid_484/healthy/healthy_893.jpg,healthy,4,train
/kaggle/input/datasets/shreyastiwari31/asdid-484/asdid_484/healthy/healthy_1178.jpg,healthy,4,train
/kaggle/input/datasets/shreyastiwari31/asdid-484/asdid_484/healthy/healthy_1121.jpg,healthy,4,train
/kaggle/input/datasets/shreyastiwari31/asdid-484/asdid_484/healthy/healthy_558.jpg,healthy,4,train
/kaggle/input/datasets/shreyastiwari31/asdid-484/asdid_484/healthy/healthy_527.jpg,healthy,4,train
/kaggle/input/datasets/shreyastiwari31/asdid-484/asdid_484/healthy/healthy_844.jpg,healthy,4,train
/kaggle/input/datasets/shreyastiwari31/asdid-484/asdid_484/healthy/healthy_75.jpg,healthy,4,train
/kaggle/input/datasets/shreyastiwari31/asdid-484/asdid_484/healthy/healthy_924.jpg,healthy,4,train
/kaggle/input/datasets/shreyastiwari31/asdid-484/asdid_484/healthy/healthy_599.jpg,healthy,4,train
/kaggle/input/datasets/shreyastiwari31/asdid-484/asdid_484/healthy/healthy_808.jpg,healthy,4,train
/kaggle/input/datasets/shreyastiwari31/asdid-484/asdid_484/healthy/healthy_1274.jpg,healthy,4,train
/kaggle/input/datasets/shreyastiwari31/asdid-484/asdid_484/healthy/healthy_913.jpg,healthy,4,train
/kaggle/input/datasets/shreyastiwari31/asdid-484/asdid_484/healthy/healthy_391.jpg,healthy,4,train
/kaggle/input/datasets/shreyastiwari31/asdid-484/asdid_484/healthy/healthy_1384.jpg,healthy,4,train
/kaggle/input/datasets/shreyastiwari31/asdid-484/asdid_484/healthy/healthy_306.jpg,healthy,4,train
/kaggle/input/datasets/shreyastiwari31/asdid-484/asdid_484/healthy/healthy_1428.jpg,healthy,4,train
/kaggle/input/datasets/shreyastiwari31/asdid-484/asdid_484/healthy/healthy_1074.jpg,healthy,4,train
/kaggle/input/datasets/shreyastiwari31/asdid-484/asdid_484/healthy/healthy_1161.jpg,healthy,4,train
/kaggle/input/datasets/shreyastiwari31/asdid-484/asdid_484/healthy/healthy_1164.jpg,healthy,4,train
/kaggle/input/datasets/shreyastiwari31/asdid-484/asdid_484/healthy/healthy_320.jpg,healthy,4,train
/kaggle/input/datasets/shreyastiwari31/asdid-484/asdid_484/healthy/healthy_795.jpg,healthy,4,train
/kaggle/input/datasets/shreyastiwari31/asdid-484/asdid_484/healthy/healthy_896.jpg,healthy,4,train
/kaggle/input/datasets/shreyastiwari31/asdid-484/asdid_484/healthy/healthy_420.jpg,healthy,4,train
/kaggle/input/datasets/shreyastiwari31/asdid-484/asdid_484/healthy/healthy_334.jpg,healthy,4,train
/kaggle/input/datasets/shreyastiwari31/asdid-484/asdid_484/healthy/healthy_158.jpg,healthy,4,train
/kaggle/input/datasets/shreyastiwari31/asdid-484/asdid_484/healthy/healthy_1339.jpg,healthy,4,train
/kaggle/input/datasets/shreyastiwari31/asdid-484/asdid_484/healthy/healthy_214.jpg,healthy,4,train
/kaggle/input/datasets/shreyastiwari31/asdid-484/asdid_484/healthy/healthy_588.jpg,healthy,4,train
/kaggle/input/datasets/shreyastiwari31/asdid-484/asdid_484/healthy/healthy_90.jpg,healthy,4,train
/kaggle/input/datasets/shreyastiwari31/asdid-484/asdid_484/healthy/healthy_856.jpg,healthy,4,train
/kaggle/input/datasets/shreyastiwari31/asdid-484/asdid_484/healthy/healthy_445.jpg,healthy,4,train
/kaggle/input/datasets/shreyastiwari31/asdid-484/asdid_484/healthy/healthy_342.jpg,healthy,4,train
/kaggle/input/datasets/shreyastiwari31/asdid-484/asdid_484/healthy/healthy_329.jpg,healthy,4,train
/kaggle/input/datasets/shreyastiwari31/asdid-484/asdid_484/healthy/healthy_964.jpg,healthy,4,train
/kaggle/input/datasets/shreyastiwari31/asdid-484/asdid_484/healthy/healthy_1321.jpg,healthy,4,train
/kaggle/input/datasets/shreyastiwari31/asdid-484/asdid_484/healthy/healthy_647.jpg,healthy,4,train
/kaggle/input/datasets/shreyastiwari31/asdid-484/asdid_484/healthy/healthy_1185.jpg,healthy,4,train
/kaggle/input/datasets/shreyastiwari31/asdid-484/asdid_484/healthy/healthy_1030.jpg,healthy,4,train
/kaggle/input/datasets/shreyastiwari31/asdid-484/asdid_484/healthy/healthy_1470.jpg,healthy,4,train
/kaggle/input/datasets/shreyastiwari31/asdid-484/asdid_484/healthy/healthy_1023.jpg,healthy,4,train
/kaggle/input/datasets/shreyastiwari31/asdid-484/asdid_484/healthy/healthy_683.jpg,healthy,4,train
/kaggle/input/datasets/shreyastiwari31/asdid-484/asdid_484/healthy/healthy_126.jpg,healthy,4,train
/kaggle/input/datasets/shreyastiwari31/asdid-484/asdid_484/healthy/healthy_516.jpg,healthy,4,train
/kaggle/input/datasets/shreyastiwari31/asdid-484/asdid_484/healthy/healthy_1494.jpg,healthy,4,train
/kaggle/input/datasets/shreyastiwari31/asdid-484/asdid_484/healthy/healthy_716.jpg,healthy,4,train
/kaggle/input/datasets/shreyastiwari31/asdid-484/asdid_484/healthy/healthy_248.jpg,healthy,4,train
/kaggle/input/datasets/shreyastiwari31/asdid-484/asdid_484/healthy/healthy_1060.jpg,healthy,4,train
/kaggle/input/datasets/shreyastiwari31/asdid-484/asdid_484/healthy/healthy_51.jpg,healthy,4,train
/kaggle/input/datasets/shreyastiwari31/asdid-484/asdid_484/healthy/healthy_1493.jpg,healthy,4,train
/kaggle/input/datasets/shreyastiwari31/asdid-484/asdid_484/healthy/healthy_297.jpg,healthy,4,train
/kaggle/input/datasets/shreyastiwari31/asdid-484/asdid_484/healthy/healthy_71.jpg,healthy,4,train
/kaggle/input/datasets/shreyastiwari31/asdid-484/asdid_484/healthy/healthy_654.jpg,healthy,4,train
/kaggle/input/datasets/shreyastiwari31/asdid-484/asdid_484/healthy/healthy_919.jpg,healthy,4,train
/kaggle/input/datasets/shreyastiwari31/asdid-484/asdid_484/healthy/healthy_383.jpg,healthy,4,train
/kaggle/input/datasets/shreyastiwari31/asdid-484/asdid_484/healthy/healthy_1055.jpg,healthy,4,train
/kaggle/input/datasets/shreyastiwari31/asdid-484/asdid_484/healthy/healthy_1197.jpg,healthy,4,train
/kaggle/input/datasets/shreyastiwari31/asdid-484/asdid_484/healthy/healthy_786.jpg,healthy,4,train
/kaggle/input/datasets/shreyastiwari31/asdid-484/asdid_484/healthy/healthy_952.jpg,healthy,4,train
/kaggle/input/datasets/shreyastiwari31/asdid-484/asdid_484/healthy/healthy_179.jpg,healthy,4,train
/kaggle/input/datasets/shreyastiwari31/asdid-484/asdid_484/healthy/healthy_1235.jpg,healthy,4,train
/kaggle/input/datasets/shreyastiwari31/asdid-484/asdid_484/healthy/healthy_967.jpg,healthy,4,train
/kaggle/input/datasets/shreyastiwari31/asdid-484/asdid_484/healthy/healthy_5.jpg,healthy,4,train
/kaggle/input/datasets/shreyastiwari31/asdid-484/asdid_484/healthy/healthy_1216.jpg,healthy,4,train
/kaggle/input/datasets/shreyastiwari31/asdid-484/asdid_484/healthy/healthy_849.jpg,healthy,4,train
/kaggle/input/datasets/shreyastiwari31/asdid-484/asdid_484/healthy/healthy_203.jpg,healthy,4,train
/kaggle/input/datasets/shreyastiwari31/asdid-484/asdid_484/healthy/healthy_814.jpg,healthy,4,train
/kaggle/input/datasets/shreyastiwari31/asdid-484/asdid_484/healthy/healthy_923.jpg,healthy,4,train
/kaggle/input/datasets/shreyastiwari31/asdid-484/asdid_484/healthy/healthy_1362.jpg,healthy,4,train
/kaggle/input/datasets/shreyastiwari31/asdid-484/asdid_484/healthy/healthy_864.jpg,healthy,4,train
/kaggle/input/datasets/shreyastiwari31/asdid-484/asdid_484/healthy/healthy_1593.jpg,healthy,4,train
/kaggle/input/datasets/shreyastiwari31/asdid-484/asdid_484/healthy/healthy_973.jpg,healthy,4,train
/kaggle/input/datasets/shreyastiwari31/asdid-484/asdid_484/healthy/healthy_47.jpg,healthy,4,train
/kaggle/input/datasets/shreyastiwari31/asdid-484/asdid_484/healthy/healthy_489.jpg,healthy,4,train
/kaggle/input/datasets/shreyastiwari31/asdid-484/asdid_484/healthy/healthy_1595.jpg,healthy,4,train
/kaggle/input/datasets/shreyastiwari31/asdid-484/asdid_484/healthy/healthy_409.jpg,healthy,4,train
/kaggle/input/datasets/shreyastiwari31/asdid-484/asdid_484/healthy/healthy_245.jpg,healthy,4,train
/kaggle/input/datasets/shreyastiwari31/asdid-484/asdid_484/healthy/healthy_1376.jpg,healthy,4,train
/kaggle/input/datasets/shreyastiwari31/asdid-484/asdid_484/healthy/healthy_252.jpg,healthy,4,train
/kaggle/input/datasets/shreyastiwari31/asdid-484/asdid_484/healthy/healthy_1627.jpg,healthy,4,train
/kaggle/input/datasets/shreyastiwari31/asdid-484/asdid_484/healthy/healthy_262.jpg,healthy,4,train
/kaggle/input/datasets/shreyastiwari31/asdid-484/asdid_484/healthy/healthy_715.jpg,healthy,4,train
/kaggle/input/datasets/shreyastiwari31/asdid-484/asdid_484/healthy/healthy_479.jpg,healthy,4,train
/kaggle/input/datasets/shreyastiwari31/asdid-484/asdid_484/healthy/healthy_286.jpg,healthy,4,train
/kaggle/input/datasets/shreyastiwari31/asdid-484/asdid_484/healthy/healthy_595.jpg,healthy,4,train
/kaggle/input/datasets/shreyastiwari31/asdid-484/asdid_484/healthy/healthy_270.jpg,healthy,4,train
/kaggle/input/datasets/shreyastiwari31/asdid-484/asdid_484/healthy/healthy_861.jpg,healthy,4,train
/kaggle/input/datasets/shreyastiwari31/asdid-484/asdid_484/healthy/healthy_1317.jpg,healthy,4,train
/kaggle/input/datasets/shreyastiwari31/asdid-484/asdid_484/healthy/healthy_132.jpg,healthy,4,train
/kaggle/input/datasets/shreyastiwari31/asdid-484/asdid_484/healthy/healthy_939.jpg,healthy,4,train
/kaggle/input/datasets/shreyastiwari31/asdid-484/asdid_484/healthy/healthy_815.jpg,healthy,4,train
/kaggle/input/datasets/shreyastiwari31/asdid-484/asdid_484/healthy/healthy_713.jpg,healthy,4,train
/kaggle/input/datasets/shreyastiwari31/asdid-484/asdid_484/healthy/healthy_1536.jpg,healthy,4,train
/kaggle/input/datasets/shreyastiwari31/asdid-484/asdid_484/healthy/healthy_1307.jpg,healthy,4,train
/kaggle/input/datasets/shreyastiwari31/asdid-484/asdid_484/healthy/healthy_1223.jpg,healthy,4,train
/kaggle/input/datasets/shreyastiwari31/asdid-484/asdid_484/healthy/healthy_9.jpg,healthy,4,train
/kaggle/input/datasets/shreyastiwari31/asdid-484/asdid_484/healthy/healthy_255.jpg,healthy,4,train
/kaggle/input/datasets/shreyastiwari31/asdid-484/asdid_484/healthy/healthy_30.jpg,healthy,4,train
/kaggle/input/datasets/shreyastiwari31/asdid-484/asdid_484/healthy/healthy_1088.jpg,healthy,4,train
/kaggle/input/datasets/shreyastiwari31/asdid-484/asdid_484/healthy/healthy_1606.jpg,healthy,4,train
/kaggle/input/datasets/shreyastiwari31/asdid-484/asdid_484/healthy/healthy_1343.jpg,healthy,4,train
/kaggle/input/datasets/shreyastiwari31/asdid-484/asdid_484/healthy/healthy_1282.jpg,healthy,4,train
/kaggle/input/datasets/shreyastiwari31/asdid-484/asdid_484/healthy/healthy_553.jpg,healthy,4,train
/kaggle/input/datasets/shreyastiwari31/asdid-484/asdid_484/healthy/healthy_1411.jpg,healthy,4,train
/kaggle/input/datasets/shreyastiwari31/asdid-484/asdid_484/healthy/healthy_666.jpg,healthy,4,train
/kaggle/input/datasets/shreyastiwari31/asdid-484/asdid_484/healthy/healthy_1020.jpg,healthy,4,train
/kaggle/input/datasets/shreyastiwari31/asdid-484/asdid_484/healthy/healthy_136.jpg,healthy,4,train
/kaggle/input/datasets/shreyastiwari31/asdid-484/asdid_484/healthy/healthy_945.jpg,healthy,4,train
/kaggle/input/datasets/shreyastiwari31/asdid-484/asdid_484/healthy/healthy_318.jpg,healthy,4,train
/kaggle/input/datasets/shreyastiwari31/asdid-484/asdid_484/healthy/healthy_1094.jpg,healthy,4,train
/kaggle/input/datasets/shreyastiwari31/asdid-484/asdid_484/healthy/healthy_94.jpg,healthy,4,train
/kaggle/input/datasets/shreyastiwari31/asdid-484/asdid_484/healthy/healthy_281.jpg,healthy,4,train
/kaggle/input/datasets/shreyastiwari31/asdid-484/asdid_484/healthy/healthy_277.jpg,healthy,4,train
/kaggle/input/datasets/shreyastiwari31/asdid-484/asdid_484/healthy/healthy_1155.jpg,healthy,4,train
/kaggle/input/datasets/shreyastiwari31/asdid-484/asdid_484/healthy/healthy_1367.jpg,healthy,4,train
/kaggle/input/datasets/shreyastiwari31/asdid-484/asdid_484/healthy/healthy_852.jpg,healthy,4,train
/kaggle/input/datasets/shreyastiwari31/asdid-484/asdid_484/healthy/healthy_335.jpg,healthy,4,train
/kaggle/input/datasets/shreyastiwari31/asdid-484/asdid_484/healthy/healthy_573.jpg,healthy,4,train
/kaggle/input/datasets/shreyastiwari31/asdid-484/asdid_484/healthy/healthy_922.jpg,healthy,4,train
/kaggle/input/datasets/shreyastiwari31/asdid-484/asdid_484/healthy/healthy_436.jpg,healthy,4,train
/kaggle/input/datasets/shreyastiwari31/asdid-484/asdid_484/healthy/healthy_244.jpg,healthy,4,train
/kaggle/input/datasets/shreyastiwari31/asdid-484/asdid_484/healthy/healthy_675.jpg,healthy,4,train
/kaggle/input/datasets/shreyastiwari31/asdid-484/asdid_484/healthy/healthy_447.jpg,healthy,4,train
/kaggle/input/datasets/shreyastiwari31/asdid-484/asdid_484/healthy/healthy_880.jpg,healthy,4,train
/kaggle/input/datasets/shreyastiwari31/asdid-484/asdid_484/healthy/healthy_860.jpg,healthy,4,train
/kaggle/input/datasets/shreyastiwari31/asdid-484/asdid_484/healthy/healthy_909.jpg,healthy,4,train
/kaggle/input/datasets/shreyastiwari31/asdid-484/asdid_484/healthy/healthy_1399.jpg,healthy,4,train
/kaggle/input/datasets/shreyastiwari31/asdid-484/asdid_484/healthy/healthy_418.jpg,healthy,4,train
/kaggle/input/datasets/shreyastiwari31/asdid-484/asdid_484/healthy/healthy_358.jpg,healthy,4,train
/kaggle/input/datasets/shreyastiwari31/asdid-484/asdid_484/healthy/healthy_1533.jpg,healthy,4,train
/kaggle/input/datasets/shreyastiwari31/asdid-484/asdid_484/healthy/healthy_1265.jpg,healthy,4,train
/kaggle/input/datasets/shreyastiwari31/asdid-484/asdid_484/healthy/healthy_804.jpg,healthy,4,train
/kaggle/input/datasets/shreyastiwari31/asdid-484/asdid_484/healthy/healthy_398.jpg,healthy,4,train
/kaggle/input/datasets/shreyastiwari31/asdid-484/asdid_484/healthy/healthy_847.jpg,healthy,4,train
/kaggle/input/datasets/shreyastiwari31/asdid-484/asdid_484/healthy/healthy_1515.jpg,healthy,4,train
/kaggle/input/datasets/shreyastiwari31/asdid-484/asdid_484/healthy/healthy_41.jpg,healthy,4,train
/kaggle/input/datasets/shreyastiwari31/asdid-484/asdid_484/healthy/healthy_587.jpg,healthy,4,train
/kaggle/input/datasets/shreyastiwari31/asdid-484/asdid_484/healthy/healthy_966.jpg,healthy,4,train
/kaggle/input/datasets/shreyastiwari31/asdid-484/asdid_484/healthy/healthy_545.jpg,healthy,4,train
/kaggle/input/datasets/shreyastiwari31/asdid-484/asdid_484/healthy/healthy_780.jpg,healthy,4,train
/kaggle/input/datasets/shreyastiwari31/asdid-484/asdid_484/healthy/healthy_1117.jpg,healthy,4,train
/kaggle/input/datasets/shreyastiwari31/asdid-484/asdid_484/healthy/healthy_1337.jpg,healthy,4,train
/kaggle/input/datasets/shreyastiwari31/asdid-484/asdid_484/healthy/healthy_567.jpg,healthy,4,train
/kaggle/input/datasets/shreyastiwari31/asdid-484/asdid_484/healthy/healthy_441.jpg,healthy,4,train
/kaggle/input/datasets/shreyastiwari31/asdid-484/asdid_484/healthy/healthy_373.jpg,healthy,4,train
/kaggle/input/datasets/shreyastiwari31/asdid-484/asdid_484/healthy/healthy_1086.jpg,healthy,4,train
/kaggle/input/datasets/shreyastiwari31/asdid-484/asdid_484/healthy/healthy_1136.jpg,healthy,4,train
/kaggle/input/datasets/shreyastiwari31/asdid-484/asdid_484/healthy/healthy_1356.jpg,healthy,4,train
/kaggle/input/datasets/shreyastiwari31/asdid-484/asdid_484/healthy/healthy_593.jpg,healthy,4,train
/kaggle/input/datasets/shreyastiwari31/asdid-484/asdid_484/healthy/healthy_1526.jpg,healthy,4,train
/kaggle/input/datasets/shreyastiwari31/asdid-484/asdid_484/healthy/healthy_395.jpg,healthy,4,train
/kaggle/input/datasets/shreyastiwari31/asdid-484/asdid_484/healthy/healthy_443.jpg,healthy,4,train
/kaggle/input/datasets/shreyastiwari31/asdid-484/asdid_484/healthy/healthy_115.jpg,healthy,4,train
/kaggle/input/datasets/shreyastiwari31/asdid-484/asdid_484/healthy/healthy_645.jpg,healthy,4,train
/kaggle/input/datasets/shreyastiwari31/asdid-484/asdid_484/healthy/healthy_1379.jpg,healthy,4,train
/kaggle/input/datasets/shreyastiwari31/asdid-484/asdid_484/healthy/healthy_1383.jpg,healthy,4,train
/kaggle/input/datasets/shreyastiwari31/asdid-484/asdid_484/healthy/healthy_1162.jpg,healthy,4,train
/kaggle/input/datasets/shreyastiwari31/asdid-484/asdid_484/healthy/healthy_665.jpg,healthy,4,train
/kaggle/input/datasets/shreyastiwari31/asdid-484/asdid_484/healthy/healthy_790.jpg,healthy,4,train
/kaggle/input/datasets/shreyastiwari31/asdid-484/asdid_484/healthy/healthy_524.jpg,healthy,4,train
/kaggle/input/datasets/shreyastiwari31/asdid-484/asdid_484/healthy/healthy_948.jpg,healthy,4,train
/kaggle/input/datasets/shreyastiwari31/asdid-484/asdid_484/healthy/healthy_1157.jpg,healthy,4,train
/kaggle/input/datasets/shreyastiwari31/asdid-484/asdid_484/healthy/healthy_1360.jpg,healthy,4,train
/kaggle/input/datasets/shreyastiwari31/asdid-484/asdid_484/healthy/healthy_1414.jpg,healthy,4,train
/kaggle/input/datasets/shreyastiwari31/asdid-484/asdid_484/healthy/healthy_1474.jpg,healthy,4,train
/kaggle/input/datasets/shreyastiwari31/asdid-484/asdid_484/healthy/healthy_577.jpg,healthy,4,train
/kaggle/input/datasets/shreyastiwari31/asdid-484/asdid_484/healthy/healthy_473.jpg,healthy,4,train
/kaggle/input/datasets/shreyastiwari31/asdid-484/asdid_484/healthy/healthy_908.jpg,healthy,4,train
/kaggle/input/datasets/shreyastiwari31/asdid-484/asdid_484/healthy/healthy_110.jpg,healthy,4,train
/kaggle/input/datasets/shreyastiwari31/asdid-484/asdid_484/healthy/healthy_437.jpg,healthy,4,train
/kaggle/input/datasets/shreyastiwari31/asdid-484/asdid_484/healthy/healthy_1568.jpg,healthy,4,train
/kaggle/input/datasets/shreyastiwari31/asdid-484/asdid_484/healthy/healthy_1564.jpg,healthy,4,train
/kaggle/input/datasets/shreyastiwari31/asdid-484/asdid_484/healthy/healthy_96.jpg,healthy,4,train
/kaggle/input/datasets/shreyastiwari31/asdid-484/asdid_484/healthy/healthy_1217.jpg,healthy,4,train
/kaggle/input/datasets/shreyastiwari31/asdid-484/asdid_484/healthy/healthy_1050.jpg,healthy,4,train
/kaggle/input/datasets/shreyastiwari31/asdid-484/asdid_484/healthy/healthy_1585.jpg,healthy,4,train
/kaggle/input/datasets/shreyastiwari31/asdid-484/asdid_484/healthy/healthy_1542.jpg,healthy,4,train
/kaggle/input/datasets/shreyastiwari31/asdid-484/asdid_484/healthy/healthy_1562.jpg,healthy,4,train
/kaggle/input/datasets/shreyastiwari31/asdid-484/asdid_484/healthy/healthy_931.jpg,healthy,4,train
/kaggle/input/datasets/shreyastiwari31/asdid-484/asdid_484/healthy/healthy_655.jpg,healthy,4,train
/kaggle/input/datasets/shreyastiwari31/asdid-484/asdid_484/healthy/healthy_1173.jpg,healthy,4,train
/kaggle/input/datasets/shreyastiwari31/asdid-484/asdid_484/healthy/healthy_1051.jpg,healthy,4,train
/kaggle/input/datasets/shreyastiwari31/asdid-484/asdid_484/healthy/healthy_209.jpg,healthy,4,train
/kaggle/input/datasets/shreyastiwari31/asdid-484/asdid_484/healthy/healthy_912.jpg,healthy,4,train
/kaggle/input/datasets/shreyastiwari31/asdid-484/asdid_484/healthy/healthy_105.jpg,healthy,4,train
/kaggle/input/datasets/shreyastiwari31/asdid-484/asdid_484/healthy/healthy_1231.jpg,healthy,4,train
/kaggle/input/datasets/shreyastiwari31/asdid-484/asdid_484/healthy/healthy_325.jpg,healthy,4,train
/kaggle/input/datasets/shreyastiwari31/asdid-484/asdid_484/healthy/healthy_156.jpg,healthy,4,train
/kaggle/input/datasets/shreyastiwari31/asdid-484/asdid_484/healthy/healthy_1620.jpg,healthy,4,train
/kaggle/input/datasets/shreyastiwari31/asdid-484/asdid_484/healthy/healthy_11.jpg,healthy,4,train
/kaggle/input/datasets/shreyastiwari31/asdid-484/asdid_484/healthy/healthy_1080.jpg,healthy,4,train
/kaggle/input/datasets/shreyastiwari31/asdid-484/asdid_484/healthy/healthy_1407.jpg,healthy,4,train
/kaggle/input/datasets/shreyastiwari31/asdid-484/asdid_484/healthy/healthy_204.jpg,healthy,4,train
/kaggle/input/datasets/shreyastiwari31/asdid-484/asdid_484/healthy/healthy_632.jpg,healthy,4,train
/kaggle/input/datasets/shreyastiwari31/asdid-484/asdid_484/healthy/healthy_585.jpg,healthy,4,train
/kaggle/input/datasets/shreyastiwari31/asdid-484/asdid_484/healthy/healthy_442.jpg,healthy,4,train
/kaggle/input/datasets/shreyastiwari31/asdid-484/asdid_484/healthy/healthy_1530.jpg,healthy,4,train
/kaggle/input/datasets/shreyastiwari31/asdid-484/asdid_484/healthy/healthy_215.jpg,healthy,4,train
/kaggle/input/datasets/shreyastiwari31/asdid-484/asdid_484/healthy/healthy_1258.jpg,healthy,4,train
/kaggle/input/datasets/shreyastiwari31/asdid-484/asdid_484/healthy/healthy_187.jpg,healthy,4,train
/kaggle/input/datasets/shreyastiwari31/asdid-484/asdid_484/healthy/healthy_221.jpg,healthy,4,train
/kaggle/input/datasets/shreyastiwari31/asdid-484/asdid_484/healthy/healthy_1469.jpg,healthy,4,train
/kaggle/input/datasets/shreyastiwari31/asdid-484/asdid_484/healthy/healthy_1447.jpg,healthy,4,train
/kaggle/input/datasets/shreyastiwari31/asdid-484/asdid_484/healthy/healthy_1497.jpg,healthy,4,train
/kaggle/input/datasets/shreyastiwari31/asdid-484/asdid_484/healthy/healthy_743.jpg,healthy,4,train
/kaggle/input/datasets/shreyastiwari31/asdid-484/asdid_484/healthy/healthy_1141.jpg,healthy,4,train
/kaggle/input/datasets/shreyastiwari31/asdid-484/asdid_484/healthy/healthy_1491.jpg,healthy,4,train
/kaggle/input/datasets/shreyastiwari31/asdid-484/asdid_484/healthy/healthy_59.jpg,healthy,4,train
/kaggle/input/datasets/shreyastiwari31/asdid-484/asdid_484/healthy/healthy_627.jpg,healthy,4,train
/kaggle/input/datasets/shreyastiwari31/asdid-484/asdid_484/healthy/healthy_1275.jpg,healthy,4,train
/kaggle/input/datasets/shreyastiwari31/asdid-484/asdid_484/healthy/healthy_459.jpg,healthy,4,train
/kaggle/input/datasets/shreyastiwari31/asdid-484/asdid_484/healthy/healthy_192.jpg,healthy,4,train
/kaggle/input/datasets/shreyastiwari31/asdid-484/asdid_484/healthy/healthy_872.jpg,healthy,4,train
/kaggle/input/datasets/shreyastiwari31/asdid-484/asdid_484/healthy/healthy_186.jpg,healthy,4,train
/kaggle/input/datasets/shreyastiwari31/asdid-484/asdid_484/healthy/healthy_1111.jpg,healthy,4,train
/kaggle/input/datasets/shreyastiwari31/asdid-484/asdid_484/healthy/healthy_139.jpg,healthy,4,train
/kaggle/input/datasets/shreyastiwari31/asdid-484/asdid_484/healthy/healthy_331.jpg,healthy,4,train
/kaggle/input/datasets/shreyastiwari31/asdid-484/asdid_484/healthy/healthy_533.jpg,healthy,4,train
/kaggle/input/datasets/shreyastiwari31/asdid-484/asdid_484/healthy/healthy_650.jpg,healthy,4,train
/kaggle/input/datasets/shreyastiwari31/asdid-484/asdid_484/healthy/healthy_300.jpg,healthy,4,train
/kaggle/input/datasets/shreyastiwari31/asdid-484/asdid_484/healthy/healthy_735.jpg,healthy,4,train
/kaggle/input/datasets/shreyastiwari31/asdid-484/asdid_484/healthy/healthy_623.jpg,healthy,4,train
/kaggle/input/datasets/shreyastiwari31/asdid-484/asdid_484/healthy/healthy_93.jpg,healthy,4,train
/kaggle/input/datasets/shreyastiwari31/asdid-484/asdid_484/healthy/healthy_210.jpg,healthy,4,train
/kaggle/input/datasets/shreyastiwari31/asdid-484/asdid_484/healthy/healthy_1605.jpg,healthy,4,train
/kaggle/input/datasets/shreyastiwari31/asdid-484/asdid_484/healthy/healthy_98.jpg,healthy,4,train
/kaggle/input/datasets/shreyastiwari31/asdid-484/asdid_484/healthy/healthy_1563.jpg,healthy,4,train
/kaggle/input/datasets/shreyastiwari31/asdid-484/asdid_484/healthy/healthy_117.jpg,healthy,4,train
/kaggle/input/datasets/shreyastiwari31/asdid-484/asdid_484/healthy/healthy_1403.jpg,healthy,4,train
/kaggle/input/datasets/shreyastiwari31/asdid-484/asdid_484/healthy/healthy_1500.jpg,healthy,4,train
/kaggle/input/datasets/shreyastiwari31/asdid-484/asdid_484/healthy/healthy_817.jpg,healthy,4,train
/kaggle/input/datasets/shreyastiwari31/asdid-484/asdid_484/healthy/healthy_66.jpg,healthy,4,train
/kaggle/input/datasets/shreyastiwari31/asdid-484/asdid_484/healthy/healthy_958.jpg,healthy,4,train
/kaggle/input/datasets/shreyastiwari31/asdid-484/asdid_484/healthy/healthy_1290.jpg,healthy,4,train
/kaggle/input/datasets/shreyastiwari31/asdid-484/asdid_484/healthy/healthy_539.jpg,healthy,4,train
/kaggle/input/datasets/shreyastiwari31/asdid-484/asdid_484/healthy/healthy_61.jpg,healthy,4,train
/kaggle/input/datasets/shreyastiwari31/asdid-484/asdid_484/healthy/healthy_663.jpg,healthy,4,train
/kaggle/input/datasets/shreyastiwari31/asdid-484/asdid_484/healthy/healthy_261.jpg,healthy,4,val
/kaggle/input/datasets/shreyastiwari31/asdid-484/asdid_484/healthy/healthy_887.jpg,healthy,4,val
/kaggle/input/datasets/shreyastiwari31/asdid-484/asdid_484/healthy/healthy_1602.jpg,healthy,4,val
/kaggle/input/datasets/shreyastiwari31/asdid-484/asdid_484/healthy/healthy_76.jpg,healthy,4,val
/kaggle/input/datasets/shreyastiwari31/asdid-484/asdid_484/healthy/healthy_1471.jpg,healthy,4,val
/kaggle/input/datasets/shreyastiwari31/asdid-484/asdid_484/healthy/healthy_1478.jpg,healthy,4,val
/kaggle/input/datasets/shreyastiwari31/asdid-484/asdid_484/healthy/healthy_1059.jpg,healthy,4,val
/kaggle/input/datasets/shreyastiwari31/asdid-484/asdid_484/healthy/healthy_131.jpg,healthy,4,val
/kaggle/input/datasets/shreyastiwari31/asdid-484/asdid_484/healthy/healthy_917.jpg,healthy,4,val
/kaggle/input/datasets/shreyastiwari31/asdid-484/asdid_484/healthy/healthy_1314.jpg,healthy,4,val
/kaggle/input/datasets/shreyastiwari31/asdid-484/asdid_484/healthy/healthy_1441.jpg,healthy,4,val
/kaggle/input/datasets/shreyastiwari31/asdid-484/asdid_484/healthy/healthy_1052.jpg,healthy,4,val
/kaggle/input/datasets/shreyastiwari31/asdid-484/asdid_484/healthy/healthy_801.jpg,healthy,4,val
/kaggle/input/datasets/shreyastiwari31/asdid-484/asdid_484/healthy/healthy_798.jpg,healthy,4,val
/kaggle/input/datasets/shreyastiwari31/asdid-484/asdid_484/healthy/healthy_1190.jpg,healthy,4,val
/kaggle/input/datasets/shreyastiwari31/asdid-484/asdid_484/healthy/healthy_1278.jpg,healthy,4,val
/kaggle/input/datasets/shreyastiwari31/asdid-484/asdid_484/healthy/healthy_760.jpg,healthy,4,val
/kaggle/input/datasets/shreyastiwari31/asdid-484/asdid_484/healthy/healthy_272.jpg,healthy,4,val
/kaggle/input/datasets/shreyastiwari31/asdid-484/asdid_484/healthy/healthy_899.jpg,healthy,4,val
/kaggle/input/datasets/shreyastiwari31/asdid-484/asdid_484/healthy/healthy_253.jpg,healthy,4,val
/kaggle/input/datasets/shreyastiwari31/asdid-484/asdid_484/healthy/healthy_591.jpg,healthy,4,val
/kaggle/input/datasets/shreyastiwari31/asdid-484/asdid_484/healthy/healthy_1266.jpg,healthy,4,val
/kaggle/input/datasets/shreyastiwari31/asdid-484/asdid_484/healthy/healthy_536.jpg,healthy,4,val
/kaggle/input/datasets/shreyastiwari31/asdid-484/asdid_484/healthy/healthy_1514.jpg,healthy,4,val
/kaggle/input/datasets/shreyastiwari31/asdid-484/asdid_484/healthy/healthy_364.jpg,healthy,4,val
/kaggle/input/datasets/shreyastiwari31/asdid-484/asdid_484/healthy/healthy_742.jpg,healthy,4,val
/kaggle/input/datasets/shreyastiwari31/asdid-484/asdid_484/healthy/healthy_674.jpg,healthy,4,val
/kaggle/input/datasets/shreyastiwari31/asdid-484/asdid_484/healthy/healthy_1189.jpg,healthy,4,val
/kaggle/input/datasets/shreyastiwari31/asdid-484/asdid_484/healthy/healthy_1502.jpg,healthy,4,val
/kaggle/input/datasets/shreyastiwari31/asdid-484/asdid_484/healthy/healthy_432.jpg,healthy,4,val
/kaggle/input/datasets/shreyastiwari31/asdid-484/asdid_484/healthy/healthy_1148.jpg,healthy,4,val
/kaggle/input/datasets/shreyastiwari31/asdid-484/asdid_484/healthy/healthy_52.jpg,healthy,4,val
/kaggle/input/datasets/shreyastiwari31/asdid-484/asdid_484/healthy/healthy_565.jpg,healthy,4,val
/kaggle/input/datasets/shreyastiwari31/asdid-484/asdid_484/healthy/healthy_741.jpg,healthy,4,val
/kaggle/input/datasets/shreyastiwari31/asdid-484/asdid_484/healthy/healthy_1520.jpg,healthy,4,val
/kaggle/input/datasets/shreyastiwari31/asdid-484/asdid_484/healthy/healthy_711.jpg,healthy,4,val
/kaggle/input/datasets/shreyastiwari31/asdid-484/asdid_484/healthy/healthy_1535.jpg,healthy,4,val
/kaggle/input/datasets/shreyastiwari31/asdid-484/asdid_484/healthy/healthy_770.jpg,healthy,4,val
/kaggle/input/datasets/shreyastiwari31/asdid-484/asdid_484/healthy/healthy_1363.jpg,healthy,4,val
/kaggle/input/datasets/shreyastiwari31/asdid-484/asdid_484/healthy/healthy_925.jpg,healthy,4,val
/kaggle/input/datasets/shreyastiwari31/asdid-484/asdid_484/healthy/healthy_159.jpg,healthy,4,val
/kaggle/input/datasets/shreyastiwari31/asdid-484/asdid_484/healthy/healthy_528.jpg,healthy,4,val
/kaggle/input/datasets/shreyastiwari31/asdid-484/asdid_484/healthy/healthy_106.jpg,healthy,4,val
/kaggle/input/datasets/shreyastiwari31/asdid-484/asdid_484/healthy/healthy_882.jpg,healthy,4,val
/kaggle/input/datasets/shreyastiwari31/asdid-484/asdid_484/healthy/healthy_1590.jpg,healthy,4,val
/kaggle/input/datasets/shreyastiwari31/asdid-484/asdid_484/healthy/healthy_103.jpg,healthy,4,val
/kaggle/input/datasets/shreyastiwari31/asdid-484/asdid_484/healthy/healthy_385.jpg,healthy,4,val
/kaggle/input/datasets/shreyastiwari31/asdid-484/asdid_484/healthy/healthy_692.jpg,healthy,4,val
/kaggle/input/datasets/shreyastiwari31/asdid-484/asdid_484/healthy/healthy_32.jpg,healthy,4,val
/kaggle/input/datasets/shreyastiwari31/asdid-484/asdid_484/healthy/healthy_363.jpg,healthy,4,val
/kaggle/input/datasets/shreyastiwari31/asdid-484/asdid_484/healthy/healthy_340.jpg,healthy,4,val
/kaggle/input/datasets/shreyastiwari31/asdid-484/asdid_484/healthy/healthy_1089.jpg,healthy,4,val
/kaggle/input/datasets/shreyastiwari31/asdid-484/asdid_484/healthy/healthy_1537.jpg,healthy,4,val
/kaggle/input/datasets/shreyastiwari31/asdid-484/asdid_484/healthy/healthy_336.jpg,healthy,4,val
/kaggle/input/datasets/shreyastiwari31/asdid-484/asdid_484/healthy/healthy_1113.jpg,healthy,4,val
/kaggle/input/datasets/shreyastiwari31/asdid-484/asdid_484/healthy/healthy_580.jpg,healthy,4,val
/kaggle/input/datasets/shreyastiwari31/asdid-484/asdid_484/healthy/healthy_576.jpg,healthy,4,val
/kaggle/input/datasets/shreyastiwari31/asdid-484/asdid_484/healthy/healthy_1287.jpg,healthy,4,val
/kaggle/input/datasets/shreyastiwari31/asdid-484/asdid_484/healthy/healthy_164.jpg,healthy,4,val
/kaggle/input/datasets/shreyastiwari31/asdid-484/asdid_484/healthy/healthy_417.jpg,healthy,4,val
/kaggle/input/datasets/shreyastiwari31/asdid-484/asdid_484/healthy/healthy_756.jpg,healthy,4,val
/kaggle/input/datasets/shreyastiwari31/asdid-484/asdid_484/healthy/healthy_1532.jpg,healthy,4,val
/kaggle/input/datasets/shreyastiwari31/asdid-484/asdid_484/healthy/healthy_490.jpg,healthy,4,val
/kaggle/input/datasets/shreyastiwari31/asdid-484/asdid_484/healthy/healthy_1002.jpg,healthy,4,val
/kaggle/input/datasets/shreyastiwari31/asdid-484/asdid_484/healthy/healthy_188.jpg,healthy,4,val
/kaggle/input/datasets/shreyastiwari31/asdid-484/asdid_484/healthy/healthy_1440.jpg,healthy,4,val
/kaggle/input/datasets/shreyastiwari31/asdid-484/asdid_484/healthy/healthy_1202.jpg,healthy,4,val
/kaggle/input/datasets/shreyastiwari31/asdid-484/asdid_484/healthy/healthy_638.jpg,healthy,4,val
/kaggle/input/datasets/shreyastiwari31/asdid-484/asdid_484/healthy/healthy_1353.jpg,healthy,4,val
/kaggle/input/datasets/shreyastiwari31/asdid-484/asdid_484/healthy/healthy_42.jpg,healthy,4,val
/kaggle/input/datasets/shreyastiwari31/asdid-484/asdid_484/healthy/healthy_326.jpg,healthy,4,val
/kaggle/input/datasets/shreyastiwari31/asdid-484/asdid_484/healthy/healthy_525.jpg,healthy,4,val
/kaggle/input/datasets/shreyastiwari31/asdid-484/asdid_484/healthy/healthy_1027.jpg,healthy,4,val
/kaggle/input/datasets/shreyastiwari31/asdid-484/asdid_484/healthy/healthy_350.jpg,healthy,4,test
/kaggle/input/datasets/shreyastiwari31/asdid-484/asdid_484/healthy/healthy_446.jpg,healthy,4,test
/kaggle/input/datasets/shreyastiwari31/asdid-484/asdid_484/healthy/healthy_305.jpg,healthy,4,test
/kaggle/input/datasets/shreyastiwari31/asdid-484/asdid_484/healthy/healthy_918.jpg,healthy,4,test
/kaggle/input/datasets/shreyastiwari31/asdid-484/asdid_484/healthy/healthy_1087.jpg,healthy,4,test
/kaggle/input/datasets/shreyastiwari31/asdid-484/asdid_484/healthy/healthy_25.jpg,healthy,4,test
/kaggle/input/datasets/shreyastiwari31/asdid-484/asdid_484/healthy/healthy_512.jpg,healthy,4,test
/kaggle/input/datasets/shreyastiwari31/asdid-484/asdid_484/healthy/healthy_754.jpg,healthy,4,test
/kaggle/input/datasets/shreyastiwari31/asdid-484/asdid_484/healthy/healthy_532.jpg,healthy,4,test
/kaggle/input/datasets/shreyastiwari31/asdid-484/asdid_484/healthy/healthy_170.jpg,healthy,4,test
/kaggle/input/datasets/shreyastiwari31/asdid-484/asdid_484/healthy/healthy_1350.jpg,healthy,4,test
/kaggle/input/datasets/shreyastiwari31/asdid-484/asdid_484/healthy/healthy_1065.jpg,healthy,4,test
/kaggle/input/datasets/shreyastiwari31/asdid-484/asdid_484/healthy/healthy_1167.jpg,healthy,4,test
/kaggle/input/datasets/shreyastiwari31/asdid-484/asdid_484/healthy/healthy_1463.jpg,healthy,4,test
/kaggle/input/datasets/shreyastiwari31/asdid-484/asdid_484/healthy/healthy_1347.jpg,healthy,4,test
/kaggle/input/datasets/shreyastiwari31/asdid-484/asdid_484/healthy/healthy_1435.jpg,healthy,4,test
/kaggle/input/datasets/shreyastiwari31/asdid-484/asdid_484/healthy/healthy_737.jpg,healthy,4,test
/kaggle/input/datasets/shreyastiwari31/asdid-484/asdid_484/healthy/healthy_1153.jpg,healthy,4,test
/kaggle/input/datasets/shreyastiwari31/asdid-484/asdid_484/healthy/healthy_183.jpg,healthy,4,test
/kaggle/input/datasets/shreyastiwari31/asdid-484/asdid_484/healthy/healthy_341.jpg,healthy,4,test
/kaggle/input/datasets/shreyastiwari31/asdid-484/asdid_484/healthy/healthy_474.jpg,healthy,4,test
/kaggle/input/datasets/shreyastiwari31/asdid-484/asdid_484/healthy/healthy_653.jpg,healthy,4,test
/kaggle/input/datasets/shreyastiwari31/asdid-484/asdid_484/healthy/healthy_371.jpg,healthy,4,test
/kaggle/input/datasets/shreyastiwari31/asdid-484/asdid_484/healthy/healthy_1215.jpg,healthy,4,test
/kaggle/input/datasets/shreyastiwari31/asdid-484/asdid_484/healthy/healthy_843.jpg,healthy,4,test
/kaggle/input/datasets/shreyastiwari31/asdid-484/asdid_484/healthy/healthy_133.jpg,healthy,4,test
/kaggle/input/datasets/shreyastiwari31/asdid-484/asdid_484/healthy/healthy_1372.jpg,healthy,4,test
/kaggle/input/datasets/shreyastiwari31/asdid-484/asdid_484/healthy/healthy_1029.jpg,healthy,4,test
/kaggle/input/datasets/shreyastiwari31/asdid-484/asdid_484/healthy/healthy_1101.jpg,healthy,4,test
/kaggle/input/datasets/shreyastiwari31/asdid-484/asdid_484/healthy/healthy_1006.jpg,healthy,4,test
/kaggle/input/datasets/shreyastiwari31/asdid-484/asdid_484/healthy/healthy_499.jpg,healthy,4,test
/kaggle/input/datasets/shreyastiwari31/asdid-484/asdid_484/healthy/healthy_226.jpg,healthy,4,test
/kaggle/input/datasets/shreyastiwari31/asdid-484/asdid_484/healthy/healthy_257.jpg,healthy,4,test
/kaggle/input/datasets/shreyastiwari31/asdid-484/asdid_484/healthy/healthy_62.jpg,healthy,4,test
/kaggle/input/datasets/shreyastiwari31/asdid-484/asdid_484/healthy/healthy_697.jpg,healthy,4,test
/kaggle/input/datasets/shreyastiwari31/asdid-484/asdid_484/healthy/healthy_1192.jpg,healthy,4,test
/kaggle/input/datasets/shreyastiwari31/asdid-484/asdid_484/healthy/healthy_987.jpg,healthy,4,test
/kaggle/input/datasets/shreyastiwari31/asdid-484/asdid_484/healthy/healthy_604.jpg,healthy,4,test
/kaggle/input/datasets/shreyastiwari31/asdid-484/asdid_484/healthy/healthy_258.jpg,healthy,4,test
/kaggle/input/datasets/shreyastiwari31/asdid-484/asdid_484/healthy/healthy_818.jpg,healthy,4,test
/kaggle/input/datasets/shreyastiwari31/asdid-484/asdid_484/healthy/healthy_1432.jpg,healthy,4,test
/kaggle/input/datasets/shreyastiwari31/asdid-484/asdid_484/healthy/healthy_1054.jpg,healthy,4,test
/kaggle/input/datasets/shreyastiwari31/asdid-484/asdid_484/healthy/healthy_1191.jpg,healthy,4,test
/kaggle/input/datasets/shreyastiwari31/asdid-484/asdid_484/healthy/healthy_121.jpg,healthy,4,test
/kaggle/input/datasets/shreyastiwari31/asdid-484/asdid_484/healthy/healthy_753.jpg,healthy,4,test
/kaggle/input/datasets/shreyastiwari31/asdid-484/asdid_484/healthy/healthy_1503.jpg,healthy,4,test
/kaggle/input/datasets/shreyastiwari31/asdid-484/asdid_484/healthy/healthy_541.jpg,healthy,4,test
/kaggle/input/datasets/shreyastiwari31/asdid-484/asdid_484/healthy/healthy_635.jpg,healthy,4,test
/kaggle/input/datasets/shreyastiwari31/asdid-484/asdid_484/healthy/healthy_845.jpg,healthy,4,test
/kaggle/input/datasets/shreyastiwari31/asdid-484/asdid_484/healthy/healthy_1134.jpg,healthy,4,test
/kaggle/input/datasets/shreyastiwari31/asdid-484/asdid_484/healthy/healthy_1489.jpg,healthy,4,test
/kaggle/input/datasets/shreyastiwari31/asdid-484/asdid_484/healthy/healthy_1042.jpg,healthy,4,test
/kaggle/input/datasets/shreyastiwari31/asdid-484/asdid_484/healthy/healthy_1335.jpg,healthy,4,test
/kaggle/input/datasets/shreyastiwari31/asdid-484/asdid_484/healthy/healthy_938.jpg,healthy,4,test
/kaggle/input/datasets/shreyastiwari31/asdid-484/asdid_484/healthy/healthy_1110.jpg,healthy,4,test
/kaggle/input/datasets/shreyastiwari31/asdid-484/asdid_484/healthy/healthy_1589.jpg,healthy,4,test
/kaggle/input/datasets/shreyastiwari31/asdid-484/asdid_484/healthy/healthy_1345.jpg,healthy,4,test
/kaggle/input/datasets/shreyastiwari31/asdid-484/asdid_484/healthy/healthy_157.jpg,healthy,4,test
/kaggle/input/datasets/shreyastiwari31/asdid-484/asdid_484/healthy/healthy_316.jpg,healthy,4,test
/kaggle/input/datasets/shreyastiwari31/asdid-484/asdid_484/healthy/healthy_1601.jpg,healthy,4,test
/kaggle/input/datasets/shreyastiwari31/asdid-484/asdid_484/healthy/healthy_1076.jpg,healthy,4,test
/kaggle/input/datasets/shreyastiwari31/asdid-484/asdid_484/healthy/healthy_1631.jpg,healthy,4,test
/kaggle/input/datasets/shreyastiwari31/asdid-484/asdid_484/healthy/healthy_1040.jpg,healthy,4,test
/kaggle/input/datasets/shreyastiwari31/asdid-484/asdid_484/healthy/healthy_1528.jpg,healthy,4,test
/kaggle/input/datasets/shreyastiwari31/asdid-484/asdid_484/healthy/healthy_900.jpg,healthy,4,test
/kaggle/input/datasets/shreyastiwari31/asdid-484/asdid_484/healthy/healthy_238.jpg,healthy,4,test
/kaggle/input/datasets/shreyastiwari31/asdid-484/asdid_484/healthy/healthy_802.jpg,healthy,4,test
/kaggle/input/datasets/shreyastiwari31/asdid-484/asdid_484/healthy/healthy_1334.jpg,healthy,4,test
/kaggle/input/datasets/shreyastiwari31/asdid-484/asdid_484/healthy/healthy_926.jpg,healthy,4,test
/kaggle/input/datasets/shreyastiwari31/asdid-484/asdid_484/healthy/healthy_1120.jpg,healthy,4,test
/kaggle/input/datasets/shreyastiwari31/asdid-484/asdid_484/healthy/healthy_208.jpg,healthy,4,test
/kaggle/input/datasets/shreyastiwari31/asdid-484/asdid_484/healthy/healthy_825.jpg,healthy,4,test
/kaggle/input/datasets/shreyastiwari31/asdid-484/asdid_484/potassium_deficiency/potassium_deficiency_688.jpg,potassium_deficiency,5,train
/kaggle/input/datasets/shreyastiwari31/asdid-484/asdid_484/potassium_deficiency/potassium_deficiency_234.jpg,potassium_deficiency,5,train
/kaggle/input/datasets/shreyastiwari31/asdid-484/asdid_484/potassium_deficiency/potassium_deficiency_175.jpg,potassium_deficiency,5,train
/kaggle/input/datasets/shreyastiwari31/asdid-484/asdid_484/potassium_deficiency/potassium_deficiency_138.jpg,potassium_deficiency,5,train
/kaggle/input/datasets/shreyastiwari31/asdid-484/asdid_484/potassium_deficiency/potassium_deficiency_861.jpg,potassium_deficiency,5,train
/kaggle/input/datasets/shreyastiwari31/asdid-484/asdid_484/potassium_deficiency/potassium_deficiency_928.jpg,potassium_deficiency,5,train
/kaggle/input/datasets/shreyastiwari31/asdid-484/asdid_484/potassium_deficiency/potassium_deficiency_995.jpg,potassium_deficiency,5,train
/kaggle/input/datasets/shreyastiwari31/asdid-484/asdid_484/potassium_deficiency/potassium_deficiency_69.jpg,potassium_deficiency,5,train
/kaggle/input/datasets/shreyastiwari31/asdid-484/asdid_484/potassium_deficiency/potassium_deficiency_597.jpg,potassium_deficiency,5,train
/kaggle/input/datasets/shreyastiwari31/asdid-484/asdid_484/potassium_deficiency/potassium_deficiency_611.jpg,potassium_deficiency,5,train
/kaggle/input/datasets/shreyastiwari31/asdid-484/asdid_484/potassium_deficiency/potassium_deficiency_800.jpg,potassium_deficiency,5,train
/kaggle/input/datasets/shreyastiwari31/asdid-484/asdid_484/potassium_deficiency/potassium_deficiency_636.jpg,potassium_deficiency,5,train
/kaggle/input/datasets/shreyastiwari31/asdid-484/asdid_484/potassium_deficiency/potassium_deficiency_789.jpg,potassium_deficiency,5,train
/kaggle/input/datasets/shreyastiwari31/asdid-484/asdid_484/potassium_deficiency/potassium_deficiency_428.jpg,potassium_deficiency,5,train
/kaggle/input/datasets/shreyastiwari31/asdid-484/asdid_484/potassium_deficiency/potassium_deficiency_145.jpg,potassium_deficiency,5,train
/kaggle/input/datasets/shreyastiwari31/asdid-484/asdid_484/potassium_deficiency/potassium_deficiency_45.jpg,potassium_deficiency,5,train
/kaggle/input/datasets/shreyastiwari31/asdid-484/asdid_484/potassium_deficiency/potassium_deficiency_683.jpg,potassium_deficiency,5,train
/kaggle/input/datasets/shreyastiwari31/asdid-484/asdid_484/potassium_deficiency/potassium_deficiency_474.jpg,potassium_deficiency,5,train
/kaggle/input/datasets/shreyastiwari31/asdid-484/asdid_484/potassium_deficiency/potassium_deficiency_1016.jpg,potassium_deficiency,5,train
/kaggle/input/datasets/shreyastiwari31/asdid-484/asdid_484/potassium_deficiency/potassium_deficiency_379.jpg,potassium_deficiency,5,train
/kaggle/input/datasets/shreyastiwari31/asdid-484/asdid_484/potassium_deficiency/potassium_deficiency_632.jpg,potassium_deficiency,5,train
/kaggle/input/datasets/shreyastiwari31/asdid-484/asdid_484/potassium_deficiency/potassium_deficiency_24.jpg,potassium_deficiency,5,train
/kaggle/input/datasets/shreyastiwari31/asdid-484/asdid_484/potassium_deficiency/potassium_deficiency_524.jpg,potassium_deficiency,5,train
/kaggle/input/datasets/shreyastiwari31/asdid-484/asdid_484/potassium_deficiency/potassium_deficiency_903.jpg,potassium_deficiency,5,train
/kaggle/input/datasets/shreyastiwari31/asdid-484/asdid_484/potassium_deficiency/potassium_deficiency_32.jpg,potassium_deficiency,5,train
/kaggle/input/datasets/shreyastiwari31/asdid-484/asdid_484/potassium_deficiency/potassium_deficiency_673.jpg,potassium_deficiency,5,train
/kaggle/input/datasets/shreyastiwari31/asdid-484/asdid_484/potassium_deficiency/potassium_deficiency_339.jpg,potassium_deficiency,5,train
/kaggle/input/datasets/shreyastiwari31/asdid-484/asdid_484/potassium_deficiency/potassium_deficiency_926.jpg,potassium_deficiency,5,train
/kaggle/input/datasets/shreyastiwari31/asdid-484/asdid_484/potassium_deficiency/potassium_deficiency_823.jpg,potassium_deficiency,5,train
/kaggle/input/datasets/shreyastiwari31/asdid-484/asdid_484/potassium_deficiency/potassium_deficiency_1001.jpg,potassium_deficiency,5,train
/kaggle/input/datasets/shreyastiwari31/asdid-484/asdid_484/potassium_deficiency/potassium_deficiency_233.jpg,potassium_deficiency,5,train
/kaggle/input/datasets/shreyastiwari31/asdid-484/asdid_484/potassium_deficiency/potassium_deficiency_215.jpg,potassium_deficiency,5,train
/kaggle/input/datasets/shreyastiwari31/asdid-484/asdid_484/potassium_deficiency/potassium_deficiency_947.jpg,potassium_deficiency,5,train
/kaggle/input/datasets/shreyastiwari31/asdid-484/asdid_484/potassium_deficiency/potassium_deficiency_960.jpg,potassium_deficiency,5,train
/kaggle/input/datasets/shreyastiwari31/asdid-484/asdid_484/potassium_deficiency/potassium_deficiency_684.jpg,potassium_deficiency,5,train
/kaggle/input/datasets/shreyastiwari31/asdid-484/asdid_484/potassium_deficiency/potassium_deficiency_64.jpg,potassium_deficiency,5,train
/kaggle/input/datasets/shreyastiwari31/asdid-484/asdid_484/potassium_deficiency/potassium_deficiency_482.jpg,potassium_deficiency,5,train
/kaggle/input/datasets/shreyastiwari31/asdid-484/asdid_484/potassium_deficiency/potassium_deficiency_713.jpg,potassium_deficiency,5,train
/kaggle/input/datasets/shreyastiwari31/asdid-484/asdid_484/potassium_deficiency/potassium_deficiency_406.jpg,potassium_deficiency,5,train
/kaggle/input/datasets/shreyastiwari31/asdid-484/asdid_484/potassium_deficiency/potassium_deficiency_595.jpg,potassium_deficiency,5,train
/kaggle/input/datasets/shreyastiwari31/asdid-484/asdid_484/potassium_deficiency/potassium_deficiency_604.jpg,potassium_deficiency,5,train
/kaggle/input/datasets/shreyastiwari31/asdid-484/asdid_484/potassium_deficiency/potassium_deficiency_872.jpg,potassium_deficiency,5,train
/kaggle/input/datasets/shreyastiwari31/asdid-484/asdid_484/potassium_deficiency/potassium_deficiency_294.jpg,potassium_deficiency,5,train
/kaggle/input/datasets/shreyastiwari31/asdid-484/asdid_484/potassium_deficiency/potassium_deficiency_248.jpg,potassium_deficiency,5,train
/kaggle/input/datasets/shreyastiwari31/asdid-484/asdid_484/potassium_deficiency/potassium_deficiency_973.jpg,potassium_deficiency,5,train
/kaggle/input/datasets/shreyastiwari31/asdid-484/asdid_484/potassium_deficiency/potassium_deficiency_92.jpg,potassium_deficiency,5,train
/kaggle/input/datasets/shreyastiwari31/asdid-484/asdid_484/potassium_deficiency/potassium_deficiency_37.jpg,potassium_deficiency,5,train
/kaggle/input/datasets/shreyastiwari31/asdid-484/asdid_484/potassium_deficiency/potassium_deficiency_751.jpg,potassium_deficiency,5,train
/kaggle/input/datasets/shreyastiwari31/asdid-484/asdid_484/potassium_deficiency/potassium_deficiency_666.jpg,potassium_deficiency,5,train
/kaggle/input/datasets/shreyastiwari31/asdid-484/asdid_484/potassium_deficiency/potassium_deficiency_11.jpg,potassium_deficiency,5,train
/kaggle/input/datasets/shreyastiwari31/asdid-484/asdid_484/potassium_deficiency/potassium_deficiency_198.jpg,potassium_deficiency,5,train
/kaggle/input/datasets/shreyastiwari31/asdid-484/asdid_484/potassium_deficiency/potassium_deficiency_899.jpg,potassium_deficiency,5,train
/kaggle/input/datasets/shreyastiwari31/asdid-484/asdid_484/potassium_deficiency/potassium_deficiency_596.jpg,potassium_deficiency,5,train
/kaggle/input/datasets/shreyastiwari31/asdid-484/asdid_484/potassium_deficiency/potassium_deficiency_526.jpg,potassium_deficiency,5,train
/kaggle/input/datasets/shreyastiwari31/asdid-484/asdid_484/potassium_deficiency/potassium_deficiency_156.jpg,potassium_deficiency,5,train
/kaggle/input/datasets/shreyastiwari31/asdid-484/asdid_484/potassium_deficiency/potassium_deficiency_549.jpg,potassium_deficiency,5,train
/kaggle/input/datasets/shreyastiwari31/asdid-484/asdid_484/potassium_deficiency/potassium_deficiency_362.jpg,potassium_deficiency,5,train
/kaggle/input/datasets/shreyastiwari31/asdid-484/asdid_484/potassium_deficiency/potassium_deficiency_171.jpg,potassium_deficiency,5,train
/kaggle/input/datasets/shreyastiwari31/asdid-484/asdid_484/potassium_deficiency/potassium_deficiency_66.jpg,potassium_deficiency,5,train
/kaggle/input/datasets/shreyastiwari31/asdid-484/asdid_484/potassium_deficiency/potassium_deficiency_348.jpg,potassium_deficiency,5,train
/kaggle/input/datasets/shreyastiwari31/asdid-484/asdid_484/potassium_deficiency/potassium_deficiency_650.jpg,potassium_deficiency,5,train
/kaggle/input/datasets/shreyastiwari31/asdid-484/asdid_484/potassium_deficiency/potassium_deficiency_543.jpg,potassium_deficiency,5,train
/kaggle/input/datasets/shreyastiwari31/asdid-484/asdid_484/potassium_deficiency/potassium_deficiency_483.jpg,potassium_deficiency,5,train
/kaggle/input/datasets/shreyastiwari31/asdid-484/asdid_484/potassium_deficiency/potassium_deficiency_292.jpg,potassium_deficiency,5,train
/kaggle/input/datasets/shreyastiwari31/asdid-484/asdid_484/potassium_deficiency/potassium_deficiency_501.jpg,potassium_deficiency,5,train
/kaggle/input/datasets/shreyastiwari31/asdid-484/asdid_484/potassium_deficiency/potassium_deficiency_317.jpg,potassium_deficiency,5,train
/kaggle/input/datasets/shreyastiwari31/asdid-484/asdid_484/potassium_deficiency/potassium_deficiency_652.jpg,potassium_deficiency,5,train
/kaggle/input/datasets/shreyastiwari31/asdid-484/asdid_484/potassium_deficiency/potassium_deficiency_80.jpg,potassium_deficiency,5,train
/kaggle/input/datasets/shreyastiwari31/asdid-484/asdid_484/potassium_deficiency/potassium_deficiency_485.jpg,potassium_deficiency,5,train
/kaggle/input/datasets/shreyastiwari31/asdid-484/asdid_484/potassium_deficiency/potassium_deficiency_267.jpg,potassium_deficiency,5,train
/kaggle/input/datasets/shreyastiwari31/asdid-484/asdid_484/potassium_deficiency/potassium_deficiency_150.jpg,potassium_deficiency,5,train
/kaggle/input/datasets/shreyastiwari31/asdid-484/asdid_484/potassium_deficiency/potassium_deficiency_506.jpg,potassium_deficiency,5,train
/kaggle/input/datasets/shreyastiwari31/asdid-484/asdid_484/potassium_deficiency/potassium_deficiency_885.jpg,potassium_deficiency,5,train
/kaggle/input/datasets/shreyastiwari31/asdid-484/asdid_484/potassium_deficiency/potassium_deficiency_147.jpg,potassium_deficiency,5,train
/kaggle/input/datasets/shreyastiwari31/asdid-484/asdid_484/potassium_deficiency/potassium_deficiency_200.jpg,potassium_deficiency,5,train
/kaggle/input/datasets/shreyastiwari31/asdid-484/asdid_484/potassium_deficiency/potassium_deficiency_758.jpg,potassium_deficiency,5,train
/kaggle/input/datasets/shreyastiwari31/asdid-484/asdid_484/potassium_deficiency/potassium_deficiency_582.jpg,potassium_deficiency,5,train
/kaggle/input/datasets/shreyastiwari31/asdid-484/asdid_484/potassium_deficiency/potassium_deficiency_118.jpg,potassium_deficiency,5,train
/kaggle/input/datasets/shreyastiwari31/asdid-484/asdid_484/potassium_deficiency/potassium_deficiency_299.jpg,potassium_deficiency,5,train
/kaggle/input/datasets/shreyastiwari31/asdid-484/asdid_484/potassium_deficiency/potassium_deficiency_423.jpg,potassium_deficiency,5,train
/kaggle/input/datasets/shreyastiwari31/asdid-484/asdid_484/potassium_deficiency/potassium_deficiency_478.jpg,potassium_deficiency,5,train
/kaggle/input/datasets/shreyastiwari31/asdid-484/asdid_484/potassium_deficiency/potassium_deficiency_425.jpg,potassium_deficiency,5,train
/kaggle/input/datasets/shreyastiwari31/asdid-484/asdid_484/potassium_deficiency/potassium_deficiency_480.jpg,potassium_deficiency,5,train
/kaggle/input/datasets/shreyastiwari31/asdid-484/asdid_484/potassium_deficiency/potassium_deficiency_804.jpg,potassium_deficiency,5,train
/kaggle/input/datasets/shreyastiwari31/asdid-484/asdid_484/potassium_deficiency/potassium_deficiency_1010.jpg,potassium_deficiency,5,train
/kaggle/input/datasets/shreyastiwari31/asdid-484/asdid_484/potassium_deficiency/potassium_deficiency_794.jpg,potassium_deficiency,5,train
/kaggle/input/datasets/shreyastiwari31/asdid-484/asdid_484/potassium_deficiency/potassium_deficiency_591.jpg,potassium_deficiency,5,train
/kaggle/input/datasets/shreyastiwari31/asdid-484/asdid_484/potassium_deficiency/potassium_deficiency_26.jpg,potassium_deficiency,5,train
/kaggle/input/datasets/shreyastiwari31/asdid-484/asdid_484/potassium_deficiency/potassium_deficiency_224.jpg,potassium_deficiency,5,train
/kaggle/input/datasets/shreyastiwari31/asdid-484/asdid_484/potassium_deficiency/potassium_deficiency_1021.jpg,potassium_deficiency,5,train
/kaggle/input/datasets/shreyastiwari31/asdid-484/asdid_484/potassium_deficiency/potassium_deficiency_991.jpg,potassium_deficiency,5,train
/kaggle/input/datasets/shreyastiwari31/asdid-484/asdid_484/potassium_deficiency/potassium_deficiency_679.jpg,potassium_deficiency,5,train
/kaggle/input/datasets/shreyastiwari31/asdid-484/asdid_484/potassium_deficiency/potassium_deficiency_50.jpg,potassium_deficiency,5,train
/kaggle/input/datasets/shreyastiwari31/asdid-484/asdid_484/potassium_deficiency/potassium_deficiency_304.jpg,potassium_deficiency,5,train
/kaggle/input/datasets/shreyastiwari31/asdid-484/asdid_484/potassium_deficiency/potassium_deficiency_376.jpg,potassium_deficiency,5,train
/kaggle/input/datasets/shreyastiwari31/asdid-484/asdid_484/potassium_deficiency/potassium_deficiency_180.jpg,potassium_deficiency,5,train
/kaggle/input/datasets/shreyastiwari31/asdid-484/asdid_484/potassium_deficiency/potassium_deficiency_527.jpg,potassium_deficiency,5,train
/kaggle/input/datasets/shreyastiwari31/asdid-484/asdid_484/potassium_deficiency/potassium_deficiency_912.jpg,potassium_deficiency,5,train
/kaggle/input/datasets/shreyastiwari31/asdid-484/asdid_484/potassium_deficiency/potassium_deficiency_383.jpg,potassium_deficiency,5,train
/kaggle/input/datasets/shreyastiwari31/asdid-484/asdid_484/potassium_deficiency/potassium_deficiency_445.jpg,potassium_deficiency,5,train
/kaggle/input/datasets/shreyastiwari31/asdid-484/asdid_484/potassium_deficiency/potassium_deficiency_514.jpg,potassium_deficiency,5,train
/kaggle/input/datasets/shreyastiwari31/asdid-484/asdid_484/potassium_deficiency/potassium_deficiency_112.jpg,potassium_deficiency,5,train
/kaggle/input/datasets/shreyastiwari31/asdid-484/asdid_484/potassium_deficiency/potassium_deficiency_144.jpg,potassium_deficiency,5,train
/kaggle/input/datasets/shreyastiwari31/asdid-484/asdid_484/potassium_deficiency/potassium_deficiency_431.jpg,potassium_deficiency,5,train
/kaggle/input/datasets/shreyastiwari31/asdid-484/asdid_484/potassium_deficiency/potassium_deficiency_819.jpg,potassium_deficiency,5,train
/kaggle/input/datasets/shreyastiwari31/asdid-484/asdid_484/potassium_deficiency/potassium_deficiency_192.jpg,potassium_deficiency,5,train
/kaggle/input/datasets/shreyastiwari31/asdid-484/asdid_484/potassium_deficiency/potassium_deficiency_827.jpg,potassium_deficiency,5,train
/kaggle/input/datasets/shreyastiwari31/asdid-484/asdid_484/potassium_deficiency/potassium_deficiency_489.jpg,potassium_deficiency,5,train
/kaggle/input/datasets/shreyastiwari31/asdid-484/asdid_484/potassium_deficiency/potassium_deficiency_280.jpg,potassium_deficiency,5,train
/kaggle/input/datasets/shreyastiwari31/asdid-484/asdid_484/potassium_deficiency/potassium_deficiency_560.jpg,potassium_deficiency,5,train
/kaggle/input/datasets/shreyastiwari31/asdid-484/asdid_484/potassium_deficiency/potassium_deficiency_781.jpg,potassium_deficiency,5,train
/kaggle/input/datasets/shreyastiwari31/asdid-484/asdid_484/potassium_deficiency/potassium_deficiency_612.jpg,potassium_deficiency,5,train
/kaggle/input/datasets/shreyastiwari31/asdid-484/asdid_484/potassium_deficiency/potassium_deficiency_207.jpg,potassium_deficiency,5,train
/kaggle/input/datasets/shreyastiwari31/asdid-484/asdid_484/potassium_deficiency/potassium_deficiency_470.jpg,potassium_deficiency,5,train
/kaggle/input/datasets/shreyastiwari31/asdid-484/asdid_484/potassium_deficiency/potassium_deficiency_240.jpg,potassium_deficiency,5,train
/kaggle/input/datasets/shreyastiwari31/asdid-484/asdid_484/potassium_deficiency/potassium_deficiency_193.jpg,potassium_deficiency,5,train
/kaggle/input/datasets/shreyastiwari31/asdid-484/asdid_484/potassium_deficiency/potassium_deficiency_797.jpg,potassium_deficiency,5,train
/kaggle/input/datasets/shreyastiwari31/asdid-484/asdid_484/potassium_deficiency/potassium_deficiency_759.jpg,potassium_deficiency,5,train
/kaggle/input/datasets/shreyastiwari31/asdid-484/asdid_484/potassium_deficiency/potassium_deficiency_333.jpg,potassium_deficiency,5,train
/kaggle/input/datasets/shreyastiwari31/asdid-484/asdid_484/potassium_deficiency/potassium_deficiency_368.jpg,potassium_deficiency,5,train
/kaggle/input/datasets/shreyastiwari31/asdid-484/asdid_484/potassium_deficiency/potassium_deficiency_787.jpg,potassium_deficiency,5,train
/kaggle/input/datasets/shreyastiwari31/asdid-484/asdid_484/potassium_deficiency/potassium_deficiency_953.jpg,potassium_deficiency,5,train
/kaggle/input/datasets/shreyastiwari31/asdid-484/asdid_484/potassium_deficiency/potassium_deficiency_25.jpg,potassium_deficiency,5,train
/kaggle/input/datasets/shreyastiwari31/asdid-484/asdid_484/potassium_deficiency/potassium_deficiency_838.jpg,potassium_deficiency,5,train
/kaggle/input/datasets/shreyastiwari31/asdid-484/asdid_484/potassium_deficiency/potassium_deficiency_205.jpg,potassium_deficiency,5,train
/kaggle/input/datasets/shreyastiwari31/asdid-484/asdid_484/potassium_deficiency/potassium_deficiency_176.jpg,potassium_deficiency,5,train
/kaggle/input/datasets/shreyastiwari31/asdid-484/asdid_484/potassium_deficiency/potassium_deficiency_531.jpg,potassium_deficiency,5,train
/kaggle/input/datasets/shreyastiwari31/asdid-484/asdid_484/potassium_deficiency/potassium_deficiency_640.jpg,potassium_deficiency,5,train
/kaggle/input/datasets/shreyastiwari31/asdid-484/asdid_484/potassium_deficiency/potassium_deficiency_488.jpg,potassium_deficiency,5,train
/kaggle/input/datasets/shreyastiwari31/asdid-484/asdid_484/potassium_deficiency/potassium_deficiency_57.jpg,potassium_deficiency,5,train
/kaggle/input/datasets/shreyastiwari31/asdid-484/asdid_484/potassium_deficiency/potassium_deficiency_424.jpg,potassium_deficiency,5,train
/kaggle/input/datasets/shreyastiwari31/asdid-484/asdid_484/potassium_deficiency/potassium_deficiency_540.jpg,potassium_deficiency,5,train
/kaggle/input/datasets/shreyastiwari31/asdid-484/asdid_484/potassium_deficiency/potassium_deficiency_753.jpg,potassium_deficiency,5,train
/kaggle/input/datasets/shreyastiwari31/asdid-484/asdid_484/potassium_deficiency/potassium_deficiency_257.jpg,potassium_deficiency,5,train
/kaggle/input/datasets/shreyastiwari31/asdid-484/asdid_484/potassium_deficiency/potassium_deficiency_798.jpg,potassium_deficiency,5,train
/kaggle/input/datasets/shreyastiwari31/asdid-484/asdid_484/potassium_deficiency/potassium_deficiency_874.jpg,potassium_deficiency,5,train
/kaggle/input/datasets/shreyastiwari31/asdid-484/asdid_484/potassium_deficiency/potassium_deficiency_844.jpg,potassium_deficiency,5,train
/kaggle/input/datasets/shreyastiwari31/asdid-484/asdid_484/potassium_deficiency/potassium_deficiency_283.jpg,potassium_deficiency,5,train
/kaggle/input/datasets/shreyastiwari31/asdid-484/asdid_484/potassium_deficiency/potassium_deficiency_477.jpg,potassium_deficiency,5,train
/kaggle/input/datasets/shreyastiwari31/asdid-484/asdid_484/potassium_deficiency/potassium_deficiency_17.jpg,potassium_deficiency,5,train
/kaggle/input/datasets/shreyastiwari31/asdid-484/asdid_484/potassium_deficiency/potassium_deficiency_855.jpg,potassium_deficiency,5,train
/kaggle/input/datasets/shreyastiwari31/asdid-484/asdid_484/potassium_deficiency/potassium_deficiency_221.jpg,potassium_deficiency,5,train
/kaggle/input/datasets/shreyastiwari31/asdid-484/asdid_484/potassium_deficiency/potassium_deficiency_954.jpg,potassium_deficiency,5,train
/kaggle/input/datasets/shreyastiwari31/asdid-484/asdid_484/potassium_deficiency/potassium_deficiency_456.jpg,potassium_deficiency,5,train
/kaggle/input/datasets/shreyastiwari31/asdid-484/asdid_484/potassium_deficiency/potassium_deficiency_1029.jpg,potassium_deficiency,5,train
/kaggle/input/datasets/shreyastiwari31/asdid-484/asdid_484/potassium_deficiency/potassium_deficiency_429.jpg,potassium_deficiency,5,train
/kaggle/input/datasets/shreyastiwari31/asdid-484/asdid_484/potassium_deficiency/potassium_deficiency_70.jpg,potassium_deficiency,5,train
/kaggle/input/datasets/shreyastiwari31/asdid-484/asdid_484/potassium_deficiency/potassium_deficiency_880.jpg,potassium_deficiency,5,train
/kaggle/input/datasets/shreyastiwari31/asdid-484/asdid_484/potassium_deficiency/potassium_deficiency_802.jpg,potassium_deficiency,5,train
/kaggle/input/datasets/shreyastiwari31/asdid-484/asdid_484/potassium_deficiency/potassium_deficiency_285.jpg,potassium_deficiency,5,train
/kaggle/input/datasets/shreyastiwari31/asdid-484/asdid_484/potassium_deficiency/potassium_deficiency_1019.jpg,potassium_deficiency,5,train
/kaggle/input/datasets/shreyastiwari31/asdid-484/asdid_484/potassium_deficiency/potassium_deficiency_631.jpg,potassium_deficiency,5,train
/kaggle/input/datasets/shreyastiwari31/asdid-484/asdid_484/potassium_deficiency/potassium_deficiency_623.jpg,potassium_deficiency,5,train
/kaggle/input/datasets/shreyastiwari31/asdid-484/asdid_484/potassium_deficiency/potassium_deficiency_736.jpg,potassium_deficiency,5,train
/kaggle/input/datasets/shreyastiwari31/asdid-484/asdid_484/potassium_deficiency/potassium_deficiency_10.jpg,potassium_deficiency,5,train
/kaggle/input/datasets/shreyastiwari31/asdid-484/asdid_484/potassium_deficiency/potassium_deficiency_201.jpg,potassium_deficiency,5,train
/kaggle/input/datasets/shreyastiwari31/asdid-484/asdid_484/potassium_deficiency/potassium_deficiency_271.jpg,potassium_deficiency,5,train
/kaggle/input/datasets/shreyastiwari31/asdid-484/asdid_484/potassium_deficiency/potassium_deficiency_101.jpg,potassium_deficiency,5,train
/kaggle/input/datasets/shreyastiwari31/asdid-484/asdid_484/potassium_deficiency/potassium_deficiency_586.jpg,potassium_deficiency,5,train
/kaggle/input/datasets/shreyastiwari31/asdid-484/asdid_484/potassium_deficiency/potassium_deficiency_637.jpg,potassium_deficiency,5,train
/kaggle/input/datasets/shreyastiwari31/asdid-484/asdid_484/potassium_deficiency/potassium_deficiency_352.jpg,potassium_deficiency,5,train
/kaggle/input/datasets/shreyastiwari31/asdid-484/asdid_484/potassium_deficiency/potassium_deficiency_397.jpg,potassium_deficiency,5,train
/kaggle/input/datasets/shreyastiwari31/asdid-484/asdid_484/potassium_deficiency/potassium_deficiency_430.jpg,potassium_deficiency,5,train
/kaggle/input/datasets/shreyastiwari31/asdid-484/asdid_484/potassium_deficiency/potassium_deficiency_924.jpg,potassium_deficiency,5,train
/kaggle/input/datasets/shreyastiwari31/asdid-484/asdid_484/potassium_deficiency/potassium_deficiency_463.jpg,potassium_deficiency,5,train
/kaggle/input/datasets/shreyastiwari31/asdid-484/asdid_484/potassium_deficiency/potassium_deficiency_584.jpg,potassium_deficiency,5,train
/kaggle/input/datasets/shreyastiwari31/asdid-484/asdid_484/potassium_deficiency/potassium_deficiency_139.jpg,potassium_deficiency,5,train
/kaggle/input/datasets/shreyastiwari31/asdid-484/asdid_484/potassium_deficiency/potassium_deficiency_984.jpg,potassium_deficiency,5,train
/kaggle/input/datasets/shreyastiwari31/asdid-484/asdid_484/potassium_deficiency/potassium_deficiency_1025.jpg,potassium_deficiency,5,train
/kaggle/input/datasets/shreyastiwari31/asdid-484/asdid_484/potassium_deficiency/potassium_deficiency_738.jpg,potassium_deficiency,5,train
/kaggle/input/datasets/shreyastiwari31/asdid-484/asdid_484/potassium_deficiency/potassium_deficiency_331.jpg,potassium_deficiency,5,train
/kaggle/input/datasets/shreyastiwari31/asdid-484/asdid_484/potassium_deficiency/potassium_deficiency_111.jpg,potassium_deficiency,5,train
/kaggle/input/datasets/shreyastiwari31/asdid-484/asdid_484/potassium_deficiency/potassium_deficiency_321.jpg,potassium_deficiency,5,train
/kaggle/input/datasets/shreyastiwari31/asdid-484/asdid_484/potassium_deficiency/potassium_deficiency_785.jpg,potassium_deficiency,5,train
/kaggle/input/datasets/shreyastiwari31/asdid-484/asdid_484/potassium_deficiency/potassium_deficiency_18.jpg,potassium_deficiency,5,train
/kaggle/input/datasets/shreyastiwari31/asdid-484/asdid_484/potassium_deficiency/potassium_deficiency_449.jpg,potassium_deficiency,5,train
/kaggle/input/datasets/shreyastiwari31/asdid-484/asdid_484/potassium_deficiency/potassium_deficiency_127.jpg,potassium_deficiency,5,train
/kaggle/input/datasets/shreyastiwari31/asdid-484/asdid_484/potassium_deficiency/potassium_deficiency_30.jpg,potassium_deficiency,5,train
/kaggle/input/datasets/shreyastiwari31/asdid-484/asdid_484/potassium_deficiency/potassium_deficiency_840.jpg,potassium_deficiency,5,train
/kaggle/input/datasets/shreyastiwari31/asdid-484/asdid_484/potassium_deficiency/potassium_deficiency_961.jpg,potassium_deficiency,5,train
/kaggle/input/datasets/shreyastiwari31/asdid-484/asdid_484/potassium_deficiency/potassium_deficiency_155.jpg,potassium_deficiency,5,train
/kaggle/input/datasets/shreyastiwari31/asdid-484/asdid_484/potassium_deficiency/potassium_deficiency_148.jpg,potassium_deficiency,5,train
/kaggle/input/datasets/shreyastiwari31/asdid-484/asdid_484/potassium_deficiency/potassium_deficiency_453.jpg,potassium_deficiency,5,train
/kaggle/input/datasets/shreyastiwari31/asdid-484/asdid_484/potassium_deficiency/potassium_deficiency_711.jpg,potassium_deficiency,5,train
/kaggle/input/datasets/shreyastiwari31/asdid-484/asdid_484/potassium_deficiency/potassium_deficiency_90.jpg,potassium_deficiency,5,train
/kaggle/input/datasets/shreyastiwari31/asdid-484/asdid_484/potassium_deficiency/potassium_deficiency_329.jpg,potassium_deficiency,5,train
/kaggle/input/datasets/shreyastiwari31/asdid-484/asdid_484/potassium_deficiency/potassium_deficiency_929.jpg,potassium_deficiency,5,train
/kaggle/input/datasets/shreyastiwari31/asdid-484/asdid_484/potassium_deficiency/potassium_deficiency_512.jpg,potassium_deficiency,5,train
/kaggle/input/datasets/shreyastiwari31/asdid-484/asdid_484/potassium_deficiency/potassium_deficiency_125.jpg,potassium_deficiency,5,train
/kaggle/input/datasets/shreyastiwari31/asdid-484/asdid_484/potassium_deficiency/potassium_deficiency_353.jpg,potassium_deficiency,5,train
/kaggle/input/datasets/shreyastiwari31/asdid-484/asdid_484/potassium_deficiency/potassium_deficiency_915.jpg,potassium_deficiency,5,train
/kaggle/input/datasets/shreyastiwari31/asdid-484/asdid_484/potassium_deficiency/potassium_deficiency_67.jpg,potassium_deficiency,5,train
/kaggle/input/datasets/shreyastiwari31/asdid-484/asdid_484/potassium_deficiency/potassium_deficiency_497.jpg,potassium_deficiency,5,train
/kaggle/input/datasets/shreyastiwari31/asdid-484/asdid_484/potassium_deficiency/potassium_deficiency_788.jpg,potassium_deficiency,5,train
/kaggle/input/datasets/shreyastiwari31/asdid-484/asdid_484/potassium_deficiency/potassium_deficiency_628.jpg,potassium_deficiency,5,train
/kaggle/input/datasets/shreyastiwari31/asdid-484/asdid_484/potassium_deficiency/potassium_deficiency_336.jpg,potassium_deficiency,5,train
/kaggle/input/datasets/shreyastiwari31/asdid-484/asdid_484/potassium_deficiency/potassium_deficiency_104.jpg,potassium_deficiency,5,train
/kaggle/input/datasets/shreyastiwari31/asdid-484/asdid_484/potassium_deficiency/potassium_deficiency_618.jpg,potassium_deficiency,5,train
/kaggle/input/datasets/shreyastiwari31/asdid-484/asdid_484/potassium_deficiency/potassium_deficiency_552.jpg,potassium_deficiency,5,train
/kaggle/input/datasets/shreyastiwari31/asdid-484/asdid_484/potassium_deficiency/potassium_deficiency_41.jpg,potassium_deficiency,5,train
/kaggle/input/datasets/shreyastiwari31/asdid-484/asdid_484/potassium_deficiency/potassium_deficiency_20.jpg,potassium_deficiency,5,train
/kaggle/input/datasets/shreyastiwari31/asdid-484/asdid_484/potassium_deficiency/potassium_deficiency_441.jpg,potassium_deficiency,5,train
/kaggle/input/datasets/shreyastiwari31/asdid-484/asdid_484/potassium_deficiency/potassium_deficiency_693.jpg,potassium_deficiency,5,train
/kaggle/input/datasets/shreyastiwari31/asdid-484/asdid_484/potassium_deficiency/potassium_deficiency_511.jpg,potassium_deficiency,5,train
/kaggle/input/datasets/shreyastiwari31/asdid-484/asdid_484/potassium_deficiency/potassium_deficiency_34.jpg,potassium_deficiency,5,train
/kaggle/input/datasets/shreyastiwari31/asdid-484/asdid_484/potassium_deficiency/potassium_deficiency_438.jpg,potassium_deficiency,5,train
/kaggle/input/datasets/shreyastiwari31/asdid-484/asdid_484/potassium_deficiency/potassium_deficiency_312.jpg,potassium_deficiency,5,train
/kaggle/input/datasets/shreyastiwari31/asdid-484/asdid_484/potassium_deficiency/potassium_deficiency_75.jpg,potassium_deficiency,5,train
/kaggle/input/datasets/shreyastiwari31/asdid-484/asdid_484/potassium_deficiency/potassium_deficiency_415.jpg,potassium_deficiency,5,train
/kaggle/input/datasets/shreyastiwari31/asdid-484/asdid_484/potassium_deficiency/potassium_deficiency_932.jpg,potassium_deficiency,5,train
/kaggle/input/datasets/shreyastiwari31/asdid-484/asdid_484/potassium_deficiency/potassium_deficiency_700.jpg,potassium_deficiency,5,train
/kaggle/input/datasets/shreyastiwari31/asdid-484/asdid_484/potassium_deficiency/potassium_deficiency_369.jpg,potassium_deficiency,5,train
/kaggle/input/datasets/shreyastiwari31/asdid-484/asdid_484/potassium_deficiency/potassium_deficiency_433.jpg,potassium_deficiency,5,train
/kaggle/input/datasets/shreyastiwari31/asdid-484/asdid_484/potassium_deficiency/potassium_deficiency_910.jpg,potassium_deficiency,5,train
/kaggle/input/datasets/shreyastiwari31/asdid-484/asdid_484/potassium_deficiency/potassium_deficiency_149.jpg,potassium_deficiency,5,train
/kaggle/input/datasets/shreyastiwari31/asdid-484/asdid_484/potassium_deficiency/potassium_deficiency_690.jpg,potassium_deficiency,5,train
/kaggle/input/datasets/shreyastiwari31/asdid-484/asdid_484/potassium_deficiency/potassium_deficiency_143.jpg,potassium_deficiency,5,train
/kaggle/input/datasets/shreyastiwari31/asdid-484/asdid_484/potassium_deficiency/potassium_deficiency_699.jpg,potassium_deficiency,5,train
/kaggle/input/datasets/shreyastiwari31/asdid-484/asdid_484/potassium_deficiency/potassium_deficiency_878.jpg,potassium_deficiency,5,train
/kaggle/input/datasets/shreyastiwari31/asdid-484/asdid_484/potassium_deficiency/potassium_deficiency_938.jpg,potassium_deficiency,5,train
/kaggle/input/datasets/shreyastiwari31/asdid-484/asdid_484/potassium_deficiency/potassium_deficiency_550.jpg,potassium_deficiency,5,train
/kaggle/input/datasets/shreyastiwari31/asdid-484/asdid_484/potassium_deficiency/potassium_deficiency_895.jpg,potassium_deficiency,5,train
/kaggle/input/datasets/shreyastiwari31/asdid-484/asdid_484/potassium_deficiency/potassium_deficiency_388.jpg,potassium_deficiency,5,train
/kaggle/input/datasets/shreyastiwari31/asdid-484/asdid_484/potassium_deficiency/potassium_deficiency_51.jpg,potassium_deficiency,5,train
/kaggle/input/datasets/shreyastiwari31/asdid-484/asdid_484/potassium_deficiency/potassium_deficiency_735.jpg,potassium_deficiency,5,train
/kaggle/input/datasets/shreyastiwari31/asdid-484/asdid_484/potassium_deficiency/potassium_deficiency_229.jpg,potassium_deficiency,5,train
/kaggle/input/datasets/shreyastiwari31/asdid-484/asdid_484/potassium_deficiency/potassium_deficiency_444.jpg,potassium_deficiency,5,train
/kaggle/input/datasets/shreyastiwari31/asdid-484/asdid_484/potassium_deficiency/potassium_deficiency_420.jpg,potassium_deficiency,5,train
/kaggle/input/datasets/shreyastiwari31/asdid-484/asdid_484/potassium_deficiency/potassium_deficiency_496.jpg,potassium_deficiency,5,train
/kaggle/input/datasets/shreyastiwari31/asdid-484/asdid_484/potassium_deficiency/potassium_deficiency_498.jpg,potassium_deficiency,5,train
/kaggle/input/datasets/shreyastiwari31/asdid-484/asdid_484/potassium_deficiency/potassium_deficiency_328.jpg,potassium_deficiency,5,train
/kaggle/input/datasets/shreyastiwari31/asdid-484/asdid_484/potassium_deficiency/potassium_deficiency_8.jpg,potassium_deficiency,5,train
/kaggle/input/datasets/shreyastiwari31/asdid-484/asdid_484/potassium_deficiency/potassium_deficiency_705.jpg,potassium_deficiency,5,train
/kaggle/input/datasets/shreyastiwari31/asdid-484/asdid_484/potassium_deficiency/potassium_deficiency_722.jpg,potassium_deficiency,5,train
/kaggle/input/datasets/shreyastiwari31/asdid-484/asdid_484/potassium_deficiency/potassium_deficiency_227.jpg,potassium_deficiency,5,train
/kaggle/input/datasets/shreyastiwari31/asdid-484/asdid_484/potassium_deficiency/potassium_deficiency_68.jpg,potassium_deficiency,5,train
/kaggle/input/datasets/shreyastiwari31/asdid-484/asdid_484/potassium_deficiency/potassium_deficiency_641.jpg,potassium_deficiency,5,train
/kaggle/input/datasets/shreyastiwari31/asdid-484/asdid_484/potassium_deficiency/potassium_deficiency_402.jpg,potassium_deficiency,5,train
/kaggle/input/datasets/shreyastiwari31/asdid-484/asdid_484/potassium_deficiency/potassium_deficiency_1026.jpg,potassium_deficiency,5,train
/kaggle/input/datasets/shreyastiwari31/asdid-484/asdid_484/potassium_deficiency/potassium_deficiency_539.jpg,potassium_deficiency,5,train
/kaggle/input/datasets/shreyastiwari31/asdid-484/asdid_484/potassium_deficiency/potassium_deficiency_719.jpg,potassium_deficiency,5,train
/kaggle/input/datasets/shreyastiwari31/asdid-484/asdid_484/potassium_deficiency/potassium_deficiency_249.jpg,potassium_deficiency,5,train
/kaggle/input/datasets/shreyastiwari31/asdid-484/asdid_484/potassium_deficiency/potassium_deficiency_556.jpg,potassium_deficiency,5,train
/kaggle/input/datasets/shreyastiwari31/asdid-484/asdid_484/potassium_deficiency/potassium_deficiency_202.jpg,potassium_deficiency,5,train
/kaggle/input/datasets/shreyastiwari31/asdid-484/asdid_484/potassium_deficiency/potassium_deficiency_662.jpg,potassium_deficiency,5,train
/kaggle/input/datasets/shreyastiwari31/asdid-484/asdid_484/potassium_deficiency/potassium_deficiency_642.jpg,potassium_deficiency,5,train
/kaggle/input/datasets/shreyastiwari31/asdid-484/asdid_484/potassium_deficiency/potassium_deficiency_426.jpg,potassium_deficiency,5,train
/kaggle/input/datasets/shreyastiwari31/asdid-484/asdid_484/potassium_deficiency/potassium_deficiency_361.jpg,potassium_deficiency,5,train
/kaggle/input/datasets/shreyastiwari31/asdid-484/asdid_484/potassium_deficiency/potassium_deficiency_956.jpg,potassium_deficiency,5,train
/kaggle/input/datasets/shreyastiwari31/asdid-484/asdid_484/potassium_deficiency/potassium_deficiency_238.jpg,potassium_deficiency,5,train
/kaggle/input/datasets/shreyastiwari31/asdid-484/asdid_484/potassium_deficiency/potassium_deficiency_970.jpg,potassium_deficiency,5,train
/kaggle/input/datasets/shreyastiwari31/asdid-484/asdid_484/potassium_deficiency/potassium_deficiency_778.jpg,potassium_deficiency,5,train
/kaggle/input/datasets/shreyastiwari31/asdid-484/asdid_484/potassium_deficiency/potassium_deficiency_839.jpg,potassium_deficiency,5,train
/kaggle/input/datasets/shreyastiwari31/asdid-484/asdid_484/potassium_deficiency/potassium_deficiency_300.jpg,potassium_deficiency,5,train
/kaggle/input/datasets/shreyastiwari31/asdid-484/asdid_484/potassium_deficiency/potassium_deficiency_194.jpg,potassium_deficiency,5,train
/kaggle/input/datasets/shreyastiwari31/asdid-484/asdid_484/potassium_deficiency/potassium_deficiency_443.jpg,potassium_deficiency,5,train
/kaggle/input/datasets/shreyastiwari31/asdid-484/asdid_484/potassium_deficiency/potassium_deficiency_335.jpg,potassium_deficiency,5,train
/kaggle/input/datasets/shreyastiwari31/asdid-484/asdid_484/potassium_deficiency/potassium_deficiency_1007.jpg,potassium_deficiency,5,train
/kaggle/input/datasets/shreyastiwari31/asdid-484/asdid_484/potassium_deficiency/potassium_deficiency_326.jpg,potassium_deficiency,5,train
/kaggle/input/datasets/shreyastiwari31/asdid-484/asdid_484/potassium_deficiency/potassium_deficiency_392.jpg,potassium_deficiency,5,train
/kaggle/input/datasets/shreyastiwari31/asdid-484/asdid_484/potassium_deficiency/potassium_deficiency_692.jpg,potassium_deficiency,5,train
/kaggle/input/datasets/shreyastiwari31/asdid-484/asdid_484/potassium_deficiency/potassium_deficiency_213.jpg,potassium_deficiency,5,train
/kaggle/input/datasets/shreyastiwari31/asdid-484/asdid_484/potassium_deficiency/potassium_deficiency_253.jpg,potassium_deficiency,5,train
/kaggle/input/datasets/shreyastiwari31/asdid-484/asdid_484/potassium_deficiency/potassium_deficiency_172.jpg,potassium_deficiency,5,train
/kaggle/input/datasets/shreyastiwari31/asdid-484/asdid_484/potassium_deficiency/potassium_deficiency_455.jpg,potassium_deficiency,5,train
/kaggle/input/datasets/shreyastiwari31/asdid-484/asdid_484/potassium_deficiency/potassium_deficiency_159.jpg,potassium_deficiency,5,train
/kaggle/input/datasets/shreyastiwari31/asdid-484/asdid_484/potassium_deficiency/potassium_deficiency_396.jpg,potassium_deficiency,5,train
/kaggle/input/datasets/shreyastiwari31/asdid-484/asdid_484/potassium_deficiency/potassium_deficiency_551.jpg,potassium_deficiency,5,train
/kaggle/input/datasets/shreyastiwari31/asdid-484/asdid_484/potassium_deficiency/potassium_deficiency_479.jpg,potassium_deficiency,5,train
/kaggle/input/datasets/shreyastiwari31/asdid-484/asdid_484/potassium_deficiency/potassium_deficiency_46.jpg,potassium_deficiency,5,train
/kaggle/input/datasets/shreyastiwari31/asdid-484/asdid_484/potassium_deficiency/potassium_deficiency_634.jpg,potassium_deficiency,5,train
/kaggle/input/datasets/shreyastiwari31/asdid-484/asdid_484/potassium_deficiency/potassium_deficiency_661.jpg,potassium_deficiency,5,train
/kaggle/input/datasets/shreyastiwari31/asdid-484/asdid_484/potassium_deficiency/potassium_deficiency_363.jpg,potassium_deficiency,5,train
/kaggle/input/datasets/shreyastiwari31/asdid-484/asdid_484/potassium_deficiency/potassium_deficiency_975.jpg,potassium_deficiency,5,train
/kaggle/input/datasets/shreyastiwari31/asdid-484/asdid_484/potassium_deficiency/potassium_deficiency_1012.jpg,potassium_deficiency,5,train
/kaggle/input/datasets/shreyastiwari31/asdid-484/asdid_484/potassium_deficiency/potassium_deficiency_907.jpg,potassium_deficiency,5,train
/kaggle/input/datasets/shreyastiwari31/asdid-484/asdid_484/potassium_deficiency/potassium_deficiency_744.jpg,potassium_deficiency,5,train
/kaggle/input/datasets/shreyastiwari31/asdid-484/asdid_484/potassium_deficiency/potassium_deficiency_508.jpg,potassium_deficiency,5,train
/kaggle/input/datasets/shreyastiwari31/asdid-484/asdid_484/potassium_deficiency/potassium_deficiency_996.jpg,potassium_deficiency,5,train
/kaggle/input/datasets/shreyastiwari31/asdid-484/asdid_484/potassium_deficiency/potassium_deficiency_671.jpg,potassium_deficiency,5,train
/kaggle/input/datasets/shreyastiwari31/asdid-484/asdid_484/potassium_deficiency/potassium_deficiency_190.jpg,potassium_deficiency,5,train
/kaggle/input/datasets/shreyastiwari31/asdid-484/asdid_484/potassium_deficiency/potassium_deficiency_782.jpg,potassium_deficiency,5,train
/kaggle/input/datasets/shreyastiwari31/asdid-484/asdid_484/potassium_deficiency/potassium_deficiency_814.jpg,potassium_deficiency,5,train
/kaggle/input/datasets/shreyastiwari31/asdid-484/asdid_484/potassium_deficiency/potassium_deficiency_513.jpg,potassium_deficiency,5,train
/kaggle/input/datasets/shreyastiwari31/asdid-484/asdid_484/potassium_deficiency/potassium_deficiency_545.jpg,potassium_deficiency,5,train
/kaggle/input/datasets/shreyastiwari31/asdid-484/asdid_484/potassium_deficiency/potassium_deficiency_206.jpg,potassium_deficiency,5,train
/kaggle/input/datasets/shreyastiwari31/asdid-484/asdid_484/potassium_deficiency/potassium_deficiency_532.jpg,potassium_deficiency,5,train
/kaggle/input/datasets/shreyastiwari31/asdid-484/asdid_484/potassium_deficiency/potassium_deficiency_900.jpg,potassium_deficiency,5,train
/kaggle/input/datasets/shreyastiwari31/asdid-484/asdid_484/potassium_deficiency/potassium_deficiency_971.jpg,potassium_deficiency,5,train
/kaggle/input/datasets/shreyastiwari31/asdid-484/asdid_484/potassium_deficiency/potassium_deficiency_502.jpg,potassium_deficiency,5,train
/kaggle/input/datasets/shreyastiwari31/asdid-484/asdid_484/potassium_deficiency/potassium_deficiency_354.jpg,potassium_deficiency,5,train
/kaggle/input/datasets/shreyastiwari31/asdid-484/asdid_484/potassium_deficiency/potassium_deficiency_404.jpg,potassium_deficiency,5,train
/kaggle/input/datasets/shreyastiwari31/asdid-484/asdid_484/potassium_deficiency/potassium_deficiency_181.jpg,potassium_deficiency,5,train
/kaggle/input/datasets/shreyastiwari31/asdid-484/asdid_484/potassium_deficiency/potassium_deficiency_607.jpg,potassium_deficiency,5,train
/kaggle/input/datasets/shreyastiwari31/asdid-484/asdid_484/potassium_deficiency/potassium_deficiency_767.jpg,potassium_deficiency,5,train
/kaggle/input/datasets/shreyastiwari31/asdid-484/asdid_484/potassium_deficiency/potassium_deficiency_1009.jpg,potassium_deficiency,5,train
/kaggle/input/datasets/shreyastiwari31/asdid-484/asdid_484/potassium_deficiency/potassium_deficiency_925.jpg,potassium_deficiency,5,train
/kaggle/input/datasets/shreyastiwari31/asdid-484/asdid_484/potassium_deficiency/potassium_deficiency_762.jpg,potassium_deficiency,5,train
/kaggle/input/datasets/shreyastiwari31/asdid-484/asdid_484/potassium_deficiency/potassium_deficiency_254.jpg,potassium_deficiency,5,train
/kaggle/input/datasets/shreyastiwari31/asdid-484/asdid_484/potassium_deficiency/potassium_deficiency_538.jpg,potassium_deficiency,5,train
/kaggle/input/datasets/shreyastiwari31/asdid-484/asdid_484/potassium_deficiency/potassium_deficiency_452.jpg,potassium_deficiency,5,train
/kaggle/input/datasets/shreyastiwari31/asdid-484/asdid_484/potassium_deficiency/potassium_deficiency_1031.jpg,potassium_deficiency,5,train
/kaggle/input/datasets/shreyastiwari31/asdid-484/asdid_484/potassium_deficiency/potassium_deficiency_247.jpg,potassium_deficiency,5,train
/kaggle/input/datasets/shreyastiwari31/asdid-484/asdid_484/potassium_deficiency/potassium_deficiency_941.jpg,potassium_deficiency,5,train
/kaggle/input/datasets/shreyastiwari31/asdid-484/asdid_484/potassium_deficiency/potassium_deficiency_246.jpg,potassium_deficiency,5,train
/kaggle/input/datasets/shreyastiwari31/asdid-484/asdid_484/potassium_deficiency/potassium_deficiency_1032.jpg,potassium_deficiency,5,train
/kaggle/input/datasets/shreyastiwari31/asdid-484/asdid_484/potassium_deficiency/potassium_deficiency_58.jpg,potassium_deficiency,5,train
/kaggle/input/datasets/shreyastiwari31/asdid-484/asdid_484/potassium_deficiency/potassium_deficiency_305.jpg,potassium_deficiency,5,train
/kaggle/input/datasets/shreyastiwari31/asdid-484/asdid_484/potassium_deficiency/potassium_deficiency_795.jpg,potassium_deficiency,5,train
/kaggle/input/datasets/shreyastiwari31/asdid-484/asdid_484/potassium_deficiency/potassium_deficiency_164.jpg,potassium_deficiency,5,train
/kaggle/input/datasets/shreyastiwari31/asdid-484/asdid_484/potassium_deficiency/potassium_deficiency_129.jpg,potassium_deficiency,5,train
/kaggle/input/datasets/shreyastiwari31/asdid-484/asdid_484/potassium_deficiency/potassium_deficiency_356.jpg,potassium_deficiency,5,train
/kaggle/input/datasets/shreyastiwari31/asdid-484/asdid_484/potassium_deficiency/potassium_deficiency_389.jpg,potassium_deficiency,5,train
/kaggle/input/datasets/shreyastiwari31/asdid-484/asdid_484/potassium_deficiency/potassium_deficiency_723.jpg,potassium_deficiency,5,train
/kaggle/input/datasets/shreyastiwari31/asdid-484/asdid_484/potassium_deficiency/potassium_deficiency_274.jpg,potassium_deficiency,5,train
/kaggle/input/datasets/shreyastiwari31/asdid-484/asdid_484/potassium_deficiency/potassium_deficiency_812.jpg,potassium_deficiency,5,train
/kaggle/input/datasets/shreyastiwari31/asdid-484/asdid_484/potassium_deficiency/potassium_deficiency_96.jpg,potassium_deficiency,5,train
/kaggle/input/datasets/shreyastiwari31/asdid-484/asdid_484/potassium_deficiency/potassium_deficiency_460.jpg,potassium_deficiency,5,train
/kaggle/input/datasets/shreyastiwari31/asdid-484/asdid_484/potassium_deficiency/potassium_deficiency_23.jpg,potassium_deficiency,5,train
/kaggle/input/datasets/shreyastiwari31/asdid-484/asdid_484/potassium_deficiency/potassium_deficiency_592.jpg,potassium_deficiency,5,train
/kaggle/input/datasets/shreyastiwari31/asdid-484/asdid_484/potassium_deficiency/potassium_deficiency_1002.jpg,potassium_deficiency,5,train
/kaggle/input/datasets/shreyastiwari31/asdid-484/asdid_484/potassium_deficiency/potassium_deficiency_694.jpg,potassium_deficiency,5,train
/kaggle/input/datasets/shreyastiwari31/asdid-484/asdid_484/potassium_deficiency/potassium_deficiency_79.jpg,potassium_deficiency,5,train
/kaggle/input/datasets/shreyastiwari31/asdid-484/asdid_484/potassium_deficiency/potassium_deficiency_831.jpg,potassium_deficiency,5,train
/kaggle/input/datasets/shreyastiwari31/asdid-484/asdid_484/potassium_deficiency/potassium_deficiency_949.jpg,potassium_deficiency,5,train
/kaggle/input/datasets/shreyastiwari31/asdid-484/asdid_484/potassium_deficiency/potassium_deficiency_859.jpg,potassium_deficiency,5,train
/kaggle/input/datasets/shreyastiwari31/asdid-484/asdid_484/potassium_deficiency/potassium_deficiency_177.jpg,potassium_deficiency,5,train
/kaggle/input/datasets/shreyastiwari31/asdid-484/asdid_484/potassium_deficiency/potassium_deficiency_908.jpg,potassium_deficiency,5,train
/kaggle/input/datasets/shreyastiwari31/asdid-484/asdid_484/potassium_deficiency/potassium_deficiency_306.jpg,potassium_deficiency,5,train
/kaggle/input/datasets/shreyastiwari31/asdid-484/asdid_484/potassium_deficiency/potassium_deficiency_677.jpg,potassium_deficiency,5,train
/kaggle/input/datasets/shreyastiwari31/asdid-484/asdid_484/potassium_deficiency/potassium_deficiency_77.jpg,potassium_deficiency,5,train
/kaggle/input/datasets/shreyastiwari31/asdid-484/asdid_484/potassium_deficiency/potassium_deficiency_571.jpg,potassium_deficiency,5,train
/kaggle/input/datasets/shreyastiwari31/asdid-484/asdid_484/potassium_deficiency/potassium_deficiency_115.jpg,potassium_deficiency,5,train
/kaggle/input/datasets/shreyastiwari31/asdid-484/asdid_484/potassium_deficiency/potassium_deficiency_881.jpg,potassium_deficiency,5,train
/kaggle/input/datasets/shreyastiwari31/asdid-484/asdid_484/potassium_deficiency/potassium_deficiency_319.jpg,potassium_deficiency,5,train
/kaggle/input/datasets/shreyastiwari31/asdid-484/asdid_484/potassium_deficiency/potassium_deficiency_63.jpg,potassium_deficiency,5,train
/kaggle/input/datasets/shreyastiwari31/asdid-484/asdid_484/potassium_deficiency/potassium_deficiency_992.jpg,potassium_deficiency,5,train
/kaggle/input/datasets/shreyastiwari31/asdid-484/asdid_484/potassium_deficiency/potassium_deficiency_184.jpg,potassium_deficiency,5,train
/kaggle/input/datasets/shreyastiwari31/asdid-484/asdid_484/potassium_deficiency/potassium_deficiency_822.jpg,potassium_deficiency,5,train
/kaggle/input/datasets/shreyastiwari31/asdid-484/asdid_484/potassium_deficiency/potassium_deficiency_345.jpg,potassium_deficiency,5,val
/kaggle/input/datasets/shreyastiwari31/asdid-484/asdid_484/potassium_deficiency/potassium_deficiency_816.jpg,potassium_deficiency,5,val
/kaggle/input/datasets/shreyastiwari31/asdid-484/asdid_484/potassium_deficiency/potassium_deficiency_341.jpg,potassium_deficiency,5,val
/kaggle/input/datasets/shreyastiwari31/asdid-484/asdid_484/potassium_deficiency/potassium_deficiency_583.jpg,potassium_deficiency,5,val
/kaggle/input/datasets/shreyastiwari31/asdid-484/asdid_484/potassium_deficiency/potassium_deficiency_276.jpg,potassium_deficiency,5,val
/kaggle/input/datasets/shreyastiwari31/asdid-484/asdid_484/potassium_deficiency/potassium_deficiency_290.jpg,potassium_deficiency,5,val
/kaggle/input/datasets/shreyastiwari31/asdid-484/asdid_484/potassium_deficiency/potassium_deficiency_757.jpg,potassium_deficiency,5,val
/kaggle/input/datasets/shreyastiwari31/asdid-484/asdid_484/potassium_deficiency/potassium_deficiency_332.jpg,potassium_deficiency,5,val
/kaggle/input/datasets/shreyastiwari31/asdid-484/asdid_484/potassium_deficiency/potassium_deficiency_922.jpg,potassium_deficiency,5,val
/kaggle/input/datasets/shreyastiwari31/asdid-484/asdid_484/potassium_deficiency/potassium_deficiency_495.jpg,potassium_deficiency,5,val
/kaggle/input/datasets/shreyastiwari31/asdid-484/asdid_484/potassium_deficiency/potassium_deficiency_413.jpg,potassium_deficiency,5,val
/kaggle/input/datasets/shreyastiwari31/asdid-484/asdid_484/potassium_deficiency/potassium_deficiency_15.jpg,potassium_deficiency,5,val
/kaggle/input/datasets/shreyastiwari31/asdid-484/asdid_484/potassium_deficiency/potassium_deficiency_962.jpg,potassium_deficiency,5,val
/kaggle/input/datasets/shreyastiwari31/asdid-484/asdid_484/potassium_deficiency/potassium_deficiency_106.jpg,potassium_deficiency,5,val
/kaggle/input/datasets/shreyastiwari31/asdid-484/asdid_484/potassium_deficiency/potassium_deficiency_360.jpg,potassium_deficiency,5,val
/kaggle/input/datasets/shreyastiwari31/asdid-484/asdid_484/potassium_deficiency/potassium_deficiency_222.jpg,potassium_deficiency,5,val
/kaggle/input/datasets/shreyastiwari31/asdid-484/asdid_484/potassium_deficiency/potassium_deficiency_412.jpg,potassium_deficiency,5,val
/kaggle/input/datasets/shreyastiwari31/asdid-484/asdid_484/potassium_deficiency/potassium_deficiency_451.jpg,potassium_deficiency,5,val
/kaggle/input/datasets/shreyastiwari31/asdid-484/asdid_484/potassium_deficiency/potassium_deficiency_99.jpg,potassium_deficiency,5,val
/kaggle/input/datasets/shreyastiwari31/asdid-484/asdid_484/potassium_deficiency/potassium_deficiency_588.jpg,potassium_deficiency,5,val
/kaggle/input/datasets/shreyastiwari31/asdid-484/asdid_484/potassium_deficiency/potassium_deficiency_796.jpg,potassium_deficiency,5,val
/kaggle/input/datasets/shreyastiwari31/asdid-484/asdid_484/potassium_deficiency/potassium_deficiency_88.jpg,potassium_deficiency,5,val
/kaggle/input/datasets/shreyastiwari31/asdid-484/asdid_484/potassium_deficiency/potassium_deficiency_199.jpg,potassium_deficiency,5,val
/kaggle/input/datasets/shreyastiwari31/asdid-484/asdid_484/potassium_deficiency/potassium_deficiency_766.jpg,potassium_deficiency,5,val
/kaggle/input/datasets/shreyastiwari31/asdid-484/asdid_484/potassium_deficiency/potassium_deficiency_347.jpg,potassium_deficiency,5,val
/kaggle/input/datasets/shreyastiwari31/asdid-484/asdid_484/potassium_deficiency/potassium_deficiency_599.jpg,potassium_deficiency,5,val
/kaggle/input/datasets/shreyastiwari31/asdid-484/asdid_484/potassium_deficiency/potassium_deficiency_414.jpg,potassium_deficiency,5,val
/kaggle/input/datasets/shreyastiwari31/asdid-484/asdid_484/potassium_deficiency/potassium_deficiency_906.jpg,potassium_deficiency,5,val
/kaggle/input/datasets/shreyastiwari31/asdid-484/asdid_484/potassium_deficiency/potassium_deficiency_387.jpg,potassium_deficiency,5,val
/kaggle/input/datasets/shreyastiwari31/asdid-484/asdid_484/potassium_deficiency/potassium_deficiency_968.jpg,potassium_deficiency,5,val
/kaggle/input/datasets/shreyastiwari31/asdid-484/asdid_484/potassium_deficiency/potassium_deficiency_936.jpg,potassium_deficiency,5,val
/kaggle/input/datasets/shreyastiwari31/asdid-484/asdid_484/potassium_deficiency/potassium_deficiency_858.jpg,potassium_deficiency,5,val
/kaggle/input/datasets/shreyastiwari31/asdid-484/asdid_484/potassium_deficiency/potassium_deficiency_817.jpg,potassium_deficiency,5,val
/kaggle/input/datasets/shreyastiwari31/asdid-484/asdid_484/potassium_deficiency/potassium_deficiency_746.jpg,potassium_deficiency,5,val
/kaggle/input/datasets/shreyastiwari31/asdid-484/asdid_484/potassium_deficiency/potassium_deficiency_36.jpg,potassium_deficiency,5,val
/kaggle/input/datasets/shreyastiwari31/asdid-484/asdid_484/potassium_deficiency/potassium_deficiency_83.jpg,potassium_deficiency,5,val
/kaggle/input/datasets/shreyastiwari31/asdid-484/asdid_484/potassium_deficiency/potassium_deficiency_302.jpg,potassium_deficiency,5,val
/kaggle/input/datasets/shreyastiwari31/asdid-484/asdid_484/potassium_deficiency/potassium_deficiency_364.jpg,potassium_deficiency,5,val
/kaggle/input/datasets/shreyastiwari31/asdid-484/asdid_484/potassium_deficiency/potassium_deficiency_598.jpg,potassium_deficiency,5,val
/kaggle/input/datasets/shreyastiwari31/asdid-484/asdid_484/potassium_deficiency/potassium_deficiency_35.jpg,potassium_deficiency,5,val
/kaggle/input/datasets/shreyastiwari31/asdid-484/asdid_484/potassium_deficiency/potassium_deficiency_325.jpg,potassium_deficiency,5,val
/kaggle/input/datasets/shreyastiwari31/asdid-484/asdid_484/potassium_deficiency/potassium_deficiency_259.jpg,potassium_deficiency,5,val
/kaggle/input/datasets/shreyastiwari31/asdid-484/asdid_484/potassium_deficiency/potassium_deficiency_525.jpg,potassium_deficiency,5,val
/kaggle/input/datasets/shreyastiwari31/asdid-484/asdid_484/potassium_deficiency/potassium_deficiency_643.jpg,potassium_deficiency,5,val
/kaggle/input/datasets/shreyastiwari31/asdid-484/asdid_484/potassium_deficiency/potassium_deficiency_923.jpg,potassium_deficiency,5,val
/kaggle/input/datasets/shreyastiwari31/asdid-484/asdid_484/potassium_deficiency/potassium_deficiency_731.jpg,potassium_deficiency,5,val
/kaggle/input/datasets/shreyastiwari31/asdid-484/asdid_484/potassium_deficiency/potassium_deficiency_680.jpg,potassium_deficiency,5,val
/kaggle/input/datasets/shreyastiwari31/asdid-484/asdid_484/potassium_deficiency/potassium_deficiency_882.jpg,potassium_deficiency,5,val
/kaggle/input/datasets/shreyastiwari31/asdid-484/asdid_484/potassium_deficiency/potassium_deficiency_9.jpg,potassium_deficiency,5,val
/kaggle/input/datasets/shreyastiwari31/asdid-484/asdid_484/potassium_deficiency/potassium_deficiency_712.jpg,potassium_deficiency,5,val
/kaggle/input/datasets/shreyastiwari31/asdid-484/asdid_484/potassium_deficiency/potassium_deficiency_421.jpg,potassium_deficiency,5,val
/kaggle/input/datasets/shreyastiwari31/asdid-484/asdid_484/potassium_deficiency/potassium_deficiency_59.jpg,potassium_deficiency,5,val
/kaggle/input/datasets/shreyastiwari31/asdid-484/asdid_484/potassium_deficiency/potassium_deficiency_410.jpg,potassium_deficiency,5,val
/kaggle/input/datasets/shreyastiwari31/asdid-484/asdid_484/potassium_deficiency/potassium_deficiency_97.jpg,potassium_deficiency,5,val
/kaggle/input/datasets/shreyastiwari31/asdid-484/asdid_484/potassium_deficiency/potassium_deficiency_509.jpg,potassium_deficiency,5,val
/kaggle/input/datasets/shreyastiwari31/asdid-484/asdid_484/potassium_deficiency/potassium_deficiency_243.jpg,potassium_deficiency,5,val
/kaggle/input/datasets/shreyastiwari31/asdid-484/asdid_484/potassium_deficiency/potassium_deficiency_865.jpg,potassium_deficiency,5,val
/kaggle/input/datasets/shreyastiwari31/asdid-484/asdid_484/potassium_deficiency/potassium_deficiency_434.jpg,potassium_deficiency,5,val
/kaggle/input/datasets/shreyastiwari31/asdid-484/asdid_484/potassium_deficiency/potassium_deficiency_567.jpg,potassium_deficiency,5,val
/kaggle/input/datasets/shreyastiwari31/asdid-484/asdid_484/potassium_deficiency/potassium_deficiency_521.jpg,potassium_deficiency,5,val
/kaggle/input/datasets/shreyastiwari31/asdid-484/asdid_484/potassium_deficiency/potassium_deficiency_696.jpg,potassium_deficiency,5,val
/kaggle/input/datasets/shreyastiwari31/asdid-484/asdid_484/potassium_deficiency/potassium_deficiency_393.jpg,potassium_deficiency,5,val
/kaggle/input/datasets/shreyastiwari31/asdid-484/asdid_484/potassium_deficiency/potassium_deficiency_602.jpg,potassium_deficiency,5,val
/kaggle/input/datasets/shreyastiwari31/asdid-484/asdid_484/potassium_deficiency/potassium_deficiency_281.jpg,potassium_deficiency,5,val
/kaggle/input/datasets/shreyastiwari31/asdid-484/asdid_484/potassium_deficiency/potassium_deficiency_553.jpg,potassium_deficiency,5,val
/kaggle/input/datasets/shreyastiwari31/asdid-484/asdid_484/potassium_deficiency/potassium_deficiency_209.jpg,potassium_deficiency,5,val
/kaggle/input/datasets/shreyastiwari31/asdid-484/asdid_484/potassium_deficiency/potassium_deficiency_748.jpg,potassium_deficiency,5,val
/kaggle/input/datasets/shreyastiwari31/asdid-484/asdid_484/potassium_deficiency/potassium_deficiency_136.jpg,potassium_deficiency,5,val
/kaggle/input/datasets/shreyastiwari31/asdid-484/asdid_484/potassium_deficiency/potassium_deficiency_765.jpg,potassium_deficiency,5,val
/kaggle/input/datasets/shreyastiwari31/asdid-484/asdid_484/potassium_deficiency/potassium_deficiency_775.jpg,potassium_deficiency,5,val
/kaggle/input/datasets/shreyastiwari31/asdid-484/asdid_484/potassium_deficiency/potassium_deficiency_517.jpg,potassium_deficiency,5,val
/kaggle/input/datasets/shreyastiwari31/asdid-484/asdid_484/potassium_deficiency/potassium_deficiency_645.jpg,potassium_deficiency,5,val
/kaggle/input/datasets/shreyastiwari31/asdid-484/asdid_484/potassium_deficiency/potassium_deficiency_896.jpg,potassium_deficiency,5,val
/kaggle/input/datasets/shreyastiwari31/asdid-484/asdid_484/potassium_deficiency/potassium_deficiency_542.jpg,potassium_deficiency,5,test
/kaggle/input/datasets/shreyastiwari31/asdid-484/asdid_484/potassium_deficiency/potassium_deficiency_466.jpg,potassium_deficiency,5,test
/kaggle/input/datasets/shreyastiwari31/asdid-484/asdid_484/potassium_deficiency/potassium_deficiency_277.jpg,potassium_deficiency,5,test
/kaggle/input/datasets/shreyastiwari31/asdid-484/asdid_484/potassium_deficiency/potassium_deficiency_727.jpg,potassium_deficiency,5,test
/kaggle/input/datasets/shreyastiwari31/asdid-484/asdid_484/potassium_deficiency/potassium_deficiency_467.jpg,potassium_deficiency,5,test
/kaggle/input/datasets/shreyastiwari31/asdid-484/asdid_484/potassium_deficiency/potassium_deficiency_226.jpg,potassium_deficiency,5,test
/kaggle/input/datasets/shreyastiwari31/asdid-484/asdid_484/potassium_deficiency/potassium_deficiency_473.jpg,potassium_deficiency,5,test
/kaggle/input/datasets/shreyastiwari31/asdid-484/asdid_484/potassium_deficiency/potassium_deficiency_382.jpg,potassium_deficiency,5,test
/kaggle/input/datasets/shreyastiwari31/asdid-484/asdid_484/potassium_deficiency/potassium_deficiency_493.jpg,potassium_deficiency,5,test
/kaggle/input/datasets/shreyastiwari31/asdid-484/asdid_484/potassium_deficiency/potassium_deficiency_1014.jpg,potassium_deficiency,5,test
/kaggle/input/datasets/shreyastiwari31/asdid-484/asdid_484/potassium_deficiency/potassium_deficiency_258.jpg,potassium_deficiency,5,test
/kaggle/input/datasets/shreyastiwari31/asdid-484/asdid_484/potassium_deficiency/potassium_deficiency_945.jpg,potassium_deficiency,5,test
/kaggle/input/datasets/shreyastiwari31/asdid-484/asdid_484/potassium_deficiency/potassium_deficiency_739.jpg,potassium_deficiency,5,test
/kaggle/input/datasets/shreyastiwari31/asdid-484/asdid_484/potassium_deficiency/potassium_deficiency_613.jpg,potassium_deficiency,5,test
/kaggle/input/datasets/shreyastiwari31/asdid-484/asdid_484/potassium_deficiency/potassium_deficiency_1028.jpg,potassium_deficiency,5,test
/kaggle/input/datasets/shreyastiwari31/asdid-484/asdid_484/potassium_deficiency/potassium_deficiency_320.jpg,potassium_deficiency,5,test
/kaggle/input/datasets/shreyastiwari31/asdid-484/asdid_484/potassium_deficiency/potassium_deficiency_716.jpg,potassium_deficiency,5,test
/kaggle/input/datasets/shreyastiwari31/asdid-484/asdid_484/potassium_deficiency/potassium_deficiency_869.jpg,potassium_deficiency,5,test
/kaggle/input/datasets/shreyastiwari31/asdid-484/asdid_484/potassium_deficiency/potassium_deficiency_223.jpg,potassium_deficiency,5,test
/kaggle/input/datasets/shreyastiwari31/asdid-484/asdid_484/potassium_deficiency/potassium_deficiency_440.jpg,potassium_deficiency,5,test
/kaggle/input/datasets/shreyastiwari31/asdid-484/asdid_484/potassium_deficiency/potassium_deficiency_886.jpg,potassium_deficiency,5,test
/kaggle/input/datasets/shreyastiwari31/asdid-484/asdid_484/potassium_deficiency/potassium_deficiency_805.jpg,potassium_deficiency,5,test
/kaggle/input/datasets/shreyastiwari31/asdid-484/asdid_484/potassium_deficiency/potassium_deficiency_654.jpg,potassium_deficiency,5,test
/kaggle/input/datasets/shreyastiwari31/asdid-484/asdid_484/potassium_deficiency/potassium_deficiency_91.jpg,potassium_deficiency,5,test
/kaggle/input/datasets/shreyastiwari31/asdid-484/asdid_484/potassium_deficiency/potassium_deficiency_927.jpg,potassium_deficiency,5,test
/kaggle/input/datasets/shreyastiwari31/asdid-484/asdid_484/potassium_deficiency/potassium_deficiency_561.jpg,potassium_deficiency,5,test
/kaggle/input/datasets/shreyastiwari31/asdid-484/asdid_484/potassium_deficiency/potassium_deficiency_241.jpg,potassium_deficiency,5,test
/kaggle/input/datasets/shreyastiwari31/asdid-484/asdid_484/potassium_deficiency/potassium_deficiency_523.jpg,potassium_deficiency,5,test
/kaggle/input/datasets/shreyastiwari31/asdid-484/asdid_484/potassium_deficiency/potassium_deficiency_940.jpg,potassium_deficiency,5,test
/kaggle/input/datasets/shreyastiwari31/asdid-484/asdid_484/potassium_deficiency/potassium_deficiency_116.jpg,potassium_deficiency,5,test
/kaggle/input/datasets/shreyastiwari31/asdid-484/asdid_484/potassium_deficiency/potassium_deficiency_761.jpg,potassium_deficiency,5,test
/kaggle/input/datasets/shreyastiwari31/asdid-484/asdid_484/potassium_deficiency/potassium_deficiency_303.jpg,potassium_deficiency,5,test
/kaggle/input/datasets/shreyastiwari31/asdid-484/asdid_484/potassium_deficiency/potassium_deficiency_619.jpg,potassium_deficiency,5,test
/kaggle/input/datasets/shreyastiwari31/asdid-484/asdid_484/potassium_deficiency/potassium_deficiency_621.jpg,potassium_deficiency,5,test
/kaggle/input/datasets/shreyastiwari31/asdid-484/asdid_484/potassium_deficiency/potassium_deficiency_808.jpg,potassium_deficiency,5,test
/kaggle/input/datasets/shreyastiwari31/asdid-484/asdid_484/potassium_deficiency/potassium_deficiency_815.jpg,potassium_deficiency,5,test
/kaggle/input/datasets/shreyastiwari31/asdid-484/asdid_484/potassium_deficiency/potassium_deficiency_691.jpg,potassium_deficiency,5,test
/kaggle/input/datasets/shreyastiwari31/asdid-484/asdid_484/potassium_deficiency/potassium_deficiency_337.jpg,potassium_deficiency,5,test
/kaggle/input/datasets/shreyastiwari31/asdid-484/asdid_484/potassium_deficiency/potassium_deficiency_52.jpg,potassium_deficiency,5,test
/kaggle/input/datasets/shreyastiwari31/asdid-484/asdid_484/potassium_deficiency/potassium_deficiency_635.jpg,potassium_deficiency,5,test
/kaggle/input/datasets/shreyastiwari31/asdid-484/asdid_484/potassium_deficiency/potassium_deficiency_1024.jpg,potassium_deficiency,5,test
/kaggle/input/datasets/shreyastiwari31/asdid-484/asdid_484/potassium_deficiency/potassium_deficiency_668.jpg,potassium_deficiency,5,test
/kaggle/input/datasets/shreyastiwari31/asdid-484/asdid_484/potassium_deficiency/potassium_deficiency_726.jpg,potassium_deficiency,5,test
/kaggle/input/datasets/shreyastiwari31/asdid-484/asdid_484/potassium_deficiency/potassium_deficiency_916.jpg,potassium_deficiency,5,test
/kaggle/input/datasets/shreyastiwari31/asdid-484/asdid_484/potassium_deficiency/potassium_deficiency_763.jpg,potassium_deficiency,5,test
/kaggle/input/datasets/shreyastiwari31/asdid-484/asdid_484/potassium_deficiency/potassium_deficiency_829.jpg,potassium_deficiency,5,test
/kaggle/input/datasets/shreyastiwari31/asdid-484/asdid_484/potassium_deficiency/potassium_deficiency_371.jpg,potassium_deficiency,5,test
/kaggle/input/datasets/shreyastiwari31/asdid-484/asdid_484/potassium_deficiency/potassium_deficiency_625.jpg,potassium_deficiency,5,test
/kaggle/input/datasets/shreyastiwari31/asdid-484/asdid_484/potassium_deficiency/potassium_deficiency_472.jpg,potassium_deficiency,5,test
/kaggle/input/datasets/shreyastiwari31/asdid-484/asdid_484/potassium_deficiency/potassium_deficiency_187.jpg,potassium_deficiency,5,test
/kaggle/input/datasets/shreyastiwari31/asdid-484/asdid_484/potassium_deficiency/potassium_deficiency_706.jpg,potassium_deficiency,5,test
/kaggle/input/datasets/shreyastiwari31/asdid-484/asdid_484/potassium_deficiency/potassium_deficiency_40.jpg,potassium_deficiency,5,test
/kaggle/input/datasets/shreyastiwari31/asdid-484/asdid_484/potassium_deficiency/potassium_deficiency_43.jpg,potassium_deficiency,5,test
/kaggle/input/datasets/shreyastiwari31/asdid-484/asdid_484/potassium_deficiency/potassium_deficiency_1013.jpg,potassium_deficiency,5,test
/kaggle/input/datasets/shreyastiwari31/asdid-484/asdid_484/potassium_deficiency/potassium_deficiency_860.jpg,potassium_deficiency,5,test
/kaggle/input/datasets/shreyastiwari31/asdid-484/asdid_484/potassium_deficiency/potassium_deficiency_520.jpg,potassium_deficiency,5,test
/kaggle/input/datasets/shreyastiwari31/asdid-484/asdid_484/potassium_deficiency/potassium_deficiency_985.jpg,potassium_deficiency,5,test
/kaggle/input/datasets/shreyastiwari31/asdid-484/asdid_484/potassium_deficiency/potassium_deficiency_603.jpg,potassium_deficiency,5,test
/kaggle/input/datasets/shreyastiwari31/asdid-484/asdid_484/potassium_deficiency/potassium_deficiency_749.jpg,potassium_deficiency,5,test
/kaggle/input/datasets/shreyastiwari31/asdid-484/asdid_484/potassium_deficiency/potassium_deficiency_53.jpg,potassium_deficiency,5,test
/kaggle/input/datasets/shreyastiwari31/asdid-484/asdid_484/potassium_deficiency/potassium_deficiency_572.jpg,potassium_deficiency,5,test
/kaggle/input/datasets/shreyastiwari31/asdid-484/asdid_484/potassium_deficiency/potassium_deficiency_548.jpg,potassium_deficiency,5,test
/kaggle/input/datasets/shreyastiwari31/asdid-484/asdid_484/potassium_deficiency/potassium_deficiency_879.jpg,potassium_deficiency,5,test
/kaggle/input/datasets/shreyastiwari31/asdid-484/asdid_484/potassium_deficiency/potassium_deficiency_546.jpg,potassium_deficiency,5,test
/kaggle/input/datasets/shreyastiwari31/asdid-484/asdid_484/potassium_deficiency/potassium_deficiency_405.jpg,potassium_deficiency,5,test
/kaggle/input/datasets/shreyastiwari31/asdid-484/asdid_484/potassium_deficiency/potassium_deficiency_633.jpg,potassium_deficiency,5,test
/kaggle/input/datasets/shreyastiwari31/asdid-484/asdid_484/potassium_deficiency/potassium_deficiency_365.jpg,potassium_deficiency,5,test
/kaggle/input/datasets/shreyastiwari31/asdid-484/asdid_484/potassium_deficiency/potassium_deficiency_892.jpg,potassium_deficiency,5,test
/kaggle/input/datasets/shreyastiwari31/asdid-484/asdid_484/potassium_deficiency/potassium_deficiency_78.jpg,potassium_deficiency,5,test
/kaggle/input/datasets/shreyastiwari31/asdid-484/asdid_484/potassium_deficiency/potassium_deficiency_651.jpg,potassium_deficiency,5,test
/kaggle/input/datasets/shreyastiwari31/asdid-484/asdid_484/potassium_deficiency/potassium_deficiency_450.jpg,potassium_deficiency,5,test
/kaggle/input/datasets/shreyastiwari31/asdid-484/asdid_484/potassium_deficiency/potassium_deficiency_237.jpg,potassium_deficiency,5,test
/kaggle/input/datasets/shreyastiwari31/asdid-484/asdid_484/soybean_rust/soybean_rust_1094.jpg,soybean_rust,6,train
/kaggle/input/datasets/shreyastiwari31/asdid-484/asdid_484/soybean_rust/soybean_rust_1379.jpg,soybean_rust,6,train
/kaggle/input/datasets/shreyastiwari31/asdid-484/asdid_484/soybean_rust/soybean_rust_575.jpg,soybean_rust,6,train
/kaggle/input/datasets/shreyastiwari31/asdid-484/asdid_484/soybean_rust/soybean_rust_300.jpg,soybean_rust,6,train
/kaggle/input/datasets/shreyastiwari31/asdid-484/asdid_484/soybean_rust/soybean_rust_1051.jpg,soybean_rust,6,train
/kaggle/input/datasets/shreyastiwari31/asdid-484/asdid_484/soybean_rust/soybean_rust_1086.jpg,soybean_rust,6,train
/kaggle/input/datasets/shreyastiwari31/asdid-484/asdid_484/soybean_rust/soybean_rust_411.jpg,soybean_rust,6,train
/kaggle/input/datasets/shreyastiwari31/asdid-484/asdid_484/soybean_rust/soybean_rust_6.jpg,soybean_rust,6,train
/kaggle/input/datasets/shreyastiwari31/asdid-484/asdid_484/soybean_rust/soybean_rust_503.jpg,soybean_rust,6,train
/kaggle/input/datasets/shreyastiwari31/asdid-484/asdid_484/soybean_rust/soybean_rust_1208.jpg,soybean_rust,6,train
/kaggle/input/datasets/shreyastiwari31/asdid-484/asdid_484/soybean_rust/soybean_rust_629.jpg,soybean_rust,6,train
/kaggle/input/datasets/shreyastiwari31/asdid-484/asdid_484/soybean_rust/soybean_rust_1136.jpg,soybean_rust,6,train
/kaggle/input/datasets/shreyastiwari31/asdid-484/asdid_484/soybean_rust/soybean_rust_872.jpg,soybean_rust,6,train
/kaggle/input/datasets/shreyastiwari31/asdid-484/asdid_484/soybean_rust/soybean_rust_1589.jpg,soybean_rust,6,train
/kaggle/input/datasets/shreyastiwari31/asdid-484/asdid_484/soybean_rust/soybean_rust_1151.jpg,soybean_rust,6,train
/kaggle/input/datasets/shreyastiwari31/asdid-484/asdid_484/soybean_rust/soybean_rust_790.jpg,soybean_rust,6,train
/kaggle/input/datasets/shreyastiwari31/asdid-484/asdid_484/soybean_rust/soybean_rust_219.jpg,soybean_rust,6,train
/kaggle/input/datasets/shreyastiwari31/asdid-484/asdid_484/soybean_rust/soybean_rust_1002.jpg,soybean_rust,6,train
/kaggle/input/datasets/shreyastiwari31/asdid-484/asdid_484/soybean_rust/soybean_rust_673.jpg,soybean_rust,6,train
/kaggle/input/datasets/shreyastiwari31/asdid-484/asdid_484/soybean_rust/soybean_rust_1612.jpg,soybean_rust,6,train
/kaggle/input/datasets/shreyastiwari31/asdid-484/asdid_484/soybean_rust/soybean_rust_631.jpg,soybean_rust,6,train
/kaggle/input/datasets/shreyastiwari31/asdid-484/asdid_484/soybean_rust/soybean_rust_896.jpg,soybean_rust,6,train
/kaggle/input/datasets/shreyastiwari31/asdid-484/asdid_484/soybean_rust/soybean_rust_951.jpg,soybean_rust,6,train
/kaggle/input/datasets/shreyastiwari31/asdid-484/asdid_484/soybean_rust/soybean_rust_532.jpg,soybean_rust,6,train
/kaggle/input/datasets/shreyastiwari31/asdid-484/asdid_484/soybean_rust/soybean_rust_433.jpg,soybean_rust,6,train
/kaggle/input/datasets/shreyastiwari31/asdid-484/asdid_484/soybean_rust/soybean_rust_1065.jpg,soybean_rust,6,train
/kaggle/input/datasets/shreyastiwari31/asdid-484/asdid_484/soybean_rust/soybean_rust_389.jpg,soybean_rust,6,train
/kaggle/input/datasets/shreyastiwari31/asdid-484/asdid_484/soybean_rust/soybean_rust_1040.jpg,soybean_rust,6,train
/kaggle/input/datasets/shreyastiwari31/asdid-484/asdid_484/soybean_rust/soybean_rust_462.jpg,soybean_rust,6,train
/kaggle/input/datasets/shreyastiwari31/asdid-484/asdid_484/soybean_rust/soybean_rust_1384.jpg,soybean_rust,6,train
/kaggle/input/datasets/shreyastiwari31/asdid-484/asdid_484/soybean_rust/soybean_rust_819.jpg,soybean_rust,6,train
/kaggle/input/datasets/shreyastiwari31/asdid-484/asdid_484/soybean_rust/soybean_rust_925.jpg,soybean_rust,6,train
/kaggle/input/datasets/shreyastiwari31/asdid-484/asdid_484/soybean_rust/soybean_rust_1030.jpg,soybean_rust,6,train
/kaggle/input/datasets/shreyastiwari31/asdid-484/asdid_484/soybean_rust/soybean_rust_602.jpg,soybean_rust,6,train
/kaggle/input/datasets/shreyastiwari31/asdid-484/asdid_484/soybean_rust/soybean_rust_1307.jpg,soybean_rust,6,train
/kaggle/input/datasets/shreyastiwari31/asdid-484/asdid_484/soybean_rust/soybean_rust_1441.jpg,soybean_rust,6,train
/kaggle/input/datasets/shreyastiwari31/asdid-484/asdid_484/soybean_rust/soybean_rust_1215.jpg,soybean_rust,6,train
/kaggle/input/datasets/shreyastiwari31/asdid-484/asdid_484/soybean_rust/soybean_rust_1447.jpg,soybean_rust,6,train
/kaggle/input/datasets/shreyastiwari31/asdid-484/asdid_484/soybean_rust/soybean_rust_316.jpg,soybean_rust,6,train
/kaggle/input/datasets/shreyastiwari31/asdid-484/asdid_484/soybean_rust/soybean_rust_1006.jpg,soybean_rust,6,train
/kaggle/input/datasets/shreyastiwari31/asdid-484/asdid_484/soybean_rust/soybean_rust_581.jpg,soybean_rust,6,train
/kaggle/input/datasets/shreyastiwari31/asdid-484/asdid_484/soybean_rust/soybean_rust_1497.jpg,soybean_rust,6,train
/kaggle/input/datasets/shreyastiwari31/asdid-484/asdid_484/soybean_rust/soybean_rust_1054.jpg,soybean_rust,6,train
/kaggle/input/datasets/shreyastiwari31/asdid-484/asdid_484/soybean_rust/soybean_rust_1183.jpg,soybean_rust,6,train
/kaggle/input/datasets/shreyastiwari31/asdid-484/asdid_484/soybean_rust/soybean_rust_163.jpg,soybean_rust,6,train
/kaggle/input/datasets/shreyastiwari31/asdid-484/asdid_484/soybean_rust/soybean_rust_441.jpg,soybean_rust,6,train
/kaggle/input/datasets/shreyastiwari31/asdid-484/asdid_484/soybean_rust/soybean_rust_70.jpg,soybean_rust,6,train
/kaggle/input/datasets/shreyastiwari31/asdid-484/asdid_484/soybean_rust/soybean_rust_989.jpg,soybean_rust,6,train
/kaggle/input/datasets/shreyastiwari31/asdid-484/asdid_484/soybean_rust/soybean_rust_634.jpg,soybean_rust,6,train
/kaggle/input/datasets/shreyastiwari31/asdid-484/asdid_484/soybean_rust/soybean_rust_825.jpg,soybean_rust,6,train
/kaggle/input/datasets/shreyastiwari31/asdid-484/asdid_484/soybean_rust/soybean_rust_226.jpg,soybean_rust,6,train
/kaggle/input/datasets/shreyastiwari31/asdid-484/asdid_484/soybean_rust/soybean_rust_1367.jpg,soybean_rust,6,train
/kaggle/input/datasets/shreyastiwari31/asdid-484/asdid_484/soybean_rust/soybean_rust_1432.jpg,soybean_rust,6,train
/kaggle/input/datasets/shreyastiwari31/asdid-484/asdid_484/soybean_rust/soybean_rust_310.jpg,soybean_rust,6,train
/kaggle/input/datasets/shreyastiwari31/asdid-484/asdid_484/soybean_rust/soybean_rust_18.jpg,soybean_rust,6,train
/kaggle/input/datasets/shreyastiwari31/asdid-484/asdid_484/soybean_rust/soybean_rust_201.jpg,soybean_rust,6,train
/kaggle/input/datasets/shreyastiwari31/asdid-484/asdid_484/soybean_rust/soybean_rust_1474.jpg,soybean_rust,6,train
/kaggle/input/datasets/shreyastiwari31/asdid-484/asdid_484/soybean_rust/soybean_rust_938.jpg,soybean_rust,6,train
/kaggle/input/datasets/shreyastiwari31/asdid-484/asdid_484/soybean_rust/soybean_rust_543.jpg,soybean_rust,6,train
/kaggle/input/datasets/shreyastiwari31/asdid-484/asdid_484/soybean_rust/soybean_rust_967.jpg,soybean_rust,6,train
/kaggle/input/datasets/shreyastiwari31/asdid-484/asdid_484/soybean_rust/soybean_rust_1562.jpg,soybean_rust,6,train
/kaggle/input/datasets/shreyastiwari31/asdid-484/asdid_484/soybean_rust/soybean_rust_1155.jpg,soybean_rust,6,train
/kaggle/input/datasets/shreyastiwari31/asdid-484/asdid_484/soybean_rust/soybean_rust_212.jpg,soybean_rust,6,train
/kaggle/input/datasets/shreyastiwari31/asdid-484/asdid_484/soybean_rust/soybean_rust_383.jpg,soybean_rust,6,train
/kaggle/input/datasets/shreyastiwari31/asdid-484/asdid_484/soybean_rust/soybean_rust_1494.jpg,soybean_rust,6,train
/kaggle/input/datasets/shreyastiwari31/asdid-484/asdid_484/soybean_rust/soybean_rust_1345.jpg,soybean_rust,6,train
/kaggle/input/datasets/shreyastiwari31/asdid-484/asdid_484/soybean_rust/soybean_rust_184.jpg,soybean_rust,6,train
/kaggle/input/datasets/shreyastiwari31/asdid-484/asdid_484/soybean_rust/soybean_rust_1113.jpg,soybean_rust,6,train
/kaggle/input/datasets/shreyastiwari31/asdid-484/asdid_484/soybean_rust/soybean_rust_1563.jpg,soybean_rust,6,train
/kaggle/input/datasets/shreyastiwari31/asdid-484/asdid_484/soybean_rust/soybean_rust_514.jpg,soybean_rust,6,train
/kaggle/input/datasets/shreyastiwari31/asdid-484/asdid_484/soybean_rust/soybean_rust_1157.jpg,soybean_rust,6,train
/kaggle/input/datasets/shreyastiwari31/asdid-484/asdid_484/soybean_rust/soybean_rust_1530.jpg,soybean_rust,6,train
/kaggle/input/datasets/shreyastiwari31/asdid-484/asdid_484/soybean_rust/soybean_rust_230.jpg,soybean_rust,6,train
/kaggle/input/datasets/shreyastiwari31/asdid-484/asdid_484/soybean_rust/soybean_rust_135.jpg,soybean_rust,6,train
/kaggle/input/datasets/shreyastiwari31/asdid-484/asdid_484/soybean_rust/soybean_rust_1506.jpg,soybean_rust,6,train
/kaggle/input/datasets/shreyastiwari31/asdid-484/asdid_484/soybean_rust/soybean_rust_407.jpg,soybean_rust,6,train
/kaggle/input/datasets/shreyastiwari31/asdid-484/asdid_484/soybean_rust/soybean_rust_428.jpg,soybean_rust,6,train
/kaggle/input/datasets/shreyastiwari31/asdid-484/asdid_484/soybean_rust/soybean_rust_1440.jpg,soybean_rust,6,train
/kaggle/input/datasets/shreyastiwari31/asdid-484/asdid_484/soybean_rust/soybean_rust_1178.jpg,soybean_rust,6,train
/kaggle/input/datasets/shreyastiwari31/asdid-484/asdid_484/soybean_rust/soybean_rust_1173.jpg,soybean_rust,6,train
/kaggle/input/datasets/shreyastiwari31/asdid-484/asdid_484/soybean_rust/soybean_rust_471.jpg,soybean_rust,6,train
/kaggle/input/datasets/shreyastiwari31/asdid-484/asdid_484/soybean_rust/soybean_rust_242.jpg,soybean_rust,6,train
/kaggle/input/datasets/shreyastiwari31/asdid-484/asdid_484/soybean_rust/soybean_rust_1032.jpg,soybean_rust,6,train
/kaggle/input/datasets/shreyastiwari31/asdid-484/asdid_484/soybean_rust/soybean_rust_342.jpg,soybean_rust,6,train
/kaggle/input/datasets/shreyastiwari31/asdid-484/asdid_484/soybean_rust/soybean_rust_1328.jpg,soybean_rust,6,train
/kaggle/input/datasets/shreyastiwari31/asdid-484/asdid_484/soybean_rust/soybean_rust_115.jpg,soybean_rust,6,train
/kaggle/input/datasets/shreyastiwari31/asdid-484/asdid_484/soybean_rust/soybean_rust_247.jpg,soybean_rust,6,train
/kaggle/input/datasets/shreyastiwari31/asdid-484/asdid_484/soybean_rust/soybean_rust_1528.jpg,soybean_rust,6,train
/kaggle/input/datasets/shreyastiwari31/asdid-484/asdid_484/soybean_rust/soybean_rust_2.jpg,soybean_rust,6,train
/kaggle/input/datasets/shreyastiwari31/asdid-484/asdid_484/soybean_rust/soybean_rust_716.jpg,soybean_rust,6,train
/kaggle/input/datasets/shreyastiwari31/asdid-484/asdid_484/soybean_rust/soybean_rust_699.jpg,soybean_rust,6,train
/kaggle/input/datasets/shreyastiwari31/asdid-484/asdid_484/soybean_rust/soybean_rust_1192.jpg,soybean_rust,6,train
/kaggle/input/datasets/shreyastiwari31/asdid-484/asdid_484/soybean_rust/soybean_rust_102.jpg,soybean_rust,6,train
/kaggle/input/datasets/shreyastiwari31/asdid-484/asdid_484/soybean_rust/soybean_rust_254.jpg,soybean_rust,6,train
/kaggle/input/datasets/shreyastiwari31/asdid-484/asdid_484/soybean_rust/soybean_rust_275.jpg,soybean_rust,6,train
/kaggle/input/datasets/shreyastiwari31/asdid-484/asdid_484/soybean_rust/soybean_rust_667.jpg,soybean_rust,6,train
/kaggle/input/datasets/shreyastiwari31/asdid-484/asdid_484/soybean_rust/soybean_rust_718.jpg,soybean_rust,6,train
/kaggle/input/datasets/shreyastiwari31/asdid-484/asdid_484/soybean_rust/soybean_rust_913.jpg,soybean_rust,6,train
/kaggle/input/datasets/shreyastiwari31/asdid-484/asdid_484/soybean_rust/soybean_rust_384.jpg,soybean_rust,6,train
/kaggle/input/datasets/shreyastiwari31/asdid-484/asdid_484/soybean_rust/soybean_rust_1081.jpg,soybean_rust,6,train
/kaggle/input/datasets/shreyastiwari31/asdid-484/asdid_484/soybean_rust/soybean_rust_188.jpg,soybean_rust,6,train
/kaggle/input/datasets/shreyastiwari31/asdid-484/asdid_484/soybean_rust/soybean_rust_1039.jpg,soybean_rust,6,train
/kaggle/input/datasets/shreyastiwari31/asdid-484/asdid_484/soybean_rust/soybean_rust_103.jpg,soybean_rust,6,train
/kaggle/input/datasets/shreyastiwari31/asdid-484/asdid_484/soybean_rust/soybean_rust_987.jpg,soybean_rust,6,train
/kaggle/input/datasets/shreyastiwari31/asdid-484/asdid_484/soybean_rust/soybean_rust_1347.jpg,soybean_rust,6,train
/kaggle/input/datasets/shreyastiwari31/asdid-484/asdid_484/soybean_rust/soybean_rust_573.jpg,soybean_rust,6,train
/kaggle/input/datasets/shreyastiwari31/asdid-484/asdid_484/soybean_rust/soybean_rust_131.jpg,soybean_rust,6,train
/kaggle/input/datasets/shreyastiwari31/asdid-484/asdid_484/soybean_rust/soybean_rust_1262.jpg,soybean_rust,6,train
/kaggle/input/datasets/shreyastiwari31/asdid-484/asdid_484/soybean_rust/soybean_rust_419.jpg,soybean_rust,6,train
/kaggle/input/datasets/shreyastiwari31/asdid-484/asdid_484/soybean_rust/soybean_rust_912.jpg,soybean_rust,6,train
/kaggle/input/datasets/shreyastiwari31/asdid-484/asdid_484/soybean_rust/soybean_rust_463.jpg,soybean_rust,6,train
/kaggle/input/datasets/shreyastiwari31/asdid-484/asdid_484/soybean_rust/soybean_rust_890.jpg,soybean_rust,6,train
/kaggle/input/datasets/shreyastiwari31/asdid-484/asdid_484/soybean_rust/soybean_rust_583.jpg,soybean_rust,6,train
/kaggle/input/datasets/shreyastiwari31/asdid-484/asdid_484/soybean_rust/soybean_rust_126.jpg,soybean_rust,6,train
/kaggle/input/datasets/shreyastiwari31/asdid-484/asdid_484/soybean_rust/soybean_rust_480.jpg,soybean_rust,6,train
/kaggle/input/datasets/shreyastiwari31/asdid-484/asdid_484/soybean_rust/soybean_rust_1360.jpg,soybean_rust,6,train
/kaggle/input/datasets/shreyastiwari31/asdid-484/asdid_484/soybean_rust/soybean_rust_1601.jpg,soybean_rust,6,train
/kaggle/input/datasets/shreyastiwari31/asdid-484/asdid_484/soybean_rust/soybean_rust_169.jpg,soybean_rust,6,train
/kaggle/input/datasets/shreyastiwari31/asdid-484/asdid_484/soybean_rust/soybean_rust_139.jpg,soybean_rust,6,train
/kaggle/input/datasets/shreyastiwari31/asdid-484/asdid_484/soybean_rust/soybean_rust_743.jpg,soybean_rust,6,train
/kaggle/input/datasets/shreyastiwari31/asdid-484/asdid_484/soybean_rust/soybean_rust_870.jpg,soybean_rust,6,train
/kaggle/input/datasets/shreyastiwari31/asdid-484/asdid_484/soybean_rust/soybean_rust_1153.jpg,soybean_rust,6,train
/kaggle/input/datasets/shreyastiwari31/asdid-484/asdid_484/soybean_rust/soybean_rust_1029.jpg,soybean_rust,6,train
/kaggle/input/datasets/shreyastiwari31/asdid-484/asdid_484/soybean_rust/soybean_rust_442.jpg,soybean_rust,6,train
/kaggle/input/datasets/shreyastiwari31/asdid-484/asdid_484/soybean_rust/soybean_rust_1470.jpg,soybean_rust,6,train
/kaggle/input/datasets/shreyastiwari31/asdid-484/asdid_484/soybean_rust/soybean_rust_578.jpg,soybean_rust,6,train
/kaggle/input/datasets/shreyastiwari31/asdid-484/asdid_484/soybean_rust/soybean_rust_83.jpg,soybean_rust,6,train
/kaggle/input/datasets/shreyastiwari31/asdid-484/asdid_484/soybean_rust/soybean_rust_677.jpg,soybean_rust,6,train
/kaggle/input/datasets/shreyastiwari31/asdid-484/asdid_484/soybean_rust/soybean_rust_156.jpg,soybean_rust,6,train
/kaggle/input/datasets/shreyastiwari31/asdid-484/asdid_484/soybean_rust/soybean_rust_1162.jpg,soybean_rust,6,train
/kaggle/input/datasets/shreyastiwari31/asdid-484/asdid_484/soybean_rust/soybean_rust_162.jpg,soybean_rust,6,train
/kaggle/input/datasets/shreyastiwari31/asdid-484/asdid_484/soybean_rust/soybean_rust_1611.jpg,soybean_rust,6,train
/kaggle/input/datasets/shreyastiwari31/asdid-484/asdid_484/soybean_rust/soybean_rust_136.jpg,soybean_rust,6,train
/kaggle/input/datasets/shreyastiwari31/asdid-484/asdid_484/soybean_rust/soybean_rust_215.jpg,soybean_rust,6,train
/kaggle/input/datasets/shreyastiwari31/asdid-484/asdid_484/soybean_rust/soybean_rust_757.jpg,soybean_rust,6,train
/kaggle/input/datasets/shreyastiwari31/asdid-484/asdid_484/soybean_rust/soybean_rust_415.jpg,soybean_rust,6,train
/kaggle/input/datasets/shreyastiwari31/asdid-484/asdid_484/soybean_rust/soybean_rust_814.jpg,soybean_rust,6,train
/kaggle/input/datasets/shreyastiwari31/asdid-484/asdid_484/soybean_rust/soybean_rust_1141.jpg,soybean_rust,6,train
/kaggle/input/datasets/shreyastiwari31/asdid-484/asdid_484/soybean_rust/soybean_rust_697.jpg,soybean_rust,6,train
/kaggle/input/datasets/shreyastiwari31/asdid-484/asdid_484/soybean_rust/soybean_rust_203.jpg,soybean_rust,6,train
/kaggle/input/datasets/shreyastiwari31/asdid-484/asdid_484/soybean_rust/soybean_rust_590.jpg,soybean_rust,6,train
/kaggle/input/datasets/shreyastiwari31/asdid-484/asdid_484/soybean_rust/soybean_rust_1118.jpg,soybean_rust,6,train
/kaggle/input/datasets/shreyastiwari31/asdid-484/asdid_484/soybean_rust/soybean_rust_593.jpg,soybean_rust,6,train
/kaggle/input/datasets/shreyastiwari31/asdid-484/asdid_484/soybean_rust/soybean_rust_906.jpg,soybean_rust,6,train
/kaggle/input/datasets/shreyastiwari31/asdid-484/asdid_484/soybean_rust/soybean_rust_922.jpg,soybean_rust,6,train
/kaggle/input/datasets/shreyastiwari31/asdid-484/asdid_484/soybean_rust/soybean_rust_1079.jpg,soybean_rust,6,train
/kaggle/input/datasets/shreyastiwari31/asdid-484/asdid_484/soybean_rust/soybean_rust_1274.jpg,soybean_rust,6,train
/kaggle/input/datasets/shreyastiwari31/asdid-484/asdid_484/soybean_rust/soybean_rust_815.jpg,soybean_rust,6,train
/kaggle/input/datasets/shreyastiwari31/asdid-484/asdid_484/soybean_rust/soybean_rust_376.jpg,soybean_rust,6,train
/kaggle/input/datasets/shreyastiwari31/asdid-484/asdid_484/soybean_rust/soybean_rust_1282.jpg,soybean_rust,6,train
/kaggle/input/datasets/shreyastiwari31/asdid-484/asdid_484/soybean_rust/soybean_rust_190.jpg,soybean_rust,6,train
/kaggle/input/datasets/shreyastiwari31/asdid-484/asdid_484/soybean_rust/soybean_rust_167.jpg,soybean_rust,6,train
/kaggle/input/datasets/shreyastiwari31/asdid-484/asdid_484/soybean_rust/soybean_rust_1436.jpg,soybean_rust,6,train
/kaggle/input/datasets/shreyastiwari31/asdid-484/asdid_484/soybean_rust/soybean_rust_804.jpg,soybean_rust,6,train
/kaggle/input/datasets/shreyastiwari31/asdid-484/asdid_484/soybean_rust/soybean_rust_182.jpg,soybean_rust,6,train
/kaggle/input/datasets/shreyastiwari31/asdid-484/asdid_484/soybean_rust/soybean_rust_262.jpg,soybean_rust,6,train
/kaggle/input/datasets/shreyastiwari31/asdid-484/asdid_484/soybean_rust/soybean_rust_1515.jpg,soybean_rust,6,train
/kaggle/input/datasets/shreyastiwari31/asdid-484/asdid_484/soybean_rust/soybean_rust_1117.jpg,soybean_rust,6,train
/kaggle/input/datasets/shreyastiwari31/asdid-484/asdid_484/soybean_rust/soybean_rust_1217.jpg,soybean_rust,6,train
/kaggle/input/datasets/shreyastiwari31/asdid-484/asdid_484/soybean_rust/soybean_rust_929.jpg,soybean_rust,6,train
/kaggle/input/datasets/shreyastiwari31/asdid-484/asdid_484/soybean_rust/soybean_rust_1134.jpg,soybean_rust,6,train
/kaggle/input/datasets/shreyastiwari31/asdid-484/asdid_484/soybean_rust/soybean_rust_1469.jpg,soybean_rust,6,train
/kaggle/input/datasets/shreyastiwari31/asdid-484/asdid_484/soybean_rust/soybean_rust_1225.jpg,soybean_rust,6,train
/kaggle/input/datasets/shreyastiwari31/asdid-484/asdid_484/soybean_rust/soybean_rust_1568.jpg,soybean_rust,6,train
/kaggle/input/datasets/shreyastiwari31/asdid-484/asdid_484/soybean_rust/soybean_rust_1520.jpg,soybean_rust,6,train
/kaggle/input/datasets/shreyastiwari31/asdid-484/asdid_484/soybean_rust/soybean_rust_546.jpg,soybean_rust,6,train
/kaggle/input/datasets/shreyastiwari31/asdid-484/asdid_484/soybean_rust/soybean_rust_722.jpg,soybean_rust,6,train
/kaggle/input/datasets/shreyastiwari31/asdid-484/asdid_484/soybean_rust/soybean_rust_761.jpg,soybean_rust,6,train
/kaggle/input/datasets/shreyastiwari31/asdid-484/asdid_484/soybean_rust/soybean_rust_1333.jpg,soybean_rust,6,train
/kaggle/input/datasets/shreyastiwari31/asdid-484/asdid_484/soybean_rust/soybean_rust_1235.jpg,soybean_rust,6,train
/kaggle/input/datasets/shreyastiwari31/asdid-484/asdid_484/soybean_rust/soybean_rust_942.jpg,soybean_rust,6,train
/kaggle/input/datasets/shreyastiwari31/asdid-484/asdid_484/soybean_rust/soybean_rust_1473.jpg,soybean_rust,6,train
/kaggle/input/datasets/shreyastiwari31/asdid-484/asdid_484/soybean_rust/soybean_rust_1237.jpg,soybean_rust,6,train
/kaggle/input/datasets/shreyastiwari31/asdid-484/asdid_484/soybean_rust/soybean_rust_1306.jpg,soybean_rust,6,train
/kaggle/input/datasets/shreyastiwari31/asdid-484/asdid_484/soybean_rust/soybean_rust_257.jpg,soybean_rust,6,train
/kaggle/input/datasets/shreyastiwari31/asdid-484/asdid_484/soybean_rust/soybean_rust_175.jpg,soybean_rust,6,train
/kaggle/input/datasets/shreyastiwari31/asdid-484/asdid_484/soybean_rust/soybean_rust_661.jpg,soybean_rust,6,train
/kaggle/input/datasets/shreyastiwari31/asdid-484/asdid_484/soybean_rust/soybean_rust_259.jpg,soybean_rust,6,train
/kaggle/input/datasets/shreyastiwari31/asdid-484/asdid_484/soybean_rust/soybean_rust_44.jpg,soybean_rust,6,train
/kaggle/input/datasets/shreyastiwari31/asdid-484/asdid_484/soybean_rust/soybean_rust_923.jpg,soybean_rust,6,train
/kaggle/input/datasets/shreyastiwari31/asdid-484/asdid_484/soybean_rust/soybean_rust_905.jpg,soybean_rust,6,train
/kaggle/input/datasets/shreyastiwari31/asdid-484/asdid_484/soybean_rust/soybean_rust_315.jpg,soybean_rust,6,train
/kaggle/input/datasets/shreyastiwari31/asdid-484/asdid_484/soybean_rust/soybean_rust_1595.jpg,soybean_rust,6,train
/kaggle/input/datasets/shreyastiwari31/asdid-484/asdid_484/soybean_rust/soybean_rust_861.jpg,soybean_rust,6,train
/kaggle/input/datasets/shreyastiwari31/asdid-484/asdid_484/soybean_rust/soybean_rust_90.jpg,soybean_rust,6,train
/kaggle/input/datasets/shreyastiwari31/asdid-484/asdid_484/soybean_rust/soybean_rust_1167.jpg,soybean_rust,6,train
/kaggle/input/datasets/shreyastiwari31/asdid-484/asdid_484/soybean_rust/soybean_rust_117.jpg,soybean_rust,6,train
/kaggle/input/datasets/shreyastiwari31/asdid-484/asdid_484/soybean_rust/soybean_rust_886.jpg,soybean_rust,6,train
/kaggle/input/datasets/shreyastiwari31/asdid-484/asdid_484/soybean_rust/soybean_rust_1052.jpg,soybean_rust,6,train
/kaggle/input/datasets/shreyastiwari31/asdid-484/asdid_484/soybean_rust/soybean_rust_444.jpg,soybean_rust,6,train
/kaggle/input/datasets/shreyastiwari31/asdid-484/asdid_484/soybean_rust/soybean_rust_571.jpg,soybean_rust,6,train
/kaggle/input/datasets/shreyastiwari31/asdid-484/asdid_484/soybean_rust/soybean_rust_1321.jpg,soybean_rust,6,train
/kaggle/input/datasets/shreyastiwari31/asdid-484/asdid_484/soybean_rust/soybean_rust_666.jpg,soybean_rust,6,train
/kaggle/input/datasets/shreyastiwari31/asdid-484/asdid_484/soybean_rust/soybean_rust_653.jpg,soybean_rust,6,train
/kaggle/input/datasets/shreyastiwari31/asdid-484/asdid_484/soybean_rust/soybean_rust_651.jpg,soybean_rust,6,train
/kaggle/input/datasets/shreyastiwari31/asdid-484/asdid_484/soybean_rust/soybean_rust_417.jpg,soybean_rust,6,train
/kaggle/input/datasets/shreyastiwari31/asdid-484/asdid_484/soybean_rust/soybean_rust_295.jpg,soybean_rust,6,train
/kaggle/input/datasets/shreyastiwari31/asdid-484/asdid_484/soybean_rust/soybean_rust_297.jpg,soybean_rust,6,train
/kaggle/input/datasets/shreyastiwari31/asdid-484/asdid_484/soybean_rust/soybean_rust_191.jpg,soybean_rust,6,train
/kaggle/input/datasets/shreyastiwari31/asdid-484/asdid_484/soybean_rust/soybean_rust_85.jpg,soybean_rust,6,train
/kaggle/input/datasets/shreyastiwari31/asdid-484/asdid_484/soybean_rust/soybean_rust_1185.jpg,soybean_rust,6,train
/kaggle/input/datasets/shreyastiwari31/asdid-484/asdid_484/soybean_rust/soybean_rust_1089.jpg,soybean_rust,6,train
/kaggle/input/datasets/shreyastiwari31/asdid-484/asdid_484/soybean_rust/soybean_rust_1620.jpg,soybean_rust,6,train
/kaggle/input/datasets/shreyastiwari31/asdid-484/asdid_484/soybean_rust/soybean_rust_958.jpg,soybean_rust,6,train
/kaggle/input/datasets/shreyastiwari31/asdid-484/asdid_484/soybean_rust/soybean_rust_1519.jpg,soybean_rust,6,train
/kaggle/input/datasets/shreyastiwari31/asdid-484/asdid_484/soybean_rust/soybean_rust_899.jpg,soybean_rust,6,train
/kaggle/input/datasets/shreyastiwari31/asdid-484/asdid_484/soybean_rust/soybean_rust_837.jpg,soybean_rust,6,train
/kaggle/input/datasets/shreyastiwari31/asdid-484/asdid_484/soybean_rust/soybean_rust_588.jpg,soybean_rust,6,train
/kaggle/input/datasets/shreyastiwari31/asdid-484/asdid_484/soybean_rust/soybean_rust_1164.jpg,soybean_rust,6,train
/kaggle/input/datasets/shreyastiwari31/asdid-484/asdid_484/soybean_rust/soybean_rust_422.jpg,soybean_rust,6,train
/kaggle/input/datasets/shreyastiwari31/asdid-484/asdid_484/soybean_rust/soybean_rust_1542.jpg,soybean_rust,6,train
/kaggle/input/datasets/shreyastiwari31/asdid-484/asdid_484/soybean_rust/soybean_rust_440.jpg,soybean_rust,6,train
/kaggle/input/datasets/shreyastiwari31/asdid-484/asdid_484/soybean_rust/soybean_rust_435.jpg,soybean_rust,6,train
/kaggle/input/datasets/shreyastiwari31/asdid-484/asdid_484/soybean_rust/soybean_rust_613.jpg,soybean_rust,6,train
/kaggle/input/datasets/shreyastiwari31/asdid-484/asdid_484/soybean_rust/soybean_rust_1317.jpg,soybean_rust,6,train
/kaggle/input/datasets/shreyastiwari31/asdid-484/asdid_484/soybean_rust/soybean_rust_849.jpg,soybean_rust,6,train
/kaggle/input/datasets/shreyastiwari31/asdid-484/asdid_484/soybean_rust/soybean_rust_604.jpg,soybean_rust,6,train
/kaggle/input/datasets/shreyastiwari31/asdid-484/asdid_484/soybean_rust/soybean_rust_565.jpg,soybean_rust,6,train
/kaggle/input/datasets/shreyastiwari31/asdid-484/asdid_484/soybean_rust/soybean_rust_808.jpg,soybean_rust,6,train
/kaggle/input/datasets/shreyastiwari31/asdid-484/asdid_484/soybean_rust/soybean_rust_277.jpg,soybean_rust,6,train
/kaggle/input/datasets/shreyastiwari31/asdid-484/asdid_484/soybean_rust/soybean_rust_40.jpg,soybean_rust,6,train
/kaggle/input/datasets/shreyastiwari31/asdid-484/asdid_484/soybean_rust/soybean_rust_1463.jpg,soybean_rust,6,train
/kaggle/input/datasets/shreyastiwari31/asdid-484/asdid_484/soybean_rust/soybean_rust_943.jpg,soybean_rust,6,train
/kaggle/input/datasets/shreyastiwari31/asdid-484/asdid_484/soybean_rust/soybean_rust_1414.jpg,soybean_rust,6,train
/kaggle/input/datasets/shreyastiwari31/asdid-484/asdid_484/soybean_rust/soybean_rust_1265.jpg,soybean_rust,6,train
/kaggle/input/datasets/shreyastiwari31/asdid-484/asdid_484/soybean_rust/soybean_rust_524.jpg,soybean_rust,6,train
/kaggle/input/datasets/shreyastiwari31/asdid-484/asdid_484/soybean_rust/soybean_rust_934.jpg,soybean_rust,6,train
/kaggle/input/datasets/shreyastiwari31/asdid-484/asdid_484/soybean_rust/soybean_rust_244.jpg,soybean_rust,6,train
/kaggle/input/datasets/shreyastiwari31/asdid-484/asdid_484/soybean_rust/soybean_rust_868.jpg,soybean_rust,6,train
/kaggle/input/datasets/shreyastiwari31/asdid-484/asdid_484/soybean_rust/soybean_rust_888.jpg,soybean_rust,6,train
/kaggle/input/datasets/shreyastiwari31/asdid-484/asdid_484/soybean_rust/soybean_rust_223.jpg,soybean_rust,6,train
/kaggle/input/datasets/shreyastiwari31/asdid-484/asdid_484/soybean_rust/soybean_rust_1415.jpg,soybean_rust,6,train
/kaggle/input/datasets/shreyastiwari31/asdid-484/asdid_484/soybean_rust/soybean_rust_1335.jpg,soybean_rust,6,train
/kaggle/input/datasets/shreyastiwari31/asdid-484/asdid_484/soybean_rust/soybean_rust_133.jpg,soybean_rust,6,train
/kaggle/input/datasets/shreyastiwari31/asdid-484/asdid_484/soybean_rust/soybean_rust_50.jpg,soybean_rust,6,train
/kaggle/input/datasets/shreyastiwari31/asdid-484/asdid_484/soybean_rust/soybean_rust_1059.jpg,soybean_rust,6,train
/kaggle/input/datasets/shreyastiwari31/asdid-484/asdid_484/soybean_rust/soybean_rust_1087.jpg,soybean_rust,6,train
/kaggle/input/datasets/shreyastiwari31/asdid-484/asdid_484/soybean_rust/soybean_rust_1070.jpg,soybean_rust,6,train
/kaggle/input/datasets/shreyastiwari31/asdid-484/asdid_484/soybean_rust/soybean_rust_1189.jpg,soybean_rust,6,train
/kaggle/input/datasets/shreyastiwari31/asdid-484/asdid_484/soybean_rust/soybean_rust_56.jpg,soybean_rust,6,train
/kaggle/input/datasets/shreyastiwari31/asdid-484/asdid_484/soybean_rust/soybean_rust_703.jpg,soybean_rust,6,train
/kaggle/input/datasets/shreyastiwari31/asdid-484/asdid_484/soybean_rust/soybean_rust_850.jpg,soybean_rust,6,train
/kaggle/input/datasets/shreyastiwari31/asdid-484/asdid_484/soybean_rust/soybean_rust_475.jpg,soybean_rust,6,train
/kaggle/input/datasets/shreyastiwari31/asdid-484/asdid_484/soybean_rust/soybean_rust_252.jpg,soybean_rust,6,train
/kaggle/input/datasets/shreyastiwari31/asdid-484/asdid_484/soybean_rust/soybean_rust_1005.jpg,soybean_rust,6,train
/kaggle/input/datasets/shreyastiwari31/asdid-484/asdid_484/soybean_rust/soybean_rust_426.jpg,soybean_rust,6,train
/kaggle/input/datasets/shreyastiwari31/asdid-484/asdid_484/soybean_rust/soybean_rust_362.jpg,soybean_rust,6,train
/kaggle/input/datasets/shreyastiwari31/asdid-484/asdid_484/soybean_rust/soybean_rust_1269.jpg,soybean_rust,6,train
/kaggle/input/datasets/shreyastiwari31/asdid-484/asdid_484/soybean_rust/soybean_rust_1223.jpg,soybean_rust,6,train
/kaggle/input/datasets/shreyastiwari31/asdid-484/asdid_484/soybean_rust/soybean_rust_1290.jpg,soybean_rust,6,train
/kaggle/input/datasets/shreyastiwari31/asdid-484/asdid_484/soybean_rust/soybean_rust_867.jpg,soybean_rust,6,train
/kaggle/input/datasets/shreyastiwari31/asdid-484/asdid_484/soybean_rust/soybean_rust_403.jpg,soybean_rust,6,train
/kaggle/input/datasets/shreyastiwari31/asdid-484/asdid_484/soybean_rust/soybean_rust_1489.jpg,soybean_rust,6,train
/kaggle/input/datasets/shreyastiwari31/asdid-484/asdid_484/soybean_rust/soybean_rust_1604.jpg,soybean_rust,6,train
/kaggle/input/datasets/shreyastiwari31/asdid-484/asdid_484/soybean_rust/soybean_rust_318.jpg,soybean_rust,6,train
/kaggle/input/datasets/shreyastiwari31/asdid-484/asdid_484/soybean_rust/soybean_rust_305.jpg,soybean_rust,6,train
/kaggle/input/datasets/shreyastiwari31/asdid-484/asdid_484/soybean_rust/soybean_rust_817.jpg,soybean_rust,6,train
/kaggle/input/datasets/shreyastiwari31/asdid-484/asdid_484/soybean_rust/soybean_rust_1399.jpg,soybean_rust,6,train
/kaggle/input/datasets/shreyastiwari31/asdid-484/asdid_484/soybean_rust/soybean_rust_456.jpg,soybean_rust,6,train
/kaggle/input/datasets/shreyastiwari31/asdid-484/asdid_484/soybean_rust/soybean_rust_1097.jpg,soybean_rust,6,train
/kaggle/input/datasets/shreyastiwari31/asdid-484/asdid_484/soybean_rust/soybean_rust_1359.jpg,soybean_rust,6,train
/kaggle/input/datasets/shreyastiwari31/asdid-484/asdid_484/soybean_rust/soybean_rust_818.jpg,soybean_rust,6,train
/kaggle/input/datasets/shreyastiwari31/asdid-484/asdid_484/soybean_rust/soybean_rust_1111.jpg,soybean_rust,6,train
/kaggle/input/datasets/shreyastiwari31/asdid-484/asdid_484/soybean_rust/soybean_rust_490.jpg,soybean_rust,6,train
/kaggle/input/datasets/shreyastiwari31/asdid-484/asdid_484/soybean_rust/soybean_rust_1278.jpg,soybean_rust,6,train
/kaggle/input/datasets/shreyastiwari31/asdid-484/asdid_484/soybean_rust/soybean_rust_194.jpg,soybean_rust,6,train
/kaggle/input/datasets/shreyastiwari31/asdid-484/asdid_484/soybean_rust/soybean_rust_158.jpg,soybean_rust,6,train
/kaggle/input/datasets/shreyastiwari31/asdid-484/asdid_484/soybean_rust/soybean_rust_1535.jpg,soybean_rust,6,train
/kaggle/input/datasets/shreyastiwari31/asdid-484/asdid_484/soybean_rust/soybean_rust_1339.jpg,soybean_rust,6,train
/kaggle/input/datasets/shreyastiwari31/asdid-484/asdid_484/soybean_rust/soybean_rust_735.jpg,soybean_rust,6,train
/kaggle/input/datasets/shreyastiwari31/asdid-484/asdid_484/soybean_rust/soybean_rust_22.jpg,soybean_rust,6,train
/kaggle/input/datasets/shreyastiwari31/asdid-484/asdid_484/soybean_rust/soybean_rust_1407.jpg,soybean_rust,6,train
/kaggle/input/datasets/shreyastiwari31/asdid-484/asdid_484/soybean_rust/soybean_rust_1042.jpg,soybean_rust,6,train
/kaggle/input/datasets/shreyastiwari31/asdid-484/asdid_484/soybean_rust/soybean_rust_1498.jpg,soybean_rust,6,train
/kaggle/input/datasets/shreyastiwari31/asdid-484/asdid_484/soybean_rust/soybean_rust_404.jpg,soybean_rust,6,train
/kaggle/input/datasets/shreyastiwari31/asdid-484/asdid_484/soybean_rust/soybean_rust_1516.jpg,soybean_rust,6,train
/kaggle/input/datasets/shreyastiwari31/asdid-484/asdid_484/soybean_rust/soybean_rust_423.jpg,soybean_rust,6,train
/kaggle/input/datasets/shreyastiwari31/asdid-484/asdid_484/soybean_rust/soybean_rust_949.jpg,soybean_rust,6,train
/kaggle/input/datasets/shreyastiwari31/asdid-484/asdid_484/soybean_rust/soybean_rust_197.jpg,soybean_rust,6,train
/kaggle/input/datasets/shreyastiwari31/asdid-484/asdid_484/soybean_rust/soybean_rust_89.jpg,soybean_rust,6,train
/kaggle/input/datasets/shreyastiwari31/asdid-484/asdid_484/soybean_rust/soybean_rust_1074.jpg,soybean_rust,6,train
/kaggle/input/datasets/shreyastiwari31/asdid-484/asdid_484/soybean_rust/soybean_rust_1526.jpg,soybean_rust,6,train
/kaggle/input/datasets/shreyastiwari31/asdid-484/asdid_484/soybean_rust/soybean_rust_286.jpg,soybean_rust,6,train
/kaggle/input/datasets/shreyastiwari31/asdid-484/asdid_484/soybean_rust/soybean_rust_617.jpg,soybean_rust,6,train
/kaggle/input/datasets/shreyastiwari31/asdid-484/asdid_484/soybean_rust/soybean_rust_71.jpg,soybean_rust,6,train
/kaggle/input/datasets/shreyastiwari31/asdid-484/asdid_484/soybean_rust/soybean_rust_159.jpg,soybean_rust,6,train
/kaggle/input/datasets/shreyastiwari31/asdid-484/asdid_484/soybean_rust/soybean_rust_996.jpg,soybean_rust,6,train
/kaggle/input/datasets/shreyastiwari31/asdid-484/asdid_484/soybean_rust/soybean_rust_346.jpg,soybean_rust,6,train
/kaggle/input/datasets/shreyastiwari31/asdid-484/asdid_484/soybean_rust/soybean_rust_1602.jpg,soybean_rust,6,train
/kaggle/input/datasets/shreyastiwari31/asdid-484/asdid_484/soybean_rust/soybean_rust_582.jpg,soybean_rust,6,train
/kaggle/input/datasets/shreyastiwari31/asdid-484/asdid_484/soybean_rust/soybean_rust_418.jpg,soybean_rust,6,train
/kaggle/input/datasets/shreyastiwari31/asdid-484/asdid_484/soybean_rust/soybean_rust_1231.jpg,soybean_rust,6,train
/kaggle/input/datasets/shreyastiwari31/asdid-484/asdid_484/soybean_rust/soybean_rust_508.jpg,soybean_rust,6,train
/kaggle/input/datasets/shreyastiwari31/asdid-484/asdid_484/soybean_rust/soybean_rust_11.jpg,soybean_rust,6,train
/kaggle/input/datasets/shreyastiwari31/asdid-484/asdid_484/soybean_rust/soybean_rust_540.jpg,soybean_rust,6,train
/kaggle/input/datasets/shreyastiwari31/asdid-484/asdid_484/soybean_rust/soybean_rust_1197.jpg,soybean_rust,6,train
/kaggle/input/datasets/shreyastiwari31/asdid-484/asdid_484/soybean_rust/soybean_rust_132.jpg,soybean_rust,6,train
/kaggle/input/datasets/shreyastiwari31/asdid-484/asdid_484/soybean_rust/soybean_rust_585.jpg,soybean_rust,6,train
/kaggle/input/datasets/shreyastiwari31/asdid-484/asdid_484/soybean_rust/soybean_rust_1479.jpg,soybean_rust,6,train
/kaggle/input/datasets/shreyastiwari31/asdid-484/asdid_484/soybean_rust/soybean_rust_788.jpg,soybean_rust,6,train
/kaggle/input/datasets/shreyastiwari31/asdid-484/asdid_484/soybean_rust/soybean_rust_694.jpg,soybean_rust,6,train
/kaggle/input/datasets/shreyastiwari31/asdid-484/asdid_484/soybean_rust/soybean_rust_852.jpg,soybean_rust,6,train
/kaggle/input/datasets/shreyastiwari31/asdid-484/asdid_484/soybean_rust/soybean_rust_354.jpg,soybean_rust,6,train
/kaggle/input/datasets/shreyastiwari31/asdid-484/asdid_484/soybean_rust/soybean_rust_1425.jpg,soybean_rust,6,train
/kaggle/input/datasets/shreyastiwari31/asdid-484/asdid_484/soybean_rust/soybean_rust_882.jpg,soybean_rust,6,train
/kaggle/input/datasets/shreyastiwari31/asdid-484/asdid_484/soybean_rust/soybean_rust_855.jpg,soybean_rust,6,train
/kaggle/input/datasets/shreyastiwari31/asdid-484/asdid_484/soybean_rust/soybean_rust_1403.jpg,soybean_rust,6,train
/kaggle/input/datasets/shreyastiwari31/asdid-484/asdid_484/soybean_rust/soybean_rust_665.jpg,soybean_rust,6,train
/kaggle/input/datasets/shreyastiwari31/asdid-484/asdid_484/soybean_rust/soybean_rust_396.jpg,soybean_rust,6,train
/kaggle/input/datasets/shreyastiwari31/asdid-484/asdid_484/soybean_rust/soybean_rust_96.jpg,soybean_rust,6,train
/kaggle/input/datasets/shreyastiwari31/asdid-484/asdid_484/soybean_rust/soybean_rust_811.jpg,soybean_rust,6,train
/kaggle/input/datasets/shreyastiwari31/asdid-484/asdid_484/soybean_rust/soybean_rust_1055.jpg,soybean_rust,6,train
/kaggle/input/datasets/shreyastiwari31/asdid-484/asdid_484/soybean_rust/soybean_rust_327.jpg,soybean_rust,6,train
/kaggle/input/datasets/shreyastiwari31/asdid-484/asdid_484/soybean_rust/soybean_rust_1121.jpg,soybean_rust,6,train
/kaggle/input/datasets/shreyastiwari31/asdid-484/asdid_484/soybean_rust/soybean_rust_521.jpg,soybean_rust,6,train
/kaggle/input/datasets/shreyastiwari31/asdid-484/asdid_484/soybean_rust/soybean_rust_1502.jpg,soybean_rust,6,train
/kaggle/input/datasets/shreyastiwari31/asdid-484/asdid_484/soybean_rust/soybean_rust_195.jpg,soybean_rust,6,train
/kaggle/input/datasets/shreyastiwari31/asdid-484/asdid_484/soybean_rust/soybean_rust_801.jpg,soybean_rust,6,train
/kaggle/input/datasets/shreyastiwari31/asdid-484/asdid_484/soybean_rust/soybean_rust_1110.jpg,soybean_rust,6,train
/kaggle/input/datasets/shreyastiwari31/asdid-484/asdid_484/soybean_rust/soybean_rust_1258.jpg,soybean_rust,6,train
/kaggle/input/datasets/shreyastiwari31/asdid-484/asdid_484/soybean_rust/soybean_rust_736.jpg,soybean_rust,6,train
/kaggle/input/datasets/shreyastiwari31/asdid-484/asdid_484/soybean_rust/soybean_rust_1076.jpg,soybean_rust,6,train
/kaggle/input/datasets/shreyastiwari31/asdid-484/asdid_484/soybean_rust/soybean_rust_256.jpg,soybean_rust,6,train
/kaggle/input/datasets/shreyastiwari31/asdid-484/asdid_484/soybean_rust/soybean_rust_656.jpg,soybean_rust,6,train
/kaggle/input/datasets/shreyastiwari31/asdid-484/asdid_484/soybean_rust/soybean_rust_1585.jpg,soybean_rust,6,train
/kaggle/input/datasets/shreyastiwari31/asdid-484/asdid_484/soybean_rust/soybean_rust_81.jpg,soybean_rust,6,train
/kaggle/input/datasets/shreyastiwari31/asdid-484/asdid_484/soybean_rust/soybean_rust_79.jpg,soybean_rust,6,train
/kaggle/input/datasets/shreyastiwari31/asdid-484/asdid_484/soybean_rust/soybean_rust_1120.jpg,soybean_rust,6,train
/kaggle/input/datasets/shreyastiwari31/asdid-484/asdid_484/soybean_rust/soybean_rust_105.jpg,soybean_rust,6,train
/kaggle/input/datasets/shreyastiwari31/asdid-484/asdid_484/soybean_rust/soybean_rust_1101.jpg,soybean_rust,6,train
/kaggle/input/datasets/shreyastiwari31/asdid-484/asdid_484/soybean_rust/soybean_rust_1464.jpg,soybean_rust,6,train
/kaggle/input/datasets/shreyastiwari31/asdid-484/asdid_484/soybean_rust/soybean_rust_1337.jpg,soybean_rust,6,train
/kaggle/input/datasets/shreyastiwari31/asdid-484/asdid_484/soybean_rust/soybean_rust_940.jpg,soybean_rust,6,train
/kaggle/input/datasets/shreyastiwari31/asdid-484/asdid_484/soybean_rust/soybean_rust_394.jpg,soybean_rust,6,train
/kaggle/input/datasets/shreyastiwari31/asdid-484/asdid_484/soybean_rust/soybean_rust_733.jpg,soybean_rust,6,train
/kaggle/input/datasets/shreyastiwari31/asdid-484/asdid_484/soybean_rust/soybean_rust_165.jpg,soybean_rust,6,train
/kaggle/input/datasets/shreyastiwari31/asdid-484/asdid_484/soybean_rust/soybean_rust_637.jpg,soybean_rust,6,train
/kaggle/input/datasets/shreyastiwari31/asdid-484/asdid_484/soybean_rust/soybean_rust_110.jpg,soybean_rust,6,train
/kaggle/input/datasets/shreyastiwari31/asdid-484/asdid_484/soybean_rust/soybean_rust_99.jpg,soybean_rust,6,train
/kaggle/input/datasets/shreyastiwari31/asdid-484/asdid_484/soybean_rust/soybean_rust_1396.jpg,soybean_rust,6,val
/kaggle/input/datasets/shreyastiwari31/asdid-484/asdid_484/soybean_rust/soybean_rust_1533.jpg,soybean_rust,6,val
/kaggle/input/datasets/shreyastiwari31/asdid-484/asdid_484/soybean_rust/soybean_rust_1362.jpg,soybean_rust,6,val
/kaggle/input/datasets/shreyastiwari31/asdid-484/asdid_484/soybean_rust/soybean_rust_320.jpg,soybean_rust,6,val
/kaggle/input/datasets/shreyastiwari31/asdid-484/asdid_484/soybean_rust/soybean_rust_452.jpg,soybean_rust,6,val
/kaggle/input/datasets/shreyastiwari31/asdid-484/asdid_484/soybean_rust/soybean_rust_1288.jpg,soybean_rust,6,val
/kaggle/input/datasets/shreyastiwari31/asdid-484/asdid_484/soybean_rust/soybean_rust_1353.jpg,soybean_rust,6,val
/kaggle/input/datasets/shreyastiwari31/asdid-484/asdid_484/soybean_rust/soybean_rust_121.jpg,soybean_rust,6,val
/kaggle/input/datasets/shreyastiwari31/asdid-484/asdid_484/soybean_rust/soybean_rust_688.jpg,soybean_rust,6,val
/kaggle/input/datasets/shreyastiwari31/asdid-484/asdid_484/soybean_rust/soybean_rust_1128.jpg,soybean_rust,6,val
/kaggle/input/datasets/shreyastiwari31/asdid-484/asdid_484/soybean_rust/soybean_rust_1148.jpg,soybean_rust,6,val
/kaggle/input/datasets/shreyastiwari31/asdid-484/asdid_484/soybean_rust/soybean_rust_1266.jpg,soybean_rust,6,val
/kaggle/input/datasets/shreyastiwari31/asdid-484/asdid_484/soybean_rust/soybean_rust_192.jpg,soybean_rust,6,val
/kaggle/input/datasets/shreyastiwari31/asdid-484/asdid_484/soybean_rust/soybean_rust_567.jpg,soybean_rust,6,val
/kaggle/input/datasets/shreyastiwari31/asdid-484/asdid_484/soybean_rust/soybean_rust_29.jpg,soybean_rust,6,val
/kaggle/input/datasets/shreyastiwari31/asdid-484/asdid_484/soybean_rust/soybean_rust_595.jpg,soybean_rust,6,val
/kaggle/input/datasets/shreyastiwari31/asdid-484/asdid_484/soybean_rust/soybean_rust_1435.jpg,soybean_rust,6,val
/kaggle/input/datasets/shreyastiwari31/asdid-484/asdid_484/soybean_rust/soybean_rust_340.jpg,soybean_rust,6,val
/kaggle/input/datasets/shreyastiwari31/asdid-484/asdid_484/soybean_rust/soybean_rust_1411.jpg,soybean_rust,6,val
/kaggle/input/datasets/shreyastiwari31/asdid-484/asdid_484/soybean_rust/soybean_rust_33.jpg,soybean_rust,6,val
/kaggle/input/datasets/shreyastiwari31/asdid-484/asdid_484/soybean_rust/soybean_rust_606.jpg,soybean_rust,6,val
/kaggle/input/datasets/shreyastiwari31/asdid-484/asdid_484/soybean_rust/soybean_rust_1020.jpg,soybean_rust,6,val
/kaggle/input/datasets/shreyastiwari31/asdid-484/asdid_484/soybean_rust/soybean_rust_172.jpg,soybean_rust,6,val
/kaggle/input/datasets/shreyastiwari31/asdid-484/asdid_484/soybean_rust/soybean_rust_926.jpg,soybean_rust,6,val
/kaggle/input/datasets/shreyastiwari31/asdid-484/asdid_484/soybean_rust/soybean_rust_333.jpg,soybean_rust,6,val
/kaggle/input/datasets/shreyastiwari31/asdid-484/asdid_484/soybean_rust/soybean_rust_948.jpg,soybean_rust,6,val
/kaggle/input/datasets/shreyastiwari31/asdid-484/asdid_484/soybean_rust/soybean_rust_847.jpg,soybean_rust,6,val
/kaggle/input/datasets/shreyastiwari31/asdid-484/asdid_484/soybean_rust/soybean_rust_267.jpg,soybean_rust,6,val
/kaggle/input/datasets/shreyastiwari31/asdid-484/asdid_484/soybean_rust/soybean_rust_538.jpg,soybean_rust,6,val
/kaggle/input/datasets/shreyastiwari31/asdid-484/asdid_484/soybean_rust/soybean_rust_261.jpg,soybean_rust,6,val
/kaggle/input/datasets/shreyastiwari31/asdid-484/asdid_484/soybean_rust/soybean_rust_449.jpg,soybean_rust,6,val
/kaggle/input/datasets/shreyastiwari31/asdid-484/asdid_484/soybean_rust/soybean_rust_55.jpg,soybean_rust,6,val
/kaggle/input/datasets/shreyastiwari31/asdid-484/asdid_484/soybean_rust/soybean_rust_497.jpg,soybean_rust,6,val
/kaggle/input/datasets/shreyastiwari31/asdid-484/asdid_484/soybean_rust/soybean_rust_45.jpg,soybean_rust,6,val
/kaggle/input/datasets/shreyastiwari31/asdid-484/asdid_484/soybean_rust/soybean_rust_69.jpg,soybean_rust,6,val
/kaggle/input/datasets/shreyastiwari31/asdid-484/asdid_484/soybean_rust/soybean_rust_157.jpg,soybean_rust,6,val
/kaggle/input/datasets/shreyastiwari31/asdid-484/asdid_484/soybean_rust/soybean_rust_23.jpg,soybean_rust,6,val
/kaggle/input/datasets/shreyastiwari31/asdid-484/asdid_484/soybean_rust/soybean_rust_290.jpg,soybean_rust,6,val
/kaggle/input/datasets/shreyastiwari31/asdid-484/asdid_484/soybean_rust/soybean_rust_1332.jpg,soybean_rust,6,val
/kaggle/input/datasets/shreyastiwari31/asdid-484/asdid_484/soybean_rust/soybean_rust_1018.jpg,soybean_rust,6,val
/kaggle/input/datasets/shreyastiwari31/asdid-484/asdid_484/soybean_rust/soybean_rust_1212.jpg,soybean_rust,6,val
/kaggle/input/datasets/shreyastiwari31/asdid-484/asdid_484/soybean_rust/soybean_rust_60.jpg,soybean_rust,6,val
/kaggle/input/datasets/shreyastiwari31/asdid-484/asdid_484/soybean_rust/soybean_rust_1088.jpg,soybean_rust,6,val
/kaggle/input/datasets/shreyastiwari31/asdid-484/asdid_484/soybean_rust/soybean_rust_1343.jpg,soybean_rust,6,val
/kaggle/input/datasets/shreyastiwari31/asdid-484/asdid_484/soybean_rust/soybean_rust_472.jpg,soybean_rust,6,val
/kaggle/input/datasets/shreyastiwari31/asdid-484/asdid_484/soybean_rust/soybean_rust_1190.jpg,soybean_rust,6,val
/kaggle/input/datasets/shreyastiwari31/asdid-484/asdid_484/soybean_rust/soybean_rust_856.jpg,soybean_rust,6,val
/kaggle/input/datasets/shreyastiwari31/asdid-484/asdid_484/soybean_rust/soybean_rust_1011.jpg,soybean_rust,6,val
/kaggle/input/datasets/shreyastiwari31/asdid-484/asdid_484/soybean_rust/soybean_rust_1060.jpg,soybean_rust,6,val
/kaggle/input/datasets/shreyastiwari31/asdid-484/asdid_484/soybean_rust/soybean_rust_553.jpg,soybean_rust,6,val
/kaggle/input/datasets/shreyastiwari31/asdid-484/asdid_484/soybean_rust/soybean_rust_1099.jpg,soybean_rust,6,val
/kaggle/input/datasets/shreyastiwari31/asdid-484/asdid_484/soybean_rust/soybean_rust_1050.jpg,soybean_rust,6,val
/kaggle/input/datasets/shreyastiwari31/asdid-484/asdid_484/soybean_rust/soybean_rust_319.jpg,soybean_rust,6,val
/kaggle/input/datasets/shreyastiwari31/asdid-484/asdid_484/soybean_rust/soybean_rust_1080.jpg,soybean_rust,6,val
/kaggle/input/datasets/shreyastiwari31/asdid-484/asdid_484/soybean_rust/soybean_rust_740.jpg,soybean_rust,6,val
/kaggle/input/datasets/shreyastiwari31/asdid-484/asdid_484/soybean_rust/soybean_rust_347.jpg,soybean_rust,6,val
/kaggle/input/datasets/shreyastiwari31/asdid-484/asdid_484/soybean_rust/soybean_rust_1275.jpg,soybean_rust,6,val
/kaggle/input/datasets/shreyastiwari31/asdid-484/asdid_484/soybean_rust/soybean_rust_744.jpg,soybean_rust,6,val
/kaggle/input/datasets/shreyastiwari31/asdid-484/asdid_484/soybean_rust/soybean_rust_359.jpg,soybean_rust,6,val
/kaggle/input/datasets/shreyastiwari31/asdid-484/asdid_484/soybean_rust/soybean_rust_823.jpg,soybean_rust,6,val
/kaggle/input/datasets/shreyastiwari31/asdid-484/asdid_484/soybean_rust/soybean_rust_1191.jpg,soybean_rust,6,val
/kaggle/input/datasets/shreyastiwari31/asdid-484/asdid_484/soybean_rust/soybean_rust_726.jpg,soybean_rust,6,val
/kaggle/input/datasets/shreyastiwari31/asdid-484/asdid_484/soybean_rust/soybean_rust_1532.jpg,soybean_rust,6,val
/kaggle/input/datasets/shreyastiwari31/asdid-484/asdid_484/soybean_rust/soybean_rust_64.jpg,soybean_rust,6,val
/kaggle/input/datasets/shreyastiwari31/asdid-484/asdid_484/soybean_rust/soybean_rust_1251.jpg,soybean_rust,6,val
/kaggle/input/datasets/shreyastiwari31/asdid-484/asdid_484/soybean_rust/soybean_rust_238.jpg,soybean_rust,6,val
/kaggle/input/datasets/shreyastiwari31/asdid-484/asdid_484/soybean_rust/soybean_rust_274.jpg,soybean_rust,6,val
/kaggle/input/datasets/shreyastiwari31/asdid-484/asdid_484/soybean_rust/soybean_rust_654.jpg,soybean_rust,6,val
/kaggle/input/datasets/shreyastiwari31/asdid-484/asdid_484/soybean_rust/soybean_rust_500.jpg,soybean_rust,6,val
/kaggle/input/datasets/shreyastiwari31/asdid-484/asdid_484/soybean_rust/soybean_rust_626.jpg,soybean_rust,6,val
/kaggle/input/datasets/shreyastiwari31/asdid-484/asdid_484/soybean_rust/soybean_rust_272.jpg,soybean_rust,6,val
/kaggle/input/datasets/shreyastiwari31/asdid-484/asdid_484/soybean_rust/soybean_rust_686.jpg,soybean_rust,6,val
/kaggle/input/datasets/shreyastiwari31/asdid-484/asdid_484/soybean_rust/soybean_rust_1376.jpg,soybean_rust,6,val
/kaggle/input/datasets/shreyastiwari31/asdid-484/asdid_484/soybean_rust/soybean_rust_1514.jpg,soybean_rust,6,test
/kaggle/input/datasets/shreyastiwari31/asdid-484/asdid_484/soybean_rust/soybean_rust_579.jpg,soybean_rust,6,test
/kaggle/input/datasets/shreyastiwari31/asdid-484/asdid_484/soybean_rust/soybean_rust_529.jpg,soybean_rust,6,test
/kaggle/input/datasets/shreyastiwari31/asdid-484/asdid_484/soybean_rust/soybean_rust_364.jpg,soybean_rust,6,test
/kaggle/input/datasets/shreyastiwari31/asdid-484/asdid_484/soybean_rust/soybean_rust_281.jpg,soybean_rust,6,test
/kaggle/input/datasets/shreyastiwari31/asdid-484/asdid_484/soybean_rust/soybean_rust_1356.jpg,soybean_rust,6,test
/kaggle/input/datasets/shreyastiwari31/asdid-484/asdid_484/soybean_rust/soybean_rust_399.jpg,soybean_rust,6,test
/kaggle/input/datasets/shreyastiwari31/asdid-484/asdid_484/soybean_rust/soybean_rust_919.jpg,soybean_rust,6,test
/kaggle/input/datasets/shreyastiwari31/asdid-484/asdid_484/soybean_rust/soybean_rust_1342.jpg,soybean_rust,6,test
/kaggle/input/datasets/shreyastiwari31/asdid-484/asdid_484/soybean_rust/soybean_rust_1500.jpg,soybean_rust,6,test
/kaggle/input/datasets/shreyastiwari31/asdid-484/asdid_484/soybean_rust/soybean_rust_1300.jpg,soybean_rust,6,test
/kaggle/input/datasets/shreyastiwari31/asdid-484/asdid_484/soybean_rust/soybean_rust_1214.jpg,soybean_rust,6,test
/kaggle/input/datasets/shreyastiwari31/asdid-484/asdid_484/soybean_rust/soybean_rust_1462.jpg,soybean_rust,6,test
/kaggle/input/datasets/shreyastiwari31/asdid-484/asdid_484/soybean_rust/soybean_rust_178.jpg,soybean_rust,6,test
/kaggle/input/datasets/shreyastiwari31/asdid-484/asdid_484/soybean_rust/soybean_rust_621.jpg,soybean_rust,6,test
/kaggle/input/datasets/shreyastiwari31/asdid-484/asdid_484/soybean_rust/soybean_rust_408.jpg,soybean_rust,6,test
/kaggle/input/datasets/shreyastiwari31/asdid-484/asdid_484/soybean_rust/soybean_rust_416.jpg,soybean_rust,6,test
/kaggle/input/datasets/shreyastiwari31/asdid-484/asdid_484/soybean_rust/soybean_rust_371.jpg,soybean_rust,6,test
/kaggle/input/datasets/shreyastiwari31/asdid-484/asdid_484/soybean_rust/soybean_rust_902.jpg,soybean_rust,6,test
/kaggle/input/datasets/shreyastiwari31/asdid-484/asdid_484/soybean_rust/soybean_rust_1027.jpg,soybean_rust,6,test
/kaggle/input/datasets/shreyastiwari31/asdid-484/asdid_484/soybean_rust/soybean_rust_1202.jpg,soybean_rust,6,test
/kaggle/input/datasets/shreyastiwari31/asdid-484/asdid_484/soybean_rust/soybean_rust_957.jpg,soybean_rust,6,test
/kaggle/input/datasets/shreyastiwari31/asdid-484/asdid_484/soybean_rust/soybean_rust_1334.jpg,soybean_rust,6,test
/kaggle/input/datasets/shreyastiwari31/asdid-484/asdid_484/soybean_rust/soybean_rust_39.jpg,soybean_rust,6,test
/kaggle/input/datasets/shreyastiwari31/asdid-484/asdid_484/soybean_rust/soybean_rust_106.jpg,soybean_rust,6,test
/kaggle/input/datasets/shreyastiwari31/asdid-484/asdid_484/soybean_rust/soybean_rust_173.jpg,soybean_rust,6,test
/kaggle/input/datasets/shreyastiwari31/asdid-484/asdid_484/soybean_rust/soybean_rust_1478.jpg,soybean_rust,6,test
/kaggle/input/datasets/shreyastiwari31/asdid-484/asdid_484/soybean_rust/soybean_rust_1564.jpg,soybean_rust,6,test
/kaggle/input/datasets/shreyastiwari31/asdid-484/asdid_484/soybean_rust/soybean_rust_969.jpg,soybean_rust,6,test
/kaggle/input/datasets/shreyastiwari31/asdid-484/asdid_484/soybean_rust/soybean_rust_1491.jpg,soybean_rust,6,test
/kaggle/input/datasets/shreyastiwari31/asdid-484/asdid_484/soybean_rust/soybean_rust_835.jpg,soybean_rust,6,test
/kaggle/input/datasets/shreyastiwari31/asdid-484/asdid_484/soybean_rust/soybean_rust_685.jpg,soybean_rust,6,test
/kaggle/input/datasets/shreyastiwari31/asdid-484/asdid_484/soybean_rust/soybean_rust_25.jpg,soybean_rust,6,test
/kaggle/input/datasets/shreyastiwari31/asdid-484/asdid_484/soybean_rust/soybean_rust_625.jpg,soybean_rust,6,test
/kaggle/input/datasets/shreyastiwari31/asdid-484/asdid_484/soybean_rust/soybean_rust_760.jpg,soybean_rust,6,test
/kaggle/input/datasets/shreyastiwari31/asdid-484/asdid_484/soybean_rust/soybean_rust_1130.jpg,soybean_rust,6,test
/kaggle/input/datasets/shreyastiwari31/asdid-484/asdid_484/soybean_rust/soybean_rust_916.jpg,soybean_rust,6,test
/kaggle/input/datasets/shreyastiwari31/asdid-484/asdid_484/soybean_rust/soybean_rust_280.jpg,soybean_rust,6,test
/kaggle/input/datasets/shreyastiwari31/asdid-484/asdid_484/soybean_rust/soybean_rust_304.jpg,soybean_rust,6,test
/kaggle/input/datasets/shreyastiwari31/asdid-484/asdid_484/soybean_rust/soybean_rust_1537.jpg,soybean_rust,6,test
/kaggle/input/datasets/shreyastiwari31/asdid-484/asdid_484/soybean_rust/soybean_rust_1383.jpg,soybean_rust,6,test
/kaggle/input/datasets/shreyastiwari31/asdid-484/asdid_484/soybean_rust/soybean_rust_1471.jpg,soybean_rust,6,test
/kaggle/input/datasets/shreyastiwari31/asdid-484/asdid_484/soybean_rust/soybean_rust_1536.jpg,soybean_rust,6,test
/kaggle/input/datasets/shreyastiwari31/asdid-484/asdid_484/soybean_rust/soybean_rust_520.jpg,soybean_rust,6,test
/kaggle/input/datasets/shreyastiwari31/asdid-484/asdid_484/soybean_rust/soybean_rust_339.jpg,soybean_rust,6,test
/kaggle/input/datasets/shreyastiwari31/asdid-484/asdid_484/soybean_rust/soybean_rust_245.jpg,soybean_rust,6,test
/kaggle/input/datasets/shreyastiwari31/asdid-484/asdid_484/soybean_rust/soybean_rust_1586.jpg,soybean_rust,6,test
/kaggle/input/datasets/shreyastiwari31/asdid-484/asdid_484/soybean_rust/soybean_rust_1428.jpg,soybean_rust,6,test
/kaggle/input/datasets/shreyastiwari31/asdid-484/asdid_484/soybean_rust/soybean_rust_702.jpg,soybean_rust,6,test
/kaggle/input/datasets/shreyastiwari31/asdid-484/asdid_484/soybean_rust/soybean_rust_1493.jpg,soybean_rust,6,test
/kaggle/input/datasets/shreyastiwari31/asdid-484/asdid_484/soybean_rust/soybean_rust_369.jpg,soybean_rust,6,test
/kaggle/input/datasets/shreyastiwari31/asdid-484/asdid_484/soybean_rust/soybean_rust_1350.jpg,soybean_rust,6,test
/kaggle/input/datasets/shreyastiwari31/asdid-484/asdid_484/soybean_rust/soybean_rust_1618.jpg,soybean_rust,6,test
/kaggle/input/datasets/shreyastiwari31/asdid-484/asdid_484/soybean_rust/soybean_rust_1314.jpg,soybean_rust,6,test
/kaggle/input/datasets/shreyastiwari31/asdid-484/asdid_484/soybean_rust/soybean_rust_598.jpg,soybean_rust,6,test
/kaggle/input/datasets/shreyastiwari31/asdid-484/asdid_484/soybean_rust/soybean_rust_436.jpg,soybean_rust,6,test
/kaggle/input/datasets/shreyastiwari31/asdid-484/asdid_484/soybean_rust/soybean_rust_589.jpg,soybean_rust,6,test
/kaggle/input/datasets/shreyastiwari31/asdid-484/asdid_484/soybean_rust/soybean_rust_1355.jpg,soybean_rust,6,test
/kaggle/input/datasets/shreyastiwari31/asdid-484/asdid_484/soybean_rust/soybean_rust_94.jpg,soybean_rust,6,test
/kaggle/input/datasets/shreyastiwari31/asdid-484/asdid_484/soybean_rust/soybean_rust_258.jpg,soybean_rust,6,test
/kaggle/input/datasets/shreyastiwari31/asdid-484/asdid_484/soybean_rust/soybean_rust_668.jpg,soybean_rust,6,test
/kaggle/input/datasets/shreyastiwari31/asdid-484/asdid_484/soybean_rust/soybean_rust_663.jpg,soybean_rust,6,test
/kaggle/input/datasets/shreyastiwari31/asdid-484/asdid_484/soybean_rust/soybean_rust_1161.jpg,soybean_rust,6,test
/kaggle/input/datasets/shreyastiwari31/asdid-484/asdid_484/soybean_rust/soybean_rust_655.jpg,soybean_rust,6,test
/kaggle/input/datasets/shreyastiwari31/asdid-484/asdid_484/soybean_rust/soybean_rust_1287.jpg,soybean_rust,6,test
/kaggle/input/datasets/shreyastiwari31/asdid-484/asdid_484/soybean_rust/soybean_rust_1326.jpg,soybean_rust,6,test
/kaggle/input/datasets/shreyastiwari31/asdid-484/asdid_484/soybean_rust/soybean_rust_1023.jpg,soybean_rust,6,test
/kaggle/input/datasets/shreyastiwari31/asdid-484/asdid_484/soybean_rust/soybean_rust_931.jpg,soybean_rust,6,test
/kaggle/input/datasets/shreyastiwari31/asdid-484/asdid_484/soybean_rust/soybean_rust_147.jpg,soybean_rust,6,test
/kaggle/input/datasets/shreyastiwari31/asdid-484/asdid_484/soybean_rust/soybean_rust_1503.jpg,soybean_rust,6,test
/kaggle/input/datasets/shreyastiwari31/asdid-484/asdid_484/soybean_rust/soybean_rust_93.jpg,soybean_rust,6,test
/kaggle/input/datasets/shreyastiwari31/asdid-484/asdid_484/soybean_rust/soybean_rust_887.jpg,soybean_rust,6,test
/kaggle/input/datasets/shreyastiwari31/asdid-484/asdid_484/target_spot/target_spot_376.jpg,target_spot,7,train
/kaggle/input/datasets/shreyastiwari31/asdid-484/asdid_484/target_spot/target_spot_1024.jpg,target_spot,7,train
/kaggle/input/datasets/shreyastiwari31/asdid-484/asdid_484/target_spot/target_spot_567.jpg,target_spot,7,train
/kaggle/input/datasets/shreyastiwari31/asdid-484/asdid_484/target_spot/target_spot_906.jpg,target_spot,7,train
/kaggle/input/datasets/shreyastiwari31/asdid-484/asdid_484/target_spot/target_spot_67.jpg,target_spot,7,train
/kaggle/input/datasets/shreyastiwari31/asdid-484/asdid_484/target_spot/target_spot_211.jpg,target_spot,7,train
/kaggle/input/datasets/shreyastiwari31/asdid-484/asdid_484/target_spot/target_spot_530.jpg,target_spot,7,train
/kaggle/input/datasets/shreyastiwari31/asdid-484/asdid_484/target_spot/target_spot_134.jpg,target_spot,7,train
/kaggle/input/datasets/shreyastiwari31/asdid-484/asdid_484/target_spot/target_spot_1075.jpg,target_spot,7,train
/kaggle/input/datasets/shreyastiwari31/asdid-484/asdid_484/target_spot/target_spot_466.jpg,target_spot,7,train
/kaggle/input/datasets/shreyastiwari31/asdid-484/asdid_484/target_spot/target_spot_270.jpg,target_spot,7,train
/kaggle/input/datasets/shreyastiwari31/asdid-484/asdid_484/target_spot/target_spot_716.jpg,target_spot,7,train
/kaggle/input/datasets/shreyastiwari31/asdid-484/asdid_484/target_spot/target_spot_850.jpg,target_spot,7,train
/kaggle/input/datasets/shreyastiwari31/asdid-484/asdid_484/target_spot/target_spot_1012.jpg,target_spot,7,train
/kaggle/input/datasets/shreyastiwari31/asdid-484/asdid_484/target_spot/target_spot_545.jpg,target_spot,7,train
/kaggle/input/datasets/shreyastiwari31/asdid-484/asdid_484/target_spot/target_spot_446.jpg,target_spot,7,train
/kaggle/input/datasets/shreyastiwari31/asdid-484/asdid_484/target_spot/target_spot_887.jpg,target_spot,7,train
/kaggle/input/datasets/shreyastiwari31/asdid-484/asdid_484/target_spot/target_spot_707.jpg,target_spot,7,train
/kaggle/input/datasets/shreyastiwari31/asdid-484/asdid_484/target_spot/target_spot_418.jpg,target_spot,7,train
/kaggle/input/datasets/shreyastiwari31/asdid-484/asdid_484/target_spot/target_spot_849.jpg,target_spot,7,train
/kaggle/input/datasets/shreyastiwari31/asdid-484/asdid_484/target_spot/target_spot_913.jpg,target_spot,7,train
/kaggle/input/datasets/shreyastiwari31/asdid-484/asdid_484/target_spot/target_spot_47.jpg,target_spot,7,train
/kaggle/input/datasets/shreyastiwari31/asdid-484/asdid_484/target_spot/target_spot_875.jpg,target_spot,7,train
/kaggle/input/datasets/shreyastiwari31/asdid-484/asdid_484/target_spot/target_spot_818.jpg,target_spot,7,train
/kaggle/input/datasets/shreyastiwari31/asdid-484/asdid_484/target_spot/target_spot_950.jpg,target_spot,7,train
/kaggle/input/datasets/shreyastiwari31/asdid-484/asdid_484/target_spot/target_spot_240.jpg,target_spot,7,train
/kaggle/input/datasets/shreyastiwari31/asdid-484/asdid_484/target_spot/target_spot_430.jpg,target_spot,7,train
/kaggle/input/datasets/shreyastiwari31/asdid-484/asdid_484/target_spot/target_spot_612.jpg,target_spot,7,train
/kaggle/input/datasets/shreyastiwari31/asdid-484/asdid_484/target_spot/target_spot_188.jpg,target_spot,7,train
/kaggle/input/datasets/shreyastiwari31/asdid-484/asdid_484/target_spot/target_spot_863.jpg,target_spot,7,train
/kaggle/input/datasets/shreyastiwari31/asdid-484/asdid_484/target_spot/target_spot_144.jpg,target_spot,7,train
/kaggle/input/datasets/shreyastiwari31/asdid-484/asdid_484/target_spot/target_spot_424.jpg,target_spot,7,train
/kaggle/input/datasets/shreyastiwari31/asdid-484/asdid_484/target_spot/target_spot_1018.jpg,target_spot,7,train
/kaggle/input/datasets/shreyastiwari31/asdid-484/asdid_484/target_spot/target_spot_988.jpg,target_spot,7,train
/kaggle/input/datasets/shreyastiwari31/asdid-484/asdid_484/target_spot/target_spot_129.jpg,target_spot,7,train
/kaggle/input/datasets/shreyastiwari31/asdid-484/asdid_484/target_spot/target_spot_226.jpg,target_spot,7,train
/kaggle/input/datasets/shreyastiwari31/asdid-484/asdid_484/target_spot/target_spot_696.jpg,target_spot,7,train
/kaggle/input/datasets/shreyastiwari31/asdid-484/asdid_484/target_spot/target_spot_258.jpg,target_spot,7,train
/kaggle/input/datasets/shreyastiwari31/asdid-484/asdid_484/target_spot/target_spot_923.jpg,target_spot,7,train
/kaggle/input/datasets/shreyastiwari31/asdid-484/asdid_484/target_spot/target_spot_772.jpg,target_spot,7,train
/kaggle/input/datasets/shreyastiwari31/asdid-484/asdid_484/target_spot/target_spot_527.jpg,target_spot,7,train
/kaggle/input/datasets/shreyastiwari31/asdid-484/asdid_484/target_spot/target_spot_630.jpg,target_spot,7,train
/kaggle/input/datasets/shreyastiwari31/asdid-484/asdid_484/target_spot/target_spot_214.jpg,target_spot,7,train
/kaggle/input/datasets/shreyastiwari31/asdid-484/asdid_484/target_spot/target_spot_44.jpg,target_spot,7,train
/kaggle/input/datasets/shreyastiwari31/asdid-484/asdid_484/target_spot/target_spot_930.jpg,target_spot,7,train
/kaggle/input/datasets/shreyastiwari31/asdid-484/asdid_484/target_spot/target_spot_281.jpg,target_spot,7,train
/kaggle/input/datasets/shreyastiwari31/asdid-484/asdid_484/target_spot/target_spot_379.jpg,target_spot,7,train
/kaggle/input/datasets/shreyastiwari31/asdid-484/asdid_484/target_spot/target_spot_156.jpg,target_spot,7,train
/kaggle/input/datasets/shreyastiwari31/asdid-484/asdid_484/target_spot/target_spot_478.jpg,target_spot,7,train
/kaggle/input/datasets/shreyastiwari31/asdid-484/asdid_484/target_spot/target_spot_262.jpg,target_spot,7,train
/kaggle/input/datasets/shreyastiwari31/asdid-484/asdid_484/target_spot/target_spot_811.jpg,target_spot,7,train
/kaggle/input/datasets/shreyastiwari31/asdid-484/asdid_484/target_spot/target_spot_742.jpg,target_spot,7,train
/kaggle/input/datasets/shreyastiwari31/asdid-484/asdid_484/target_spot/target_spot_510.jpg,target_spot,7,train
/kaggle/input/datasets/shreyastiwari31/asdid-484/asdid_484/target_spot/target_spot_682.jpg,target_spot,7,train
/kaggle/input/datasets/shreyastiwari31/asdid-484/asdid_484/target_spot/target_spot_796.jpg,target_spot,7,train
/kaggle/input/datasets/shreyastiwari31/asdid-484/asdid_484/target_spot/target_spot_933.jpg,target_spot,7,train
/kaggle/input/datasets/shreyastiwari31/asdid-484/asdid_484/target_spot/target_spot_1056.jpg,target_spot,7,train
/kaggle/input/datasets/shreyastiwari31/asdid-484/asdid_484/target_spot/target_spot_470.jpg,target_spot,7,train
/kaggle/input/datasets/shreyastiwari31/asdid-484/asdid_484/target_spot/target_spot_705.jpg,target_spot,7,train
/kaggle/input/datasets/shreyastiwari31/asdid-484/asdid_484/target_spot/target_spot_1080.jpg,target_spot,7,train
/kaggle/input/datasets/shreyastiwari31/asdid-484/asdid_484/target_spot/target_spot_936.jpg,target_spot,7,train
/kaggle/input/datasets/shreyastiwari31/asdid-484/asdid_484/target_spot/target_spot_118.jpg,target_spot,7,train
/kaggle/input/datasets/shreyastiwari31/asdid-484/asdid_484/target_spot/target_spot_53.jpg,target_spot,7,train
/kaggle/input/datasets/shreyastiwari31/asdid-484/asdid_484/target_spot/target_spot_625.jpg,target_spot,7,train
/kaggle/input/datasets/shreyastiwari31/asdid-484/asdid_484/target_spot/target_spot_679.jpg,target_spot,7,train
/kaggle/input/datasets/shreyastiwari31/asdid-484/asdid_484/target_spot/target_spot_664.jpg,target_spot,7,train
/kaggle/input/datasets/shreyastiwari31/asdid-484/asdid_484/target_spot/target_spot_440.jpg,target_spot,7,train
/kaggle/input/datasets/shreyastiwari31/asdid-484/asdid_484/target_spot/target_spot_60.jpg,target_spot,7,train
/kaggle/input/datasets/shreyastiwari31/asdid-484/asdid_484/target_spot/target_spot_239.jpg,target_spot,7,train
/kaggle/input/datasets/shreyastiwari31/asdid-484/asdid_484/target_spot/target_spot_460.jpg,target_spot,7,train
/kaggle/input/datasets/shreyastiwari31/asdid-484/asdid_484/target_spot/target_spot_759.jpg,target_spot,7,train
/kaggle/input/datasets/shreyastiwari31/asdid-484/asdid_484/target_spot/target_spot_565.jpg,target_spot,7,train
/kaggle/input/datasets/shreyastiwari31/asdid-484/asdid_484/target_spot/target_spot_502.jpg,target_spot,7,train
/kaggle/input/datasets/shreyastiwari31/asdid-484/asdid_484/target_spot/target_spot_766.jpg,target_spot,7,train
/kaggle/input/datasets/shreyastiwari31/asdid-484/asdid_484/target_spot/target_spot_335.jpg,target_spot,7,train
/kaggle/input/datasets/shreyastiwari31/asdid-484/asdid_484/target_spot/target_spot_593.jpg,target_spot,7,train
/kaggle/input/datasets/shreyastiwari31/asdid-484/asdid_484/target_spot/target_spot_634.jpg,target_spot,7,train
/kaggle/input/datasets/shreyastiwari31/asdid-484/asdid_484/target_spot/target_spot_617.jpg,target_spot,7,train
/kaggle/input/datasets/shreyastiwari31/asdid-484/asdid_484/target_spot/target_spot_1037.jpg,target_spot,7,train
/kaggle/input/datasets/shreyastiwari31/asdid-484/asdid_484/target_spot/target_spot_293.jpg,target_spot,7,train
/kaggle/input/datasets/shreyastiwari31/asdid-484/asdid_484/target_spot/target_spot_313.jpg,target_spot,7,train
/kaggle/input/datasets/shreyastiwari31/asdid-484/asdid_484/target_spot/target_spot_896.jpg,target_spot,7,train
/kaggle/input/datasets/shreyastiwari31/asdid-484/asdid_484/target_spot/target_spot_295.jpg,target_spot,7,train
/kaggle/input/datasets/shreyastiwari31/asdid-484/asdid_484/target_spot/target_spot_904.jpg,target_spot,7,train
/kaggle/input/datasets/shreyastiwari31/asdid-484/asdid_484/target_spot/target_spot_793.jpg,target_spot,7,train
/kaggle/input/datasets/shreyastiwari31/asdid-484/asdid_484/target_spot/target_spot_824.jpg,target_spot,7,train
/kaggle/input/datasets/shreyastiwari31/asdid-484/asdid_484/target_spot/target_spot_367.jpg,target_spot,7,train
/kaggle/input/datasets/shreyastiwari31/asdid-484/asdid_484/target_spot/target_spot_877.jpg,target_spot,7,train
/kaggle/input/datasets/shreyastiwari31/asdid-484/asdid_484/target_spot/target_spot_374.jpg,target_spot,7,train
/kaggle/input/datasets/shreyastiwari31/asdid-484/asdid_484/target_spot/target_spot_386.jpg,target_spot,7,train
/kaggle/input/datasets/shreyastiwari31/asdid-484/asdid_484/target_spot/target_spot_836.jpg,target_spot,7,train
/kaggle/input/datasets/shreyastiwari31/asdid-484/asdid_484/target_spot/target_spot_1026.jpg,target_spot,7,train
/kaggle/input/datasets/shreyastiwari31/asdid-484/asdid_484/target_spot/target_spot_358.jpg,target_spot,7,train
/kaggle/input/datasets/shreyastiwari31/asdid-484/asdid_484/target_spot/target_spot_1022.jpg,target_spot,7,train
/kaggle/input/datasets/shreyastiwari31/asdid-484/asdid_484/target_spot/target_spot_409.jpg,target_spot,7,train
/kaggle/input/datasets/shreyastiwari31/asdid-484/asdid_484/target_spot/target_spot_1014.jpg,target_spot,7,train
/kaggle/input/datasets/shreyastiwari31/asdid-484/asdid_484/target_spot/target_spot_499.jpg,target_spot,7,train
/kaggle/input/datasets/shreyastiwari31/asdid-484/asdid_484/target_spot/target_spot_50.jpg,target_spot,7,train
/kaggle/input/datasets/shreyastiwari31/asdid-484/asdid_484/target_spot/target_spot_57.jpg,target_spot,7,train
/kaggle/input/datasets/shreyastiwari31/asdid-484/asdid_484/target_spot/target_spot_362.jpg,target_spot,7,train
/kaggle/input/datasets/shreyastiwari31/asdid-484/asdid_484/target_spot/target_spot_264.jpg,target_spot,7,train
/kaggle/input/datasets/shreyastiwari31/asdid-484/asdid_484/target_spot/target_spot_786.jpg,target_spot,7,train
/kaggle/input/datasets/shreyastiwari31/asdid-484/asdid_484/target_spot/target_spot_193.jpg,target_spot,7,train
/kaggle/input/datasets/shreyastiwari31/asdid-484/asdid_484/target_spot/target_spot_500.jpg,target_spot,7,train
/kaggle/input/datasets/shreyastiwari31/asdid-484/asdid_484/target_spot/target_spot_195.jpg,target_spot,7,train
/kaggle/input/datasets/shreyastiwari31/asdid-484/asdid_484/target_spot/target_spot_537.jpg,target_spot,7,train
/kaggle/input/datasets/shreyastiwari31/asdid-484/asdid_484/target_spot/target_spot_279.jpg,target_spot,7,train
/kaggle/input/datasets/shreyastiwari31/asdid-484/asdid_484/target_spot/target_spot_365.jpg,target_spot,7,train
/kaggle/input/datasets/shreyastiwari31/asdid-484/asdid_484/target_spot/target_spot_594.jpg,target_spot,7,train
/kaggle/input/datasets/shreyastiwari31/asdid-484/asdid_484/target_spot/target_spot_1081.jpg,target_spot,7,train
/kaggle/input/datasets/shreyastiwari31/asdid-484/asdid_484/target_spot/target_spot_741.jpg,target_spot,7,train
/kaggle/input/datasets/shreyastiwari31/asdid-484/asdid_484/target_spot/target_spot_54.jpg,target_spot,7,train
/kaggle/input/datasets/shreyastiwari31/asdid-484/asdid_484/target_spot/target_spot_571.jpg,target_spot,7,train
/kaggle/input/datasets/shreyastiwari31/asdid-484/asdid_484/target_spot/target_spot_748.jpg,target_spot,7,train
/kaggle/input/datasets/shreyastiwari31/asdid-484/asdid_484/target_spot/target_spot_16.jpg,target_spot,7,train
/kaggle/input/datasets/shreyastiwari31/asdid-484/asdid_484/target_spot/target_spot_265.jpg,target_spot,7,train
/kaggle/input/datasets/shreyastiwari31/asdid-484/asdid_484/target_spot/target_spot_108.jpg,target_spot,7,train
/kaggle/input/datasets/shreyastiwari31/asdid-484/asdid_484/target_spot/target_spot_28.jpg,target_spot,7,train
/kaggle/input/datasets/shreyastiwari31/asdid-484/asdid_484/target_spot/target_spot_396.jpg,target_spot,7,train
/kaggle/input/datasets/shreyastiwari31/asdid-484/asdid_484/target_spot/target_spot_627.jpg,target_spot,7,train
/kaggle/input/datasets/shreyastiwari31/asdid-484/asdid_484/target_spot/target_spot_187.jpg,target_spot,7,train
/kaggle/input/datasets/shreyastiwari31/asdid-484/asdid_484/target_spot/target_spot_702.jpg,target_spot,7,train
/kaggle/input/datasets/shreyastiwari31/asdid-484/asdid_484/target_spot/target_spot_929.jpg,target_spot,7,train
/kaggle/input/datasets/shreyastiwari31/asdid-484/asdid_484/target_spot/target_spot_69.jpg,target_spot,7,train
/kaggle/input/datasets/shreyastiwari31/asdid-484/asdid_484/target_spot/target_spot_755.jpg,target_spot,7,train
/kaggle/input/datasets/shreyastiwari31/asdid-484/asdid_484/target_spot/target_spot_132.jpg,target_spot,7,train
/kaggle/input/datasets/shreyastiwari31/asdid-484/asdid_484/target_spot/target_spot_402.jpg,target_spot,7,train
/kaggle/input/datasets/shreyastiwari31/asdid-484/asdid_484/target_spot/target_spot_774.jpg,target_spot,7,train
/kaggle/input/datasets/shreyastiwari31/asdid-484/asdid_484/target_spot/target_spot_248.jpg,target_spot,7,train
/kaggle/input/datasets/shreyastiwari31/asdid-484/asdid_484/target_spot/target_spot_556.jpg,target_spot,7,train
/kaggle/input/datasets/shreyastiwari31/asdid-484/asdid_484/target_spot/target_spot_18.jpg,target_spot,7,train
/kaggle/input/datasets/shreyastiwari31/asdid-484/asdid_484/target_spot/target_spot_291.jpg,target_spot,7,train
/kaggle/input/datasets/shreyastiwari31/asdid-484/asdid_484/target_spot/target_spot_238.jpg,target_spot,7,train
/kaggle/input/datasets/shreyastiwari31/asdid-484/asdid_484/target_spot/target_spot_82.jpg,target_spot,7,train
/kaggle/input/datasets/shreyastiwari31/asdid-484/asdid_484/target_spot/target_spot_1021.jpg,target_spot,7,train
/kaggle/input/datasets/shreyastiwari31/asdid-484/asdid_484/target_spot/target_spot_416.jpg,target_spot,7,train
/kaggle/input/datasets/shreyastiwari31/asdid-484/asdid_484/target_spot/target_spot_984.jpg,target_spot,7,train
/kaggle/input/datasets/shreyastiwari31/asdid-484/asdid_484/target_spot/target_spot_513.jpg,target_spot,7,train
/kaggle/input/datasets/shreyastiwari31/asdid-484/asdid_484/target_spot/target_spot_453.jpg,target_spot,7,train
/kaggle/input/datasets/shreyastiwari31/asdid-484/asdid_484/target_spot/target_spot_942.jpg,target_spot,7,train
/kaggle/input/datasets/shreyastiwari31/asdid-484/asdid_484/target_spot/target_spot_508.jpg,target_spot,7,train
/kaggle/input/datasets/shreyastiwari31/asdid-484/asdid_484/target_spot/target_spot_275.jpg,target_spot,7,train
/kaggle/input/datasets/shreyastiwari31/asdid-484/asdid_484/target_spot/target_spot_752.jpg,target_spot,7,train
/kaggle/input/datasets/shreyastiwari31/asdid-484/asdid_484/target_spot/target_spot_317.jpg,target_spot,7,train
/kaggle/input/datasets/shreyastiwari31/asdid-484/asdid_484/target_spot/target_spot_922.jpg,target_spot,7,train
/kaggle/input/datasets/shreyastiwari31/asdid-484/asdid_484/target_spot/target_spot_74.jpg,target_spot,7,train
/kaggle/input/datasets/shreyastiwari31/asdid-484/asdid_484/target_spot/target_spot_596.jpg,target_spot,7,train
/kaggle/input/datasets/shreyastiwari31/asdid-484/asdid_484/target_spot/target_spot_851.jpg,target_spot,7,train
/kaggle/input/datasets/shreyastiwari31/asdid-484/asdid_484/target_spot/target_spot_577.jpg,target_spot,7,train
/kaggle/input/datasets/shreyastiwari31/asdid-484/asdid_484/target_spot/target_spot_569.jpg,target_spot,7,train
/kaggle/input/datasets/shreyastiwari31/asdid-484/asdid_484/target_spot/target_spot_215.jpg,target_spot,7,train
/kaggle/input/datasets/shreyastiwari31/asdid-484/asdid_484/target_spot/target_spot_1007.jpg,target_spot,7,train
/kaggle/input/datasets/shreyastiwari31/asdid-484/asdid_484/target_spot/target_spot_677.jpg,target_spot,7,train
/kaggle/input/datasets/shreyastiwari31/asdid-484/asdid_484/target_spot/target_spot_738.jpg,target_spot,7,train
/kaggle/input/datasets/shreyastiwari31/asdid-484/asdid_484/target_spot/target_spot_763.jpg,target_spot,7,train
/kaggle/input/datasets/shreyastiwari31/asdid-484/asdid_484/target_spot/target_spot_725.jpg,target_spot,7,train
/kaggle/input/datasets/shreyastiwari31/asdid-484/asdid_484/target_spot/target_spot_971.jpg,target_spot,7,train
/kaggle/input/datasets/shreyastiwari31/asdid-484/asdid_484/target_spot/target_spot_1055.jpg,target_spot,7,train
/kaggle/input/datasets/shreyastiwari31/asdid-484/asdid_484/target_spot/target_spot_835.jpg,target_spot,7,train
/kaggle/input/datasets/shreyastiwari31/asdid-484/asdid_484/target_spot/target_spot_667.jpg,target_spot,7,train
/kaggle/input/datasets/shreyastiwari31/asdid-484/asdid_484/target_spot/target_spot_155.jpg,target_spot,7,train
/kaggle/input/datasets/shreyastiwari31/asdid-484/asdid_484/target_spot/target_spot_1025.jpg,target_spot,7,train
/kaggle/input/datasets/shreyastiwari31/asdid-484/asdid_484/target_spot/target_spot_182.jpg,target_spot,7,train
/kaggle/input/datasets/shreyastiwari31/asdid-484/asdid_484/target_spot/target_spot_996.jpg,target_spot,7,train
/kaggle/input/datasets/shreyastiwari31/asdid-484/asdid_484/target_spot/target_spot_890.jpg,target_spot,7,train
/kaggle/input/datasets/shreyastiwari31/asdid-484/asdid_484/target_spot/target_spot_292.jpg,target_spot,7,train
/kaggle/input/datasets/shreyastiwari31/asdid-484/asdid_484/target_spot/target_spot_458.jpg,target_spot,7,train
/kaggle/input/datasets/shreyastiwari31/asdid-484/asdid_484/target_spot/target_spot_51.jpg,target_spot,7,train
/kaggle/input/datasets/shreyastiwari31/asdid-484/asdid_484/target_spot/target_spot_779.jpg,target_spot,7,train
/kaggle/input/datasets/shreyastiwari31/asdid-484/asdid_484/target_spot/target_spot_185.jpg,target_spot,7,train
/kaggle/input/datasets/shreyastiwari31/asdid-484/asdid_484/target_spot/target_spot_373.jpg,target_spot,7,train
/kaggle/input/datasets/shreyastiwari31/asdid-484/asdid_484/target_spot/target_spot_1013.jpg,target_spot,7,train
/kaggle/input/datasets/shreyastiwari31/asdid-484/asdid_484/target_spot/target_spot_864.jpg,target_spot,7,train
/kaggle/input/datasets/shreyastiwari31/asdid-484/asdid_484/target_spot/target_spot_353.jpg,target_spot,7,train
/kaggle/input/datasets/shreyastiwari31/asdid-484/asdid_484/target_spot/target_spot_420.jpg,target_spot,7,train
/kaggle/input/datasets/shreyastiwari31/asdid-484/asdid_484/target_spot/target_spot_350.jpg,target_spot,7,train
/kaggle/input/datasets/shreyastiwari31/asdid-484/asdid_484/target_spot/target_spot_674.jpg,target_spot,7,train
/kaggle/input/datasets/shreyastiwari31/asdid-484/asdid_484/target_spot/target_spot_391.jpg,target_spot,7,train
/kaggle/input/datasets/shreyastiwari31/asdid-484/asdid_484/target_spot/target_spot_78.jpg,target_spot,7,train
/kaggle/input/datasets/shreyastiwari31/asdid-484/asdid_484/target_spot/target_spot_801.jpg,target_spot,7,train
/kaggle/input/datasets/shreyastiwari31/asdid-484/asdid_484/target_spot/target_spot_909.jpg,target_spot,7,train
/kaggle/input/datasets/shreyastiwari31/asdid-484/asdid_484/target_spot/target_spot_782.jpg,target_spot,7,train
/kaggle/input/datasets/shreyastiwari31/asdid-484/asdid_484/target_spot/target_spot_552.jpg,target_spot,7,train
/kaggle/input/datasets/shreyastiwari31/asdid-484/asdid_484/target_spot/target_spot_471.jpg,target_spot,7,train
/kaggle/input/datasets/shreyastiwari31/asdid-484/asdid_484/target_spot/target_spot_256.jpg,target_spot,7,train
/kaggle/input/datasets/shreyastiwari31/asdid-484/asdid_484/target_spot/target_spot_946.jpg,target_spot,7,train
/kaggle/input/datasets/shreyastiwari31/asdid-484/asdid_484/target_spot/target_spot_482.jpg,target_spot,7,train
/kaggle/input/datasets/shreyastiwari31/asdid-484/asdid_484/target_spot/target_spot_406.jpg,target_spot,7,train
/kaggle/input/datasets/shreyastiwari31/asdid-484/asdid_484/target_spot/target_spot_344.jpg,target_spot,7,train
/kaggle/input/datasets/shreyastiwari31/asdid-484/asdid_484/target_spot/target_spot_106.jpg,target_spot,7,train
/kaggle/input/datasets/shreyastiwari31/asdid-484/asdid_484/target_spot/target_spot_496.jpg,target_spot,7,train
/kaggle/input/datasets/shreyastiwari31/asdid-484/asdid_484/target_spot/target_spot_1043.jpg,target_spot,7,train
/kaggle/input/datasets/shreyastiwari31/asdid-484/asdid_484/target_spot/target_spot_481.jpg,target_spot,7,train
/kaggle/input/datasets/shreyastiwari31/asdid-484/asdid_484/target_spot/target_spot_141.jpg,target_spot,7,train
/kaggle/input/datasets/shreyastiwari31/asdid-484/asdid_484/target_spot/target_spot_506.jpg,target_spot,7,train
/kaggle/input/datasets/shreyastiwari31/asdid-484/asdid_484/target_spot/target_spot_591.jpg,target_spot,7,train
/kaggle/input/datasets/shreyastiwari31/asdid-484/asdid_484/target_spot/target_spot_357.jpg,target_spot,7,train
/kaggle/input/datasets/shreyastiwari31/asdid-484/asdid_484/target_spot/target_spot_714.jpg,target_spot,7,train
/kaggle/input/datasets/shreyastiwari31/asdid-484/asdid_484/target_spot/target_spot_641.jpg,target_spot,7,train
/kaggle/input/datasets/shreyastiwari31/asdid-484/asdid_484/target_spot/target_spot_921.jpg,target_spot,7,train
/kaggle/input/datasets/shreyastiwari31/asdid-484/asdid_484/target_spot/target_spot_928.jpg,target_spot,7,train
/kaggle/input/datasets/shreyastiwari31/asdid-484/asdid_484/target_spot/target_spot_838.jpg,target_spot,7,train
/kaggle/input/datasets/shreyastiwari31/asdid-484/asdid_484/target_spot/target_spot_561.jpg,target_spot,7,train
/kaggle/input/datasets/shreyastiwari31/asdid-484/asdid_484/target_spot/target_spot_207.jpg,target_spot,7,train
/kaggle/input/datasets/shreyastiwari31/asdid-484/asdid_484/target_spot/target_spot_817.jpg,target_spot,7,train
/kaggle/input/datasets/shreyastiwari31/asdid-484/asdid_484/target_spot/target_spot_636.jpg,target_spot,7,train
/kaggle/input/datasets/shreyastiwari31/asdid-484/asdid_484/target_spot/target_spot_370.jpg,target_spot,7,train
/kaggle/input/datasets/shreyastiwari31/asdid-484/asdid_484/target_spot/target_spot_847.jpg,target_spot,7,train
/kaggle/input/datasets/shreyastiwari31/asdid-484/asdid_484/target_spot/target_spot_503.jpg,target_spot,7,train
/kaggle/input/datasets/shreyastiwari31/asdid-484/asdid_484/target_spot/target_spot_329.jpg,target_spot,7,train
/kaggle/input/datasets/shreyastiwari31/asdid-484/asdid_484/target_spot/target_spot_3.jpg,target_spot,7,train
/kaggle/input/datasets/shreyastiwari31/asdid-484/asdid_484/target_spot/target_spot_103.jpg,target_spot,7,train
/kaggle/input/datasets/shreyastiwari31/asdid-484/asdid_484/target_spot/target_spot_1074.jpg,target_spot,7,train
/kaggle/input/datasets/shreyastiwari31/asdid-484/asdid_484/target_spot/target_spot_382.jpg,target_spot,7,train
/kaggle/input/datasets/shreyastiwari31/asdid-484/asdid_484/target_spot/target_spot_669.jpg,target_spot,7,train
/kaggle/input/datasets/shreyastiwari31/asdid-484/asdid_484/target_spot/target_spot_107.jpg,target_spot,7,train
/kaggle/input/datasets/shreyastiwari31/asdid-484/asdid_484/target_spot/target_spot_650.jpg,target_spot,7,train
/kaggle/input/datasets/shreyastiwari31/asdid-484/asdid_484/target_spot/target_spot_449.jpg,target_spot,7,train
/kaggle/input/datasets/shreyastiwari31/asdid-484/asdid_484/target_spot/target_spot_986.jpg,target_spot,7,train
/kaggle/input/datasets/shreyastiwari31/asdid-484/asdid_484/target_spot/target_spot_229.jpg,target_spot,7,train
/kaggle/input/datasets/shreyastiwari31/asdid-484/asdid_484/target_spot/target_spot_1071.jpg,target_spot,7,train
/kaggle/input/datasets/shreyastiwari31/asdid-484/asdid_484/target_spot/target_spot_184.jpg,target_spot,7,train
/kaggle/input/datasets/shreyastiwari31/asdid-484/asdid_484/target_spot/target_spot_223.jpg,target_spot,7,train
/kaggle/input/datasets/shreyastiwari31/asdid-484/asdid_484/target_spot/target_spot_580.jpg,target_spot,7,train
/kaggle/input/datasets/shreyastiwari31/asdid-484/asdid_484/target_spot/target_spot_700.jpg,target_spot,7,train
/kaggle/input/datasets/shreyastiwari31/asdid-484/asdid_484/target_spot/target_spot_547.jpg,target_spot,7,train
/kaggle/input/datasets/shreyastiwari31/asdid-484/asdid_484/target_spot/target_spot_638.jpg,target_spot,7,train
/kaggle/input/datasets/shreyastiwari31/asdid-484/asdid_484/target_spot/target_spot_784.jpg,target_spot,7,train
/kaggle/input/datasets/shreyastiwari31/asdid-484/asdid_484/target_spot/target_spot_104.jpg,target_spot,7,train
/kaggle/input/datasets/shreyastiwari31/asdid-484/asdid_484/target_spot/target_spot_231.jpg,target_spot,7,train
/kaggle/input/datasets/shreyastiwari31/asdid-484/asdid_484/target_spot/target_spot_79.jpg,target_spot,7,train
/kaggle/input/datasets/shreyastiwari31/asdid-484/asdid_484/target_spot/target_spot_1032.jpg,target_spot,7,train
/kaggle/input/datasets/shreyastiwari31/asdid-484/asdid_484/target_spot/target_spot_663.jpg,target_spot,7,train
/kaggle/input/datasets/shreyastiwari31/asdid-484/asdid_484/target_spot/target_spot_886.jpg,target_spot,7,train
/kaggle/input/datasets/shreyastiwari31/asdid-484/asdid_484/target_spot/target_spot_387.jpg,target_spot,7,train
/kaggle/input/datasets/shreyastiwari31/asdid-484/asdid_484/target_spot/target_spot_604.jpg,target_spot,7,train
/kaggle/input/datasets/shreyastiwari31/asdid-484/asdid_484/target_spot/target_spot_468.jpg,target_spot,7,train
/kaggle/input/datasets/shreyastiwari31/asdid-484/asdid_484/target_spot/target_spot_982.jpg,target_spot,7,train
/kaggle/input/datasets/shreyastiwari31/asdid-484/asdid_484/target_spot/target_spot_843.jpg,target_spot,7,train
/kaggle/input/datasets/shreyastiwari31/asdid-484/asdid_484/target_spot/target_spot_204.jpg,target_spot,7,train
/kaggle/input/datasets/shreyastiwari31/asdid-484/asdid_484/target_spot/target_spot_94.jpg,target_spot,7,train
/kaggle/input/datasets/shreyastiwari31/asdid-484/asdid_484/target_spot/target_spot_505.jpg,target_spot,7,train
/kaggle/input/datasets/shreyastiwari31/asdid-484/asdid_484/target_spot/target_spot_1003.jpg,target_spot,7,train
/kaggle/input/datasets/shreyastiwari31/asdid-484/asdid_484/target_spot/target_spot_261.jpg,target_spot,7,train
/kaggle/input/datasets/shreyastiwari31/asdid-484/asdid_484/target_spot/target_spot_383.jpg,target_spot,7,train
/kaggle/input/datasets/shreyastiwari31/asdid-484/asdid_484/target_spot/target_spot_294.jpg,target_spot,7,train
/kaggle/input/datasets/shreyastiwari31/asdid-484/asdid_484/target_spot/target_spot_791.jpg,target_spot,7,train
/kaggle/input/datasets/shreyastiwari31/asdid-484/asdid_484/target_spot/target_spot_345.jpg,target_spot,7,train
/kaggle/input/datasets/shreyastiwari31/asdid-484/asdid_484/target_spot/target_spot_1069.jpg,target_spot,7,train
/kaggle/input/datasets/shreyastiwari31/asdid-484/asdid_484/target_spot/target_spot_1035.jpg,target_spot,7,train
/kaggle/input/datasets/shreyastiwari31/asdid-484/asdid_484/target_spot/target_spot_925.jpg,target_spot,7,train
/kaggle/input/datasets/shreyastiwari31/asdid-484/asdid_484/target_spot/target_spot_139.jpg,target_spot,7,train
/kaggle/input/datasets/shreyastiwari31/asdid-484/asdid_484/target_spot/target_spot_609.jpg,target_spot,7,train
/kaggle/input/datasets/shreyastiwari31/asdid-484/asdid_484/target_spot/target_spot_590.jpg,target_spot,7,train
/kaggle/input/datasets/shreyastiwari31/asdid-484/asdid_484/target_spot/target_spot_953.jpg,target_spot,7,train
/kaggle/input/datasets/shreyastiwari31/asdid-484/asdid_484/target_spot/target_spot_119.jpg,target_spot,7,train
/kaggle/input/datasets/shreyastiwari31/asdid-484/asdid_484/target_spot/target_spot_706.jpg,target_spot,7,train
/kaggle/input/datasets/shreyastiwari31/asdid-484/asdid_484/target_spot/target_spot_273.jpg,target_spot,7,train
/kaggle/input/datasets/shreyastiwari31/asdid-484/asdid_484/target_spot/target_spot_924.jpg,target_spot,7,train
/kaggle/input/datasets/shreyastiwari31/asdid-484/asdid_484/target_spot/target_spot_436.jpg,target_spot,7,train
/kaggle/input/datasets/shreyastiwari31/asdid-484/asdid_484/target_spot/target_spot_1046.jpg,target_spot,7,train
/kaggle/input/datasets/shreyastiwari31/asdid-484/asdid_484/target_spot/target_spot_722.jpg,target_spot,7,train
/kaggle/input/datasets/shreyastiwari31/asdid-484/asdid_484/target_spot/target_spot_41.jpg,target_spot,7,train
/kaggle/input/datasets/shreyastiwari31/asdid-484/asdid_484/target_spot/target_spot_823.jpg,target_spot,7,train
/kaggle/input/datasets/shreyastiwari31/asdid-484/asdid_484/target_spot/target_spot_286.jpg,target_spot,7,train
/kaggle/input/datasets/shreyastiwari31/asdid-484/asdid_484/target_spot/target_spot_400.jpg,target_spot,7,train
/kaggle/input/datasets/shreyastiwari31/asdid-484/asdid_484/target_spot/target_spot_97.jpg,target_spot,7,train
/kaggle/input/datasets/shreyastiwari31/asdid-484/asdid_484/target_spot/target_spot_812.jpg,target_spot,7,train
/kaggle/input/datasets/shreyastiwari31/asdid-484/asdid_484/target_spot/target_spot_192.jpg,target_spot,7,train
/kaggle/input/datasets/shreyastiwari31/asdid-484/asdid_484/target_spot/target_spot_352.jpg,target_spot,7,train
/kaggle/input/datasets/shreyastiwari31/asdid-484/asdid_484/target_spot/target_spot_671.jpg,target_spot,7,train
/kaggle/input/datasets/shreyastiwari31/asdid-484/asdid_484/target_spot/target_spot_24.jpg,target_spot,7,train
/kaggle/input/datasets/shreyastiwari31/asdid-484/asdid_484/target_spot/target_spot_684.jpg,target_spot,7,train
/kaggle/input/datasets/shreyastiwari31/asdid-484/asdid_484/target_spot/target_spot_1001.jpg,target_spot,7,train
/kaggle/input/datasets/shreyastiwari31/asdid-484/asdid_484/target_spot/target_spot_488.jpg,target_spot,7,train
/kaggle/input/datasets/shreyastiwari31/asdid-484/asdid_484/target_spot/target_spot_775.jpg,target_spot,7,train
/kaggle/input/datasets/shreyastiwari31/asdid-484/asdid_484/target_spot/target_spot_191.jpg,target_spot,7,train
/kaggle/input/datasets/shreyastiwari31/asdid-484/asdid_484/target_spot/target_spot_158.jpg,target_spot,7,train
/kaggle/input/datasets/shreyastiwari31/asdid-484/asdid_484/target_spot/target_spot_1016.jpg,target_spot,7,train
/kaggle/input/datasets/shreyastiwari31/asdid-484/asdid_484/target_spot/target_spot_490.jpg,target_spot,7,train
/kaggle/input/datasets/shreyastiwari31/asdid-484/asdid_484/target_spot/target_spot_13.jpg,target_spot,7,train
/kaggle/input/datasets/shreyastiwari31/asdid-484/asdid_484/target_spot/target_spot_1040.jpg,target_spot,7,train
/kaggle/input/datasets/shreyastiwari31/asdid-484/asdid_484/target_spot/target_spot_1042.jpg,target_spot,7,train
/kaggle/input/datasets/shreyastiwari31/asdid-484/asdid_484/target_spot/target_spot_384.jpg,target_spot,7,train
/kaggle/input/datasets/shreyastiwari31/asdid-484/asdid_484/target_spot/target_spot_86.jpg,target_spot,7,train
/kaggle/input/datasets/shreyastiwari31/asdid-484/asdid_484/target_spot/target_spot_163.jpg,target_spot,7,train
/kaggle/input/datasets/shreyastiwari31/asdid-484/asdid_484/target_spot/target_spot_588.jpg,target_spot,7,train
/kaggle/input/datasets/shreyastiwari31/asdid-484/asdid_484/target_spot/target_spot_381.jpg,target_spot,7,train
/kaggle/input/datasets/shreyastiwari31/asdid-484/asdid_484/target_spot/target_spot_333.jpg,target_spot,7,train
/kaggle/input/datasets/shreyastiwari31/asdid-484/asdid_484/target_spot/target_spot_695.jpg,target_spot,7,train
/kaggle/input/datasets/shreyastiwari31/asdid-484/asdid_484/target_spot/target_spot_718.jpg,target_spot,7,train
/kaggle/input/datasets/shreyastiwari31/asdid-484/asdid_484/target_spot/target_spot_799.jpg,target_spot,7,train
/kaggle/input/datasets/shreyastiwari31/asdid-484/asdid_484/target_spot/target_spot_251.jpg,target_spot,7,train
/kaggle/input/datasets/shreyastiwari31/asdid-484/asdid_484/target_spot/target_spot_84.jpg,target_spot,7,train
/kaggle/input/datasets/shreyastiwari31/asdid-484/asdid_484/target_spot/target_spot_773.jpg,target_spot,7,train
/kaggle/input/datasets/shreyastiwari31/asdid-484/asdid_484/target_spot/target_spot_438.jpg,target_spot,7,train
/kaggle/input/datasets/shreyastiwari31/asdid-484/asdid_484/target_spot/target_spot_576.jpg,target_spot,7,train
/kaggle/input/datasets/shreyastiwari31/asdid-484/asdid_484/target_spot/target_spot_1067.jpg,target_spot,7,train
/kaggle/input/datasets/shreyastiwari31/asdid-484/asdid_484/target_spot/target_spot_862.jpg,target_spot,7,train
/kaggle/input/datasets/shreyastiwari31/asdid-484/asdid_484/target_spot/target_spot_806.jpg,target_spot,7,train
/kaggle/input/datasets/shreyastiwari31/asdid-484/asdid_484/target_spot/target_spot_64.jpg,target_spot,7,train
/kaggle/input/datasets/shreyastiwari31/asdid-484/asdid_484/target_spot/target_spot_1002.jpg,target_spot,7,train
/kaggle/input/datasets/shreyastiwari31/asdid-484/asdid_484/target_spot/target_spot_611.jpg,target_spot,7,train
/kaggle/input/datasets/shreyastiwari31/asdid-484/asdid_484/target_spot/target_spot_372.jpg,target_spot,7,train
/kaggle/input/datasets/shreyastiwari31/asdid-484/asdid_484/target_spot/target_spot_900.jpg,target_spot,7,train
/kaggle/input/datasets/shreyastiwari31/asdid-484/asdid_484/target_spot/target_spot_485.jpg,target_spot,7,train
/kaggle/input/datasets/shreyastiwari31/asdid-484/asdid_484/target_spot/target_spot_408.jpg,target_spot,7,train
/kaggle/input/datasets/shreyastiwari31/asdid-484/asdid_484/target_spot/target_spot_320.jpg,target_spot,7,train
/kaggle/input/datasets/shreyastiwari31/asdid-484/asdid_484/target_spot/target_spot_681.jpg,target_spot,7,train
/kaggle/input/datasets/shreyastiwari31/asdid-484/asdid_484/target_spot/target_spot_442.jpg,target_spot,7,train
/kaggle/input/datasets/shreyastiwari31/asdid-484/asdid_484/target_spot/target_spot_121.jpg,target_spot,7,train
/kaggle/input/datasets/shreyastiwari31/asdid-484/asdid_484/target_spot/target_spot_1079.jpg,target_spot,7,train
/kaggle/input/datasets/shreyastiwari31/asdid-484/asdid_484/target_spot/target_spot_484.jpg,target_spot,7,train
/kaggle/input/datasets/shreyastiwari31/asdid-484/asdid_484/target_spot/target_spot_413.jpg,target_spot,7,train
/kaggle/input/datasets/shreyastiwari31/asdid-484/asdid_484/target_spot/target_spot_837.jpg,target_spot,7,train
/kaggle/input/datasets/shreyastiwari31/asdid-484/asdid_484/target_spot/target_spot_787.jpg,target_spot,7,train
/kaggle/input/datasets/shreyastiwari31/asdid-484/asdid_484/target_spot/target_spot_608.jpg,target_spot,7,train
/kaggle/input/datasets/shreyastiwari31/asdid-484/asdid_484/target_spot/target_spot_919.jpg,target_spot,7,train
/kaggle/input/datasets/shreyastiwari31/asdid-484/asdid_484/target_spot/target_spot_831.jpg,target_spot,7,train
/kaggle/input/datasets/shreyastiwari31/asdid-484/asdid_484/target_spot/target_spot_435.jpg,target_spot,7,train
/kaggle/input/datasets/shreyastiwari31/asdid-484/asdid_484/target_spot/target_spot_764.jpg,target_spot,7,train
/kaggle/input/datasets/shreyastiwari31/asdid-484/asdid_484/target_spot/target_spot_368.jpg,target_spot,7,train
/kaggle/input/datasets/shreyastiwari31/asdid-484/asdid_484/target_spot/target_spot_180.jpg,target_spot,7,train
/kaggle/input/datasets/shreyastiwari31/asdid-484/asdid_484/target_spot/target_spot_284.jpg,target_spot,7,train
/kaggle/input/datasets/shreyastiwari31/asdid-484/asdid_484/target_spot/target_spot_164.jpg,target_spot,7,train
/kaggle/input/datasets/shreyastiwari31/asdid-484/asdid_484/target_spot/target_spot_159.jpg,target_spot,7,train
/kaggle/input/datasets/shreyastiwari31/asdid-484/asdid_484/target_spot/target_spot_32.jpg,target_spot,7,train
/kaggle/input/datasets/shreyastiwari31/asdid-484/asdid_484/target_spot/target_spot_93.jpg,target_spot,7,train
/kaggle/input/datasets/shreyastiwari31/asdid-484/asdid_484/target_spot/target_spot_452.jpg,target_spot,7,train
/kaggle/input/datasets/shreyastiwari31/asdid-484/asdid_484/target_spot/target_spot_854.jpg,target_spot,7,train
/kaggle/input/datasets/shreyastiwari31/asdid-484/asdid_484/target_spot/target_spot_127.jpg,target_spot,7,train
/kaggle/input/datasets/shreyastiwari31/asdid-484/asdid_484/target_spot/target_spot_553.jpg,target_spot,7,train
/kaggle/input/datasets/shreyastiwari31/asdid-484/asdid_484/target_spot/target_spot_304.jpg,target_spot,7,train
/kaggle/input/datasets/shreyastiwari31/asdid-484/asdid_484/target_spot/target_spot_80.jpg,target_spot,7,train
/kaggle/input/datasets/shreyastiwari31/asdid-484/asdid_484/target_spot/target_spot_34.jpg,target_spot,7,train
/kaggle/input/datasets/shreyastiwari31/asdid-484/asdid_484/target_spot/target_spot_816.jpg,target_spot,7,train
/kaggle/input/datasets/shreyastiwari31/asdid-484/asdid_484/target_spot/target_spot_369.jpg,target_spot,7,train
/kaggle/input/datasets/shreyastiwari31/asdid-484/asdid_484/target_spot/target_spot_807.jpg,target_spot,7,train
/kaggle/input/datasets/shreyastiwari31/asdid-484/asdid_484/target_spot/target_spot_810.jpg,target_spot,7,train
/kaggle/input/datasets/shreyastiwari31/asdid-484/asdid_484/target_spot/target_spot_911.jpg,target_spot,7,val
/kaggle/input/datasets/shreyastiwari31/asdid-484/asdid_484/target_spot/target_spot_322.jpg,target_spot,7,val
/kaggle/input/datasets/shreyastiwari31/asdid-484/asdid_484/target_spot/target_spot_572.jpg,target_spot,7,val
/kaggle/input/datasets/shreyastiwari31/asdid-484/asdid_484/target_spot/target_spot_732.jpg,target_spot,7,val
/kaggle/input/datasets/shreyastiwari31/asdid-484/asdid_484/target_spot/target_spot_600.jpg,target_spot,7,val
/kaggle/input/datasets/shreyastiwari31/asdid-484/asdid_484/target_spot/target_spot_1058.jpg,target_spot,7,val
/kaggle/input/datasets/shreyastiwari31/asdid-484/asdid_484/target_spot/target_spot_715.jpg,target_spot,7,val
/kaggle/input/datasets/shreyastiwari31/asdid-484/asdid_484/target_spot/target_spot_242.jpg,target_spot,7,val
/kaggle/input/datasets/shreyastiwari31/asdid-484/asdid_484/target_spot/target_spot_880.jpg,target_spot,7,val
/kaggle/input/datasets/shreyastiwari31/asdid-484/asdid_484/target_spot/target_spot_656.jpg,target_spot,7,val
/kaggle/input/datasets/shreyastiwari31/asdid-484/asdid_484/target_spot/target_spot_199.jpg,target_spot,7,val
/kaggle/input/datasets/shreyastiwari31/asdid-484/asdid_484/target_spot/target_spot_467.jpg,target_spot,7,val
/kaggle/input/datasets/shreyastiwari31/asdid-484/asdid_484/target_spot/target_spot_670.jpg,target_spot,7,val
/kaggle/input/datasets/shreyastiwari31/asdid-484/asdid_484/target_spot/target_spot_975.jpg,target_spot,7,val
/kaggle/input/datasets/shreyastiwari31/asdid-484/asdid_484/target_spot/target_spot_389.jpg,target_spot,7,val
/kaggle/input/datasets/shreyastiwari31/asdid-484/asdid_484/target_spot/target_spot_727.jpg,target_spot,7,val
/kaggle/input/datasets/shreyastiwari31/asdid-484/asdid_484/target_spot/target_spot_621.jpg,target_spot,7,val
/kaggle/input/datasets/shreyastiwari31/asdid-484/asdid_484/target_spot/target_spot_25.jpg,target_spot,7,val
/kaggle/input/datasets/shreyastiwari31/asdid-484/asdid_484/target_spot/target_spot_277.jpg,target_spot,7,val
/kaggle/input/datasets/shreyastiwari31/asdid-484/asdid_484/target_spot/target_spot_927.jpg,target_spot,7,val
/kaggle/input/datasets/shreyastiwari31/asdid-484/asdid_484/target_spot/target_spot_472.jpg,target_spot,7,val
/kaggle/input/datasets/shreyastiwari31/asdid-484/asdid_484/target_spot/target_spot_116.jpg,target_spot,7,val
/kaggle/input/datasets/shreyastiwari31/asdid-484/asdid_484/target_spot/target_spot_961.jpg,target_spot,7,val
/kaggle/input/datasets/shreyastiwari31/asdid-484/asdid_484/target_spot/target_spot_989.jpg,target_spot,7,val
/kaggle/input/datasets/shreyastiwari31/asdid-484/asdid_484/target_spot/target_spot_87.jpg,target_spot,7,val
/kaggle/input/datasets/shreyastiwari31/asdid-484/asdid_484/target_spot/target_spot_814.jpg,target_spot,7,val
/kaggle/input/datasets/shreyastiwari31/asdid-484/asdid_484/target_spot/target_spot_937.jpg,target_spot,7,val
/kaggle/input/datasets/shreyastiwari31/asdid-484/asdid_484/target_spot/target_spot_283.jpg,target_spot,7,val
/kaggle/input/datasets/shreyastiwari31/asdid-484/asdid_484/target_spot/target_spot_938.jpg,target_spot,7,val
/kaggle/input/datasets/shreyastiwari31/asdid-484/asdid_484/target_spot/target_spot_133.jpg,target_spot,7,val
/kaggle/input/datasets/shreyastiwari31/asdid-484/asdid_484/target_spot/target_spot_464.jpg,target_spot,7,val
/kaggle/input/datasets/shreyastiwari31/asdid-484/asdid_484/target_spot/target_spot_259.jpg,target_spot,7,val
/kaggle/input/datasets/shreyastiwari31/asdid-484/asdid_484/target_spot/target_spot_586.jpg,target_spot,7,val
/kaggle/input/datasets/shreyastiwari31/asdid-484/asdid_484/target_spot/target_spot_475.jpg,target_spot,7,val
/kaggle/input/datasets/shreyastiwari31/asdid-484/asdid_484/target_spot/target_spot_770.jpg,target_spot,7,val
/kaggle/input/datasets/shreyastiwari31/asdid-484/asdid_484/target_spot/target_spot_1038.jpg,target_spot,7,val
/kaggle/input/datasets/shreyastiwari31/asdid-484/asdid_484/target_spot/target_spot_581.jpg,target_spot,7,val
/kaggle/input/datasets/shreyastiwari31/asdid-484/asdid_484/target_spot/target_spot_407.jpg,target_spot,7,val
/kaggle/input/datasets/shreyastiwari31/asdid-484/asdid_484/target_spot/target_spot_582.jpg,target_spot,7,val
/kaggle/input/datasets/shreyastiwari31/asdid-484/asdid_484/target_spot/target_spot_307.jpg,target_spot,7,val
/kaggle/input/datasets/shreyastiwari31/asdid-484/asdid_484/target_spot/target_spot_966.jpg,target_spot,7,val
/kaggle/input/datasets/shreyastiwari31/asdid-484/asdid_484/target_spot/target_spot_605.jpg,target_spot,7,val
/kaggle/input/datasets/shreyastiwari31/asdid-484/asdid_484/target_spot/target_spot_148.jpg,target_spot,7,val
/kaggle/input/datasets/shreyastiwari31/asdid-484/asdid_484/target_spot/target_spot_917.jpg,target_spot,7,val
/kaggle/input/datasets/shreyastiwari31/asdid-484/asdid_484/target_spot/target_spot_589.jpg,target_spot,7,val
/kaggle/input/datasets/shreyastiwari31/asdid-484/asdid_484/target_spot/target_spot_844.jpg,target_spot,7,val
/kaggle/input/datasets/shreyastiwari31/asdid-484/asdid_484/target_spot/target_spot_790.jpg,target_spot,7,val
/kaggle/input/datasets/shreyastiwari31/asdid-484/asdid_484/target_spot/target_spot_821.jpg,target_spot,7,val
/kaggle/input/datasets/shreyastiwari31/asdid-484/asdid_484/target_spot/target_spot_949.jpg,target_spot,7,val
/kaggle/input/datasets/shreyastiwari31/asdid-484/asdid_484/target_spot/target_spot_200.jpg,target_spot,7,val
/kaggle/input/datasets/shreyastiwari31/asdid-484/asdid_484/target_spot/target_spot_882.jpg,target_spot,7,val
/kaggle/input/datasets/shreyastiwari31/asdid-484/asdid_484/target_spot/target_spot_898.jpg,target_spot,7,val
/kaggle/input/datasets/shreyastiwari31/asdid-484/asdid_484/target_spot/target_spot_263.jpg,target_spot,7,val
/kaggle/input/datasets/shreyastiwari31/asdid-484/asdid_484/target_spot/target_spot_318.jpg,target_spot,7,val
/kaggle/input/datasets/shreyastiwari31/asdid-484/asdid_484/target_spot/target_spot_1029.jpg,target_spot,7,val
/kaggle/input/datasets/shreyastiwari31/asdid-484/asdid_484/target_spot/target_spot_340.jpg,target_spot,7,val
/kaggle/input/datasets/shreyastiwari31/asdid-484/asdid_484/target_spot/target_spot_260.jpg,target_spot,7,val
/kaggle/input/datasets/shreyastiwari31/asdid-484/asdid_484/target_spot/target_spot_809.jpg,target_spot,7,val
/kaggle/input/datasets/shreyastiwari31/asdid-484/asdid_484/target_spot/target_spot_1028.jpg,target_spot,7,val
/kaggle/input/datasets/shreyastiwari31/asdid-484/asdid_484/target_spot/target_spot_6.jpg,target_spot,7,val
/kaggle/input/datasets/shreyastiwari31/asdid-484/asdid_484/target_spot/target_spot_112.jpg,target_spot,7,val
/kaggle/input/datasets/shreyastiwari31/asdid-484/asdid_484/target_spot/target_spot_885.jpg,target_spot,7,val
/kaggle/input/datasets/shreyastiwari31/asdid-484/asdid_484/target_spot/target_spot_883.jpg,target_spot,7,val
/kaggle/input/datasets/shreyastiwari31/asdid-484/asdid_484/target_spot/target_spot_48.jpg,target_spot,7,val
/kaggle/input/datasets/shreyastiwari31/asdid-484/asdid_484/target_spot/target_spot_758.jpg,target_spot,7,val
/kaggle/input/datasets/shreyastiwari31/asdid-484/asdid_484/target_spot/target_spot_455.jpg,target_spot,7,val
/kaggle/input/datasets/shreyastiwari31/asdid-484/asdid_484/target_spot/target_spot_524.jpg,target_spot,7,val
/kaggle/input/datasets/shreyastiwari31/asdid-484/asdid_484/target_spot/target_spot_724.jpg,target_spot,7,val
/kaggle/input/datasets/shreyastiwari31/asdid-484/asdid_484/target_spot/target_spot_450.jpg,target_spot,7,val
/kaggle/input/datasets/shreyastiwari31/asdid-484/asdid_484/target_spot/target_spot_529.jpg,target_spot,7,val
/kaggle/input/datasets/shreyastiwari31/asdid-484/asdid_484/target_spot/target_spot_685.jpg,target_spot,7,val
/kaggle/input/datasets/shreyastiwari31/asdid-484/asdid_484/target_spot/target_spot_543.jpg,target_spot,7,val
/kaggle/input/datasets/shreyastiwari31/asdid-484/asdid_484/target_spot/target_spot_595.jpg,target_spot,7,val
/kaggle/input/datasets/shreyastiwari31/asdid-484/asdid_484/target_spot/target_spot_905.jpg,target_spot,7,test
/kaggle/input/datasets/shreyastiwari31/asdid-484/asdid_484/target_spot/target_spot_233.jpg,target_spot,7,test
/kaggle/input/datasets/shreyastiwari31/asdid-484/asdid_484/target_spot/target_spot_167.jpg,target_spot,7,test
/kaggle/input/datasets/shreyastiwari31/asdid-484/asdid_484/target_spot/target_spot_515.jpg,target_spot,7,test
/kaggle/input/datasets/shreyastiwari31/asdid-484/asdid_484/target_spot/target_spot_1010.jpg,target_spot,7,test
/kaggle/input/datasets/shreyastiwari31/asdid-484/asdid_484/target_spot/target_spot_399.jpg,target_spot,7,test
/kaggle/input/datasets/shreyastiwari31/asdid-484/asdid_484/target_spot/target_spot_1049.jpg,target_spot,7,test
/kaggle/input/datasets/shreyastiwari31/asdid-484/asdid_484/target_spot/target_spot_662.jpg,target_spot,7,test
/kaggle/input/datasets/shreyastiwari31/asdid-484/asdid_484/target_spot/target_spot_483.jpg,target_spot,7,test
/kaggle/input/datasets/shreyastiwari31/asdid-484/asdid_484/target_spot/target_spot_364.jpg,target_spot,7,test
/kaggle/input/datasets/shreyastiwari31/asdid-484/asdid_484/target_spot/target_spot_901.jpg,target_spot,7,test
/kaggle/input/datasets/shreyastiwari31/asdid-484/asdid_484/target_spot/target_spot_171.jpg,target_spot,7,test
/kaggle/input/datasets/shreyastiwari31/asdid-484/asdid_484/target_spot/target_spot_336.jpg,target_spot,7,test
/kaggle/input/datasets/shreyastiwari31/asdid-484/asdid_484/target_spot/target_spot_985.jpg,target_spot,7,test
/kaggle/input/datasets/shreyastiwari31/asdid-484/asdid_484/target_spot/target_spot_2.jpg,target_spot,7,test
/kaggle/input/datasets/shreyastiwari31/asdid-484/asdid_484/target_spot/target_spot_592.jpg,target_spot,7,test
/kaggle/input/datasets/shreyastiwari31/asdid-484/asdid_484/target_spot/target_spot_945.jpg,target_spot,7,test
/kaggle/input/datasets/shreyastiwari31/asdid-484/asdid_484/target_spot/target_spot_68.jpg,target_spot,7,test
/kaggle/input/datasets/shreyastiwari31/asdid-484/asdid_484/target_spot/target_spot_920.jpg,target_spot,7,test
/kaggle/input/datasets/shreyastiwari31/asdid-484/asdid_484/target_spot/target_spot_58.jpg,target_spot,7,test
/kaggle/input/datasets/shreyastiwari31/asdid-484/asdid_484/target_spot/target_spot_673.jpg,target_spot,7,test
/kaggle/input/datasets/shreyastiwari31/asdid-484/asdid_484/target_spot/target_spot_518.jpg,target_spot,7,test
/kaggle/input/datasets/shreyastiwari31/asdid-484/asdid_484/target_spot/target_spot_224.jpg,target_spot,7,test
/kaggle/input/datasets/shreyastiwari31/asdid-484/asdid_484/target_spot/target_spot_462.jpg,target_spot,7,test
/kaggle/input/datasets/shreyastiwari31/asdid-484/asdid_484/target_spot/target_spot_423.jpg,target_spot,7,test
/kaggle/input/datasets/shreyastiwari31/asdid-484/asdid_484/target_spot/target_spot_606.jpg,target_spot,7,test
/kaggle/input/datasets/shreyastiwari31/asdid-484/asdid_484/target_spot/target_spot_17.jpg,target_spot,7,test
/kaggle/input/datasets/shreyastiwari31/asdid-484/asdid_484/target_spot/target_spot_979.jpg,target_spot,7,test
/kaggle/input/datasets/shreyastiwari31/asdid-484/asdid_484/target_spot/target_spot_46.jpg,target_spot,7,test
/kaggle/input/datasets/shreyastiwari31/asdid-484/asdid_484/target_spot/target_spot_978.jpg,target_spot,7,test
/kaggle/input/datasets/shreyastiwari31/asdid-484/asdid_484/target_spot/target_spot_55.jpg,target_spot,7,test
/kaggle/input/datasets/shreyastiwari31/asdid-484/asdid_484/target_spot/target_spot_173.jpg,target_spot,7,test
/kaggle/input/datasets/shreyastiwari31/asdid-484/asdid_484/target_spot/target_spot_739.jpg,target_spot,7,test
/kaggle/input/datasets/shreyastiwari31/asdid-484/asdid_484/target_spot/target_spot_410.jpg,target_spot,7,test
/kaggle/input/datasets/shreyastiwari31/asdid-484/asdid_484/target_spot/target_spot_217.jpg,target_spot,7,test
/kaggle/input/datasets/shreyastiwari31/asdid-484/asdid_484/target_spot/target_spot_150.jpg,target_spot,7,test
/kaggle/input/datasets/shreyastiwari31/asdid-484/asdid_484/target_spot/target_spot_354.jpg,target_spot,7,test
/kaggle/input/datasets/shreyastiwari31/asdid-484/asdid_484/target_spot/target_spot_278.jpg,target_spot,7,test
/kaggle/input/datasets/shreyastiwari31/asdid-484/asdid_484/target_spot/target_spot_151.jpg,target_spot,7,test
/kaggle/input/datasets/shreyastiwari31/asdid-484/asdid_484/target_spot/target_spot_98.jpg,target_spot,7,test
/kaggle/input/datasets/shreyastiwari31/asdid-484/asdid_484/target_spot/target_spot_165.jpg,target_spot,7,test
/kaggle/input/datasets/shreyastiwari31/asdid-484/asdid_484/target_spot/target_spot_940.jpg,target_spot,7,test
/kaggle/input/datasets/shreyastiwari31/asdid-484/asdid_484/target_spot/target_spot_113.jpg,target_spot,7,test
/kaggle/input/datasets/shreyastiwari31/asdid-484/asdid_484/target_spot/target_spot_623.jpg,target_spot,7,test
/kaggle/input/datasets/shreyastiwari31/asdid-484/asdid_484/target_spot/target_spot_651.jpg,target_spot,7,test
/kaggle/input/datasets/shreyastiwari31/asdid-484/asdid_484/target_spot/target_spot_35.jpg,target_spot,7,test
/kaggle/input/datasets/shreyastiwari31/asdid-484/asdid_484/target_spot/target_spot_845.jpg,target_spot,7,test
/kaggle/input/datasets/shreyastiwari31/asdid-484/asdid_484/target_spot/target_spot_754.jpg,target_spot,7,test
/kaggle/input/datasets/shreyastiwari31/asdid-484/asdid_484/target_spot/target_spot_71.jpg,target_spot,7,test
/kaggle/input/datasets/shreyastiwari31/asdid-484/asdid_484/target_spot/target_spot_860.jpg,target_spot,7,test
/kaggle/input/datasets/shreyastiwari31/asdid-484/asdid_484/target_spot/target_spot_205.jpg,target_spot,7,test
/kaggle/input/datasets/shreyastiwari31/asdid-484/asdid_484/target_spot/target_spot_660.jpg,target_spot,7,test
/kaggle/input/datasets/shreyastiwari31/asdid-484/asdid_484/target_spot/target_spot_991.jpg,target_spot,7,test
/kaggle/input/datasets/shreyastiwari31/asdid-484/asdid_484/target_spot/target_spot_9.jpg,target_spot,7,test
/kaggle/input/datasets/shreyastiwari31/asdid-484/asdid_484/target_spot/target_spot_39.jpg,target_spot,7,test
/kaggle/input/datasets/shreyastiwari31/asdid-484/asdid_484/target_spot/target_spot_388.jpg,target_spot,7,test
/kaggle/input/datasets/shreyastiwari31/asdid-484/asdid_484/target_spot/target_spot_99.jpg,target_spot,7,test
/kaggle/input/datasets/shreyastiwari31/asdid-484/asdid_484/target_spot/target_spot_619.jpg,target_spot,7,test
/kaggle/input/datasets/shreyastiwari31/asdid-484/asdid_484/target_spot/target_spot_434.jpg,target_spot,7,test
/kaggle/input/datasets/shreyastiwari31/asdid-484/asdid_484/target_spot/target_spot_647.jpg,target_spot,7,test
/kaggle/input/datasets/shreyastiwari31/asdid-484/asdid_484/target_spot/target_spot_43.jpg,target_spot,7,test
/kaggle/input/datasets/shreyastiwari31/asdid-484/asdid_484/target_spot/target_spot_629.jpg,target_spot,7,test
/kaggle/input/datasets/shreyastiwari31/asdid-484/asdid_484/target_spot/target_spot_363.jpg,target_spot,7,test
/kaggle/input/datasets/shreyastiwari31/asdid-484/asdid_484/target_spot/target_spot_675.jpg,target_spot,7,test
/kaggle/input/datasets/shreyastiwari31/asdid-484/asdid_484/target_spot/target_spot_570.jpg,target_spot,7,test
/kaggle/input/datasets/shreyastiwari31/asdid-484/asdid_484/target_spot/target_spot_519.jpg,target_spot,7,test
/kaggle/input/datasets/shreyastiwari31/asdid-484/asdid_484/target_spot/target_spot_914.jpg,target_spot,7,test
/kaggle/input/datasets/shreyastiwari31/asdid-484/asdid_484/target_spot/target_spot_709.jpg,target_spot,7,test
/kaggle/input/datasets/shreyastiwari31/asdid-484/asdid_484/target_spot/target_spot_297.jpg,target_spot,7,test
/kaggle/input/datasets/shreyastiwari31/asdid-484/asdid_484/target_spot/target_spot_15.jpg,target_spot,7,test
/kaggle/input/datasets/shreyastiwari31/asdid-484/asdid_484/target_spot/target_spot_49.jpg,target_spot,7,test
/kaggle/input/datasets/shreyastiwari31/asdid-484/asdid_484/target_spot/target_spot_234.jpg,target_spot,7,test
